Timestamp,FPS,Delay_ms,TrackedFeatures,Pose_X,Pose_Z
21:50:16.818,0.7,1205.1,0,0.0000,0.0000
21:50:16.927,8.1,81.2,306,0.2380,-0.9676
21:50:17.052,8.0,122.5,391,0.1905,-1.9663
21:50:17.132,12.6,77.4,390,-0.7321,-2.3521
21:50:17.230,10.2,96.0,407,-1.7259,-2.2431
21:50:17.329,10.1,96.5,420,-0.9047,-2.8117
21:50:17.439,9.1,107.8,446,-0.0112,-3.2608
21:50:17.542,9.6,101.4,455,-0.0698,-4.2591
21:50:17.638,10.4,92.5,452,-0.0693,-5.2541
21:50:17.737,10.1,96.8,450,-0.6094,-6.0941
21:50:17.826,11.3,86.4,463,-1.1414,-6.9408
21:50:17.926,10.0,97.8,487,-0.4271,-7.6388
21:50:18.013,11.5,85.1,500,-0.0216,-6.7248
21:50:18.090,13.0,74.7,500,0.7111,-6.0443
21:50:18.141,19.4,49.5,518,1.2222,-5.1848
21:50:18.203,16.3,48.9,517,1.7311,-4.3274
21:50:18.254,19.6,48.0,517,2.2233,-3.4579
21:50:18.293,25.5,36.8,516,2.5721,-2.5398
21:50:18.337,22.8,40.1,516,3.2756,-3.2495
21:50:18.376,25.2,36.1,516,4.1747,-2.8906
21:50:18.418,24.2,38.8,515,4.9080,-2.2320
21:50:18.460,23.8,39.7,515,5.4690,-1.4044
21:50:18.506,21.6,43.9,511,6.0263,-0.5821
21:50:18.554,21.0,44.0,511,6.5404,0.2738
21:50:18.587,30.0,31.8,510,5.9244,-0.5140
21:50:18.628,24.3,38.3,510,5.2389,-1.2372
21:50:18.678,20.2,46.7,509,5.7179,-2.1149
21:50:18.720,23.9,39.4,505,5.2736,-3.0024
21:50:18.764,22.7,40.8,502,4.9676,-2.0503
21:50:18.805,24.2,38.1,500,4.6623,-2.9968
21:50:18.847,23.7,39.2,500,4.3841,-3.9314
21:50:18.891,22.8,41.0,500,5.0716,-4.6261
21:50:18.934,23.7,39.7,500,5.6728,-5.4223
21:50:18.976,23.3,39.8,500,6.6228,-5.2975
21:50:19.017,24.6,37.8,500,5.9773,-6.0612
21:50:19.064,21.3,43.6,500,5.8367,-5.1120
21:50:19.111,21.1,44.3,500,5.6518,-4.1297
21:50:19.166,18.4,51.0,500,4.8571,-4.3050
21:50:19.213,21.0,44.9,500,4.3823,-5.0711
21:50:19.289,13.1,72.8,556,3.5887,-5.0116
21:50:19.355,15.3,63.4,556,2.8654,-5.2140
21:50:19.432,12.9,75.0,556,3.2117,-4.3796
21:50:19.511,12.7,76.2,556,2.6443,-3.6204
21:50:19.570,16.8,57.0,554,2.8860,-4.5144
21:50:19.621,19.6,49.1,554,2.8661,-5.5129
21:50:19.671,20.1,42.1,554,2.4651,-6.2692
21:50:19.715,22.9,41.4,554,2.1258,-7.0688
21:50:19.764,20.2,48.0,554,1.7417,-7.7765
21:50:19.811,21.5,44.7,554,1.5190,-8.7075
21:50:19.849,26.4,36.4,553,1.0693,-9.3471
21:50:19.900,19.4,47.8,553,0.6256,-9.9562
21:50:19.951,19.5,47.5,552,0.4933,-9.0459
21:50:19.997,22.1,42.6,550,0.2566,-8.0787
21:50:20.043,21.7,42.8,548,0.4748,-7.1414
21:50:20.089,21.6,43.1,547,0.3577,-6.1544
21:50:20.131,23.9,39.4,546,-0.1304,-5.3887
21:50:20.172,24.2,38.9,546,0.3535,-6.2066
21:50:20.217,22.5,41.6,545,0.4078,-5.2267
21:50:20.259,23.5,38.6,545,0.9256,-6.0509
21:50:20.300,24.5,39.0,545,0.1642,-6.5994
21:50:20.347,21.5,45.0,541,-0.6598,-6.2891
21:50:20.387,24.6,38.2,540,-1.4250,-6.2725
21:50:20.424,27.3,34.9,540,-1.0696,-6.7300
21:50:20.469,22.2,42.2,540,-0.3506,-7.3923
21:50:20.513,22.9,40.3,540,-0.1458,-6.9529
21:50:20.556,22.8,40.1,540,-0.2194,-6.3831
21:50:20.596,25.1,36.1,540,-0.3385,-6.8301
21:50:20.638,24.2,39.6,540,0.0968,-7.5153
21:50:20.682,22.7,42.3,540,0.6715,-8.1997
21:50:20.724,23.6,40.3,540,0.2984,-7.2764
21:50:20.766,23.7,40.5,540,0.5010,-7.6927
21:50:20.809,23.2,41.5,540,0.3694,-6.7547
21:50:20.852,23.6,40.8,540,0.0095,-6.1562
21:50:20.891,25.5,37.6,540,-0.1609,-5.2632
21:50:20.933,23.6,39.4,540,-0.8072,-4.5286
21:50:20.972,26.0,36.8,540,-0.6877,-3.5867
21:50:21.017,22.1,42.9,540,-0.7606,-2.6537
21:50:21.523,2.0,40.2,539,0.0814,-3.1765
21:50:21.581,17.0,55.8,580,0.2127,-2.9749
21:50:21.631,20.1,47.1,563,-0.5329,-3.6342
21:50:21.673,23.9,40.1,562,0.2707,-3.1590
21:50:21.714,24.7,37.9,561,1.0548,-2.6299
21:50:21.760,21.4,45.0,561,0.6454,-2.9997
21:50:21.809,20.7,45.3,561,-0.1007,-3.6576
21:50:21.854,21.8,43.9,561,0.7511,-3.1903
21:50:21.889,29.1,31.8,561,1.3832,-2.5718
21:50:21.936,21.3,44.8,561,0.5654,-2.9560
21:50:22.019,12.1,81.1,561,1.0272,-2.5548
21:50:22.083,15.6,60.6,560,1.4936,-2.2556
21:50:22.136,18.9,48.3,556,1.4178,-3.2376
21:50:22.180,22.5,41.1,553,1.3404,-2.9190
21:50:22.232,19.3,48.9,550,1.3130,-1.9298
21:50:22.274,24.1,38.7,546,1.3138,-0.9951
21:50:22.329,18.0,52.2,546,1.2576,-1.9315
21:50:22.378,20.5,47.3,546,1.2091,-1.2112
21:50:22.425,21.1,44.4,546,1.2495,-0.3298
21:50:22.473,20.9,44.7,544,1.2189,-1.2586
21:50:22.518,22.3,42.8,543,1.1636,-2.0163
21:50:22.561,23.1,40.3,543,1.1242,-2.9982
21:50:22.603,24.2,39.3,541,1.0404,-3.9066
21:50:22.644,23.9,38.9,541,1.2432,-2.9302
21:50:22.692,20.8,45.6,541,1.2202,-3.7450
21:50:22.737,22.6,41.7,540,1.1685,-4.5308
21:50:22.779,23.8,40.3,540,0.7482,-5.2928
21:50:22.824,22.3,42.9,537,0.6800,-5.0002
21:50:22.866,23.3,39.3,535,0.6515,-4.5878
21:50:22.911,22.5,42.0,535,1.0220,-3.7998
21:50:22.956,22.3,42.8,535,0.6303,-3.7420
21:50:22.998,23.8,40.1,535,0.5587,-4.2972
21:50:23.039,24.1,38.9,535,0.8475,-3.4707
21:50:23.081,23.9,39.9,535,1.4257,-2.9026
21:50:23.125,22.9,41.6,535,1.1517,-2.1839
21:50:23.164,25.8,37.1,535,0.6424,-2.2040
21:50:23.201,26.7,35.3,535,1.5191,-2.2135
21:50:23.245,22.7,42.0,535,2.4323,-2.1320
21:50:23.290,22.0,43.6,535,1.5357,-2.2340
21:50:23.331,24.9,38.4,535,1.5190,-1.7106
21:50:23.370,25.1,38.0,535,1.3169,-0.9105
21:50:23.413,23.4,41.0,535,0.9604,-1.4848
21:50:23.455,23.8,39.2,535,0.6060,-0.8337
21:50:23.502,21.2,45.6,535,0.6814,0.1607
21:50:23.541,25.9,36.2,535,1.3740,0.8756
21:50:23.584,23.3,41.0,535,1.3654,1.8183
21:50:23.627,23.3,41.0,535,1.4453,2.7562
21:50:23.664,27.2,35.1,535,1.6062,3.7429
21:50:23.695,31.5,30.3,535,2.2815,4.0007
21:50:23.741,21.8,43.1,535,1.4866,4.3478
21:50:23.789,21.2,45.5,535,1.3787,5.2808
21:50:23.828,25.2,37.5,535,0.8726,4.8104
21:50:23.865,27.2,35.1,535,1.1528,3.9676
21:50:23.910,22.1,42.7,535,0.8594,4.8069
21:50:23.955,22.1,42.8,535,0.0136,5.0292
21:50:24.000,22.4,43.1,535,-0.8495,5.2455
21:50:24.042,24.0,39.9,535,-1.4423,4.7596
21:50:24.090,20.8,45.2,535,-1.8028,3.8693
21:50:24.135,22.3,42.9,535,-1.5930,4.8308
21:50:24.180,22.1,43.0,535,-1.4951,5.7780
21:50:24.223,23.1,41.7,534,-2.4049,5.6395
21:50:24.265,24.2,38.9,534,-1.7718,6.4058
21:50:24.303,25.9,36.4,534,-1.0358,6.7568
21:50:24.349,22.0,43.0,534,-0.8261,7.1739
21:50:24.394,22.3,42.2,534,-0.1192,7.7879
21:50:24.433,25.2,37.9,534,0.5775,8.3943
21:50:24.475,23.9,40.3,534,0.5473,7.5610
21:50:24.519,22.5,42.8,533,0.2477,7.9269
21:50:24.564,22.7,41.3,533,-0.4465,7.4533
21:50:24.607,23.2,40.5,533,0.1489,7.4837
21:50:24.643,27.5,34.4,533,0.5698,6.6635
21:50:24.689,21.6,42.8,533,0.1287,7.5608
21:50:24.737,21.1,43.4,533,-0.2153,8.3930
21:50:24.776,25.4,36.8,533,-0.2834,8.7224
21:50:24.820,22.6,37.7,532,-1.0287,8.4059
21:50:24.862,23.9,40.0,532,-0.7340,8.2396
21:50:24.907,22.3,43.0,532,-1.4017,8.8575
21:50:24.945,26.2,35.7,532,-1.7740,9.7660
21:50:24.996,19.8,47.9,532,-1.5089,10.5683
21:50:25.037,24.2,38.3,532,-1.0655,9.7024
21:50:25.080,23.3,40.7,532,-1.7719,9.3455
21:50:25.127,21.4,44.5,532,-0.8732,9.0900
21:50:25.163,27.2,35.1,532,-1.3131,9.7498
21:50:25.211,20.8,44.4,532,-1.9431,9.2182
21:50:25.252,24.9,38.4,532,-2.5036,8.6834
21:50:25.292,24.6,37.9,532,-1.7332,8.0919
21:50:25.338,21.9,42.8,532,-1.0228,7.3889
21:50:25.380,23.8,38.6,532,-0.4012,6.6991
21:50:25.432,19.2,48.4,532,-0.3280,6.8911
21:50:25.481,20.4,47.0,532,-0.4750,6.8287
21:50:25.526,22.5,41.3,532,0.0703,7.4601
21:50:25.569,22.9,40.8,532,0.2158,6.9689
21:50:25.614,22.4,42.4,532,1.0395,6.7801
21:50:25.652,26.1,36.7,532,0.1490,6.4523
21:50:25.689,27.3,34.5,532,-0.5657,5.9211
21:50:25.733,22.7,41.8,532,-1.4891,5.5840
21:50:25.786,19.0,49.5,532,-0.9110,6.3999
21:50:25.830,22.7,41.0,532,-0.2146,7.1173
21:50:25.870,24.7,37.4,532,-0.5716,6.1976
21:50:25.915,22.4,43.0,532,-1.2795,6.5504
21:50:25.958,23.0,41.0,532,-0.7240,6.3533
21:50:25.993,28.6,32.6,532,-0.5318,5.7225
21:50:26.030,27.5,34.8,532,-1.2277,6.4388
21:50:26.077,21.2,45.3,532,-1.7351,6.4705
21:50:26.123,21.8,43.2,532,-1.8887,5.6077
21:50:26.162,25.7,36.1,532,-1.5987,6.1337
21:50:26.194,30.9,30.4,532,-1.7234,6.5527
21:50:26.237,23.0,40.8,532,-2.6867,6.4384
21:50:26.282,22.3,42.9,532,-2.6914,6.4307
21:50:26.328,22.0,43.0,532,-2.2504,6.5129
21:50:26.366,26.3,35.9,532,-3.2492,6.5604
21:50:26.408,23.7,39.9,532,-3.1355,7.2623
21:50:26.457,20.3,42.7,532,-3.4525,8.1961
21:50:26.495,26.4,35.7,532,-4.2087,8.7874
21:50:26.539,23.0,41.2,532,-3.9100,9.7268
21:50:26.585,21.8,43.0,532,-3.5517,9.7186
21:50:26.628,23.0,40.6,532,-3.4819,10.6418
21:50:26.673,22.2,42.7,532,-3.2672,11.3396
21:50:26.718,22.2,42.5,532,-3.4313,11.4522
21:50:26.756,26.2,36.5,532,-2.9733,11.1467
21:50:26.801,22.3,41.9,532,-2.9087,11.3409
21:50:26.835,29.1,32.7,531,-3.3423,11.5205
21:50:26.879,22.8,41.7,531,-3.4676,11.7223
21:50:26.922,23.4,39.6,531,-4.2242,11.9832
21:50:26.965,23.3,40.4,531,-3.2346,11.9317
21:50:27.013,20.9,44.6,531,-2.2555,12.1098
21:50:27.058,21.9,41.0,531,-2.7093,12.1485
21:50:27.102,22.9,41.8,531,-3.2378,11.3490
21:50:27.144,23.8,39.9,531,-3.7662,10.5066
21:50:27.181,26.7,35.2,531,-4.6195,9.9851
21:50:27.225,22.8,41.7,531,-4.5342,9.0948
21:50:27.268,23.6,40.4,531,-4.9981,9.8525
21:50:27.306,26.1,36.4,531,-4.8311,9.6660
21:50:27.348,23.5,39.8,531,-5.3930,10.3979
21:50:27.397,20.5,47.0,531,-4.5563,10.1971
21:50:27.446,20.6,45.8,531,-5.0516,9.7444
21:50:27.491,22.2,43.0,531,-5.8289,9.3441
21:50:27.536,22.3,43.0,531,-5.3375,8.9392
21:50:27.576,24.8,37.3,531,-5.6675,8.5604
21:50:27.617,24.3,38.9,531,-5.5273,9.1692
21:50:27.663,21.6,43.5,531,-5.0254,9.2009
21:50:27.713,20.2,46.4,531,-4.6791,9.6247
21:50:27.759,21.8,43.2,531,-3.6791,9.6318
21:50:27.798,25.2,36.0,531,-4.4494,9.0804
21:50:27.851,19.1,44.1,531,-5.3461,8.6968
21:50:27.892,24.4,38.0,531,-5.4400,7.7560
21:50:27.931,25.2,36.9,531,-5.8157,7.8726
21:50:27.973,24.1,38.6,531,-5.9023,7.3952
21:50:28.018,21.9,43.2,531,-5.2599,7.6068
21:50:28.063,22.3,42.5,531,-4.8895,6.8319
21:50:28.110,21.3,44.5,531,-4.3440,6.0298
21:50:28.154,22.7,41.5,531,-5.1025,6.5851
21:50:28.201,21.2,44.6,531,-5.2373,5.5977
21:50:28.243,24.0,38.7,531,-5.2688,4.5987
21:50:28.283,25.4,37.1,531,-5.9412,4.0812
21:50:28.333,19.7,47.5,531,-5.3552,4.8771
21:50:28.379,21.9,42.8,531,-6.1431,4.7863
21:50:28.417,26.2,35.3,531,-6.6022,5.1067
21:50:28.450,30.6,30.4,531,-7.0068,4.2116
21:50:28.495,22.4,41.5,531,-7.6653,3.5395
21:50:28.538,23.2,40.5,531,-8.1096,2.6962
21:50:28.582,22.4,41.4,531,-7.4031,2.0974
21:50:28.620,26.3,36.1,531,-8.2748,2.4743
21:50:28.664,22.9,41.6,531,-8.7605,3.1317
21:50:28.708,22.8,42.2,531,-9.0684,3.8091
21:50:28.745,26.8,35.0,531,-8.4430,4.3562
21:50:28.785,25.0,38.3,531,-7.4940,4.0445
21:50:28.823,26.5,35.7,531,-6.5815,3.8788
21:50:28.867,22.6,41.5,531,-5.7516,3.3567
21:50:28.908,24.3,39.4,531,-6.0773,4.1138
21:50:28.951,23.3,41.3,531,-6.2664,3.8831
21:50:28.991,25.1,36.8,531,-6.4903,2.9787
21:50:29.034,23.2,39.8,531,-5.8623,2.2017
21:50:29.071,26.8,34.9,531,-6.3124,1.4740
21:50:29.112,24.4,39.3,531,-6.0866,0.6889
21:50:29.152,24.9,38.3,531,-5.2720,1.2612
21:50:29.197,22.6,41.5,531,-4.3602,0.9683
21:50:29.232,28.6,33.3,531,-3.7760,1.5742
21:50:29.268,27.3,33.9,531,-4.4890,1.0238
21:50:29.317,20.5,46.4,531,-3.8575,1.7918
21:50:29.358,24.4,38.3,530,-3.1441,1.4044
21:50:29.396,26.4,36.0,530,-2.6617,2.1592
21:50:29.434,26.5,36.2,530,-2.9778,3.0312
21:50:29.479,22.0,40.4,530,-2.8991,2.0398
21:50:29.518,25.9,36.8,530,-2.5560,2.0736
21:50:29.556,26.2,35.6,530,-1.6949,2.5487
21:50:29.598,24.0,39.7,530,-1.3790,1.6067
21:50:29.642,22.8,41.8,530,-0.7959,0.8574
21:50:29.684,23.7,40.4,530,-0.1424,0.9745
21:50:29.722,26.4,36.2,530,0.1397,1.2578
21:50:29.760,26.0,36.3,530,-0.2573,0.3893
21:50:29.809,20.6,46.6,530,-0.7081,-0.1986
21:50:29.854,22.3,43.3,530,-0.8322,-0.1519
21:50:29.894,25.1,37.3,530,-0.4757,-0.5027
21:50:29.932,26.2,35.2,530,-0.8391,-1.1210
21:50:29.977,22.2,42.5,530,-1.3519,-1.5665
21:50:30.016,25.5,37.0,530,-0.7491,-1.9349
21:50:30.060,22.8,41.1,530,-0.6329,-1.9007
21:50:30.101,24.4,38.5,530,-0.5555,-2.8771
21:50:30.143,23.6,39.1,530,-1.1678,-2.5097
21:50:30.186,23.3,41.3,530,-1.0862,-3.4947
21:50:30.229,23.5,41.0,530,-0.5609,-3.3919
21:50:30.263,28.8,33.0,530,-0.2066,-4.3040
21:50:30.307,22.7,42.2,530,-0.7514,-3.5537
21:50:30.361,18.5,50.9,530,-1.1746,-3.2192
21:50:30.406,22.2,41.8,530,-1.6912,-3.1690
21:50:30.446,25.3,36.7,530,-0.7197,-3.3913
21:50:30.490,22.6,41.4,530,-0.7757,-3.2167
21:50:30.535,22.2,42.4,530,-1.5555,-2.6219
21:50:30.578,23.5,40.5,530,-1.2261,-2.2447
21:50:30.621,23.3,39.9,530,-1.9620,-2.2230
21:50:30.663,23.7,39.3,530,-2.8901,-2.2675
21:50:30.710,21.3,44.1,529,-2.2174,-1.8387
21:50:30.754,22.7,40.8,528,-1.5245,-1.4382
21:50:30.797,23.2,39.8,528,-0.7137,-1.0590
21:50:30.843,21.9,42.9,528,-0.0025,-0.6633
21:50:30.886,23.0,40.3,528,0.7184,-0.2912
21:50:30.928,24.0,39.0,528,1.5009,0.0424
21:50:30.973,22.0,42.5,528,2.2983,-0.1203
21:50:31.023,20.2,47.4,528,3.1920,0.0108
21:50:31.067,22.5,42.2,528,4.1507,-0.2214
21:50:31.115,20.7,44.8,528,3.1881,0.0494
21:50:31.162,21.5,43.5,528,3.4659,0.6914
21:50:31.207,22.4,42.0,528,3.4757,1.1514
21:50:31.251,22.3,42.5,528,3.1037,0.5127
21:50:31.297,21.9,43.1,527,3.6240,1.2555
21:50:31.348,19.8,47.9,527,4.3792,1.7723
21:50:31.392,22.4,41.4,527,4.6725,2.3627
21:50:31.433,24.5,38.0,526,3.8203,1.9311
21:50:31.473,25.2,36.4,526,4.8154,2.0239
21:50:31.517,22.6,40.6,522,5.8055,1.9380
21:50:31.564,21.2,44.6,522,6.7978,1.8427
21:50:31.610,21.7,44.3,522,7.7823,1.9891
21:50:31.656,21.9,42.4,522,8.0132,1.4209
21:50:31.703,21.2,45.6,519,7.8866,0.9002
21:50:31.756,19.0,49.4,511,8.0492,0.1158
21:50:31.797,24.1,38.9,501,8.1655,-0.5785
21:50:31.849,19.4,48.4,626,8.5403,-1.2294
21:50:31.896,21.1,43.9,624,8.5518,-1.7938
21:50:31.945,20.3,46.8,611,9.4758,-1.9896
21:50:31.987,23.7,38.6,605,9.5582,-2.5645
21:50:32.036,20.5,46.0,598,9.6562,-3.0879
21:50:32.090,18.4,51.5,595,10.3317,-3.4715
21:50:32.129,26.2,36.3,591,11.3094,-3.5907
21:50:32.174,22.0,42.5,590,12.2703,-3.6878
21:50:32.217,23.3,40.5,586,11.6783,-3.1827
21:50:32.256,25.5,36.8,586,10.9550,-2.7221
21:50:32.300,22.9,41.8,585,11.0655,-3.2528
21:50:32.351,19.4,48.8,575,11.1598,-3.8135
21:50:32.398,21.3,44.0,543,11.2106,-4.3345
21:50:32.444,21.8,43.7,571,11.6924,-4.2528
21:50:32.491,21.5,44.0,569,11.5478,-4.1636
21:50:32.541,20.0,46.9,569,11.8484,-3.5483
21:50:32.577,27.6,33.4,569,11.8196,-4.0462
21:50:32.627,20.0,47.3,566,11.0081,-3.4627
21:50:32.677,20.0,46.3,564,10.4412,-3.7313
21:50:32.715,26.0,35.1,561,9.8315,-3.1973
21:50:32.757,23.7,39.5,561,8.9346,-3.4307
21:50:32.805,21.2,44.3,559,8.8060,-2.9445
21:50:32.851,21.5,43.7,558,7.9868,-3.2866
21:50:32.895,22.8,41.8,558,7.8816,-2.8314
21:50:32.942,21.4,44.8,555,7.6219,-2.4060
21:50:32.989,21.0,44.5,551,7.7687,-2.5306
21:50:33.030,24.4,37.6,546,8.1244,-2.6627
21:50:33.078,20.9,45.0,543,8.4579,-2.7611
21:50:33.122,22.9,41.6,543,8.2759,-2.5609
21:50:33.163,24.6,38.9,527,8.5810,-3.3692
21:50:33.204,23.9,40.1,527,8.5342,-3.6331
21:50:33.250,22.0,43.1,527,9.2314,-3.9256
21:50:33.292,23.4,41.1,527,9.1440,-4.8712
21:50:33.330,26.5,35.1,502,8.9922,-4.3941
21:50:33.370,24.9,37.0,502,8.9147,-3.4623
21:50:33.420,19.9,47.8,502,7.9376,-3.6638
21:50:33.468,21.2,44.5,502,7.8335,-4.1396
21:50:33.508,24.9,37.6,501,8.3616,-4.2981
21:50:33.551,23.4,40.3,501,7.9548,-3.6254
21:50:33.598,21.3,42.8,501,8.2785,-3.0797
21:50:33.652,18.2,52.5,555,7.5104,-2.7012
21:50:33.696,23.0,39.9,555,7.3740,-2.4152
21:50:33.736,25.0,37.4,555,6.3844,-2.2887
21:50:33.783,21.4,43.8,555,5.7264,-3.0382
21:50:33.828,22.3,42.9,555,5.5314,-3.7914
21:50:33.864,27.1,34.1,555,4.7522,-3.1957
21:50:33.908,23.2,40.7,554,5.2841,-4.0417
21:50:33.951,22.8,42.0,553,4.4035,-3.5892
21:50:33.999,21.2,44.2,552,3.5441,-3.8637
21:50:34.039,24.8,38.6,551,3.0746,-2.9808
21:50:34.080,24.5,39.2,551,3.8718,-3.4870
21:50:34.122,23.5,40.9,551,4.5039,-2.8455
21:50:34.169,21.5,44.5,551,5.1758,-2.4231
21:50:34.209,24.7,38.6,550,4.5410,-1.6592
21:50:34.248,25.6,37.4,550,4.2182,-0.8229
21:50:34.296,20.7,46.1,550,4.8683,-1.4583
21:50:34.343,21.3,44.1,550,5.7324,-1.8907
21:50:34.383,25.1,38.3,550,4.8212,-2.3023
21:50:34.426,23.4,39.3,550,5.4372,-2.8007
21:50:34.475,20.6,45.4,550,4.5316,-2.4771
21:50:34.515,24.6,38.9,550,4.9399,-3.3454
21:50:34.553,26.3,35.0,550,5.9354,-3.3928
21:50:34.596,23.3,40.2,550,5.9809,-4.3572
21:50:34.641,22.4,41.2,550,5.2257,-4.2584
21:50:34.681,24.6,37.1,550,5.5456,-4.9891
21:50:34.724,23.2,40.0,550,6.2548,-5.4720
21:50:34.768,23.0,41.6,550,6.6677,-5.8840
21:50:34.812,22.6,41.6,550,5.9617,-5.4435
21:50:34.849,27.5,34.5,550,6.8830,-5.4698
21:50:34.896,21.0,45.1,550,7.1116,-5.9331
21:50:34.935,26.0,36.3,549,6.7648,-5.3371
21:50:34.976,24.5,38.7,549,6.4177,-4.7391
21:50:35.022,21.4,43.6,549,6.4762,-5.4930
21:50:35.071,20.7,45.2,549,7.4084,-5.1329
21:50:35.110,25.5,35.9,549,7.6033,-6.0830
21:50:35.146,27.9,34.3,549,6.7578,-6.5141
21:50:35.195,20.4,43.9,549,7.7505,-6.4403
21:50:35.245,19.9,47.5,549,7.9083,-6.1906
21:50:35.289,23.0,40.6,549,8.4369,-5.3467
21:50:35.332,23.2,41.4,549,8.5423,-5.4612
21:50:35.377,22.1,43.0,549,8.9368,-4.5848
21:50:35.422,22.3,41.7,549,9.1803,-4.4450
21:50:35.462,25.0,37.8,549,8.9625,-4.3913
21:50:35.505,23.1,41.2,549,8.9821,-3.3923
21:50:35.547,23.7,39.4,549,9.2298,-2.8470
21:50:35.592,22.2,41.7,549,9.2597,-2.9855
21:50:35.639,21.2,43.3,549,9.0910,-2.1320
21:50:35.691,19.1,49.4,549,8.8807,-2.4864
21:50:35.729,26.9,35.5,549,8.5534,-2.6311
21:50:35.767,26.1,36.1,549,8.2706,-2.2618
21:50:35.810,23.4,40.3,549,8.2603,-1.7752
21:50:35.857,21.2,44.5,549,8.6063,-1.1880
21:50:35.897,25.0,37.5,549,8.3116,-1.8501
21:50:35.941,22.7,42.3,549,8.1274,-2.4362
21:50:35.988,21.2,44.6,549,8.8763,-1.9984
21:50:36.031,23.5,39.6,549,9.5237,-1.4482
21:50:36.068,26.8,35.6,549,8.8908,-1.9500
21:50:36.114,21.7,44.6,549,8.7106,-2.5676
21:50:36.156,23.8,40.4,549,8.9211,-3.3144
21:50:36.201,22.5,42.7,549,8.6260,-2.4948
21:50:36.240,25.3,36.9,549,9.5502,-2.1132
21:50:36.285,22.0,42.6,549,10.2406,-1.4901
21:50:36.328,23.2,39.9,549,10.5219,-0.9960
21:50:36.374,21.8,44.0,549,9.9322,-0.1885
21:50:36.412,26.4,36.0,549,10.1337,0.7118
21:50:36.458,21.7,44.5,549,10.9020,1.3209
21:50:36.505,21.4,44.8,549,11.8732,1.2124
21:50:36.548,23.1,41.6,549,11.2603,1.1154
21:50:36.597,20.5,45.6,549,10.4247,1.0520
21:50:36.639,23.9,40.0,549,9.5808,1.0166
21:50:36.681,23.8,40.4,549,9.8152,1.6608
21:50:36.722,24.6,37.8,549,8.9444,1.5292
21:50:36.764,23.6,39.7,549,9.3486,0.6168
21:50:36.812,21.0,44.8,549,9.8192,1.3824
21:50:36.855,22.8,39.9,549,9.6943,2.3227
21:50:36.897,23.8,38.8,548,10.0870,2.8599
21:50:36.935,26.7,34.3,548,10.6209,3.7054
21:50:36.979,22.9,41.3,548,11.3725,3.8859
21:50:37.018,25.2,36.8,548,11.4940,4.5316
21:50:37.060,24.0,37.5,548,12.1803,4.7735
21:50:37.096,27.5,34.8,548,12.8810,5.0223
21:50:37.141,22.2,42.5,548,12.9838,5.6528
21:50:37.188,21.6,42.9,548,12.5657,6.3473
21:50:37.227,25.5,36.8,548,13.0760,6.7644
21:50:37.271,22.4,42.2,548,14.0651,6.6429
21:50:37.319,20.9,45.2,548,13.8506,5.9718
21:50:37.363,22.9,41.7,548,12.8945,5.8789
21:50:37.406,22.9,40.9,548,12.4706,5.7501
21:50:37.450,22.8,41.7,548,13.0597,5.1577
21:50:37.491,24.9,38.0,548,13.9530,5.1974
21:50:37.536,22.2,43.1,548,14.8368,4.7294
21:50:37.579,22.9,41.3,548,15.8227,4.7541
21:50:37.626,21.5,44.8,548,15.6176,5.4942
21:50:37.673,21.1,44.5,548,15.5068,6.4031
21:50:37.717,22.7,42.1,548,15.5790,7.3228
21:50:37.761,22.9,41.2,547,15.7376,8.2164
21:50:37.811,20.0,47.1,546,15.7939,9.0545
21:50:37.855,22.8,41.2,542,15.8887,10.0064
21:50:37.899,22.5,41.8,542,16.8350,9.8312
21:50:37.946,21.5,43.3,542,17.0249,10.6716
21:50:37.991,22.2,41.8,542,16.1933,10.9650
21:50:38.034,23.0,41.4,542,16.8797,10.3555
21:50:38.076,24.0,38.8,542,16.9037,11.1428
21:50:38.120,22.5,41.6,539,16.4772,11.0075
21:50:38.159,25.7,36.5,538,16.8706,11.1714
21:50:38.194,28.7,31.8,538,16.8695,11.0555
21:50:38.230,27.9,34.4,538,17.1081,11.4048
21:50:38.281,19.4,49.2,538,16.8722,10.4406
21:50:38.327,22.0,42.9,538,16.8529,10.5908
21:50:38.367,25.0,38.0,538,17.5845,11.2698
21:50:38.411,22.9,40.7,537,17.0778,10.5740
21:50:38.455,22.7,40.1,537,17.6609,11.0341
21:50:38.503,20.9,44.8,536,18.3629,11.3878
21:50:38.546,22.9,41.4,536,18.8339,11.8161
21:50:38.585,25.7,36.2,536,19.6590,12.2390
21:50:38.630,22.3,41.7,536,20.0267,12.5982
21:50:38.680,20.1,46.3,536,19.0986,12.8768
21:50:38.723,23.5,39.6,536,19.3464,12.6224
21:50:38.762,25.4,36.7,535,19.2928,12.4034
21:50:38.808,21.5,43.3,534,18.6657,12.1447
21:50:38.846,26.3,35.3,534,19.4182,12.4718
21:50:38.889,23.5,40.1,534,20.1287,12.7958
21:50:38.931,24.0,38.5,533,19.6207,12.9173
21:50:38.977,21.5,43.1,533,19.7179,12.7696
21:50:39.023,21.7,43.4,533,20.5200,12.8614
21:50:39.065,23.7,39.7,533,19.8440,12.8062
21:50:39.111,21.8,43.0,533,19.2896,12.9114
21:50:39.156,22.5,41.6,532,18.7684,12.9530
21:50:39.201,22.4,41.7,532,19.5707,12.7554
21:50:39.241,24.6,38.8,532,19.0657,12.9168
21:50:39.289,20.8,45.8,532,19.8658,12.4352
21:50:39.335,21.7,43.3,532,19.0708,12.7417
21:50:39.374,26.0,36.5,532,19.8430,12.3614
21:50:39.418,22.6,42.6,532,20.3154,12.5518
21:50:39.464,21.7,43.2,532,20.7628,12.5946
21:50:39.508,22.7,40.7,532,20.4353,12.5698
21:50:39.553,22.6,41.2,531,21.2452,12.5685
21:50:39.601,20.5,47.1,528,21.7261,12.6415
21:50:39.642,24.8,37.1,528,21.0869,12.4712
21:50:39.681,25.4,35.9,527,20.7931,11.7968
21:50:39.720,25.9,35.4,527,19.9884,11.4851
21:50:39.767,20.9,45.1,527,19.2952,11.3666
21:50:39.809,23.8,39.4,527,18.6558,11.3656
21:50:39.856,21.6,43.3,527,18.9845,11.9291
21:50:39.895,25.3,36.7,527,19.3823,12.5163
21:50:39.942,21.3,43.7,527,19.9383,13.0525
21:50:39.987,22.1,43.0,526,20.3565,13.3616
21:50:40.028,24.5,38.0,526,20.8187,14.0847
21:50:40.075,21.5,43.8,526,21.6453,14.2615
21:50:40.123,20.7,45.0,526,20.9353,14.0574
21:50:40.162,25.8,36.3,526,20.1760,13.8665
21:50:40.204,24.0,39.3,526,20.7623,14.0994
21:50:40.246,23.4,40.0,526,20.0985,13.7786
21:50:40.295,20.6,45.9,526,20.9321,13.8500
21:50:40.336,24.2,38.7,526,20.3406,13.3929
21:50:40.382,21.8,42.5,526,21.1004,13.2966
21:50:40.426,22.7,41.4,526,20.3336,13.3063
21:50:40.467,24.7,37.8,526,21.0406,13.3398
21:50:40.510,22.9,40.6,525,20.3621,13.3334
21:50:40.552,23.7,39.4,525,21.1425,13.5899
21:50:40.585,30.4,31.3,525,21.8813,13.5866
21:50:40.636,19.8,45.0,525,20.9387,13.5400
21:50:40.678,23.8,39.2,525,20.5167,12.8861
21:50:40.720,23.7,39.2,525,20.1976,12.2328
21:50:40.760,24.8,37.4,525,20.9115,12.0218
21:50:40.809,20.6,45.3,525,20.4762,12.8683
21:50:40.855,21.6,43.3,525,19.8388,13.6332
21:50:40.902,21.3,44.1,525,19.6249,12.7779
21:50:40.947,21.8,42.1,525,18.8329,13.3800
21:50:40.989,24.0,38.6,525,18.7273,12.5535
21:50:41.036,21.5,44.0,525,18.2821,13.4360
21:50:41.078,23.4,39.7,524,18.8364,14.1623
21:50:41.116,26.4,35.3,524,18.1272,14.8653
21:50:41.159,23.4,39.5,524,17.7978,14.2056
21:50:41.206,21.2,39.7,524,17.6480,13.5201
21:50:41.248,24.0,39.3,524,17.7782,14.1360
21:50:41.286,26.4,35.0,524,18.1063,13.2035
21:50:41.329,23.1,41.4,524,17.5807,12.9037
21:50:41.372,23.1,40.1,524,17.2291,12.3312
21:50:41.413,24.8,37.9,524,17.5329,12.3722
21:50:41.451,26.2,34.9,524,17.3851,13.3608
21:50:41.485,28.9,31.9,524,17.2661,12.4023
21:50:41.531,21.9,41.9,524,17.5086,12.0831
21:50:41.575,22.6,41.7,524,18.0061,11.2168
21:50:41.617,24.1,38.4,524,18.4883,10.3683
21:50:41.661,22.7,41.7,524,17.9596,10.8200
21:50:41.706,22.4,41.5,524,18.8911,10.8055
21:50:41.754,20.8,43.1,524,18.9984,9.8831
21:50:41.799,22.3,41.8,524,18.9285,8.9776
21:50:41.841,23.8,39.2,524,18.8853,8.0665
21:50:41.885,22.3,42.1,524,17.9177,7.8445
21:50:41.922,27.6,33.4,524,17.6907,7.0832
21:50:41.959,26.9,34.6,524,16.8437,6.5553
21:50:41.996,26.8,34.3,524,16.8453,5.6346
21:50:42.039,23.4,39.7,524,17.2203,4.8448
21:50:42.086,21.1,44.9,524,17.4744,3.8959
21:50:42.127,24.4,38.4,524,17.5345,2.9752
21:50:42.169,24.0,39.9,524,17.4789,3.8961
21:50:42.209,24.6,38.2,524,17.9313,3.1138
21:50:42.247,26.7,35.0,524,18.0060,2.2837
21:50:42.292,22.1,37.6,523,17.3380,2.7670
21:50:42.337,22.4,42.2,523,16.8424,3.3941
21:50:42.386,20.2,46.4,523,15.9011,3.0896
21:50:42.431,22.4,42.1,523,15.0116,3.0002
21:50:42.481,19.9,47.1,523,15.2649,2.1401
21:50:42.524,23.7,39.8,523,14.8817,2.8147
21:50:42.571,21.0,44.6,523,14.4934,3.6559
21:50:42.621,19.9,47.0,523,14.1420,4.4303
21:50:42.667,21.9,43.2,523,14.3188,5.4145
21:50:42.705,26.4,34.1,523,14.0173,6.2614
21:50:42.743,26.3,35.1,523,14.5576,7.0713
21:50:42.789,21.7,43.2,523,13.8970,7.5678
21:50:42.836,21.3,44.5,523,13.2904,8.2303
21:50:42.869,29.9,30.8,523,13.5974,9.1818
21:50:42.909,25.4,36.7,523,13.9280,8.5620
21:50:42.952,23.6,39.4,523,13.2930,9.0671
21:50:43.001,20.2,45.1,523,12.8997,8.5616
21:50:43.050,20.4,46.5,523,12.2825,9.2003
21:50:43.084,28.9,32.0,523,12.6964,9.0896
21:50:43.127,23.5,40.0,523,12.0230,9.5332
21:50:43.173,21.4,44.1,523,12.2531,9.1067
21:50:43.216,23.3,39.8,523,11.5412,9.5947
21:50:43.256,25.3,36.8,523,11.0004,10.1540
21:50:43.300,22.4,41.4,523,10.3029,10.5848
21:50:43.337,27.2,33.9,523,9.6301,11.1736
21:50:43.377,24.9,34.9,523,9.9620,11.0956
21:50:43.414,27.7,32.9,523,9.1192,11.6141
21:50:43.454,25.0,37.7,523,8.4971,11.9594
21:50:43.501,21.0,44.9,523,7.8937,12.3128
21:50:43.545,22.7,41.4,523,7.2768,12.5968
21:50:43.586,24.9,37.4,523,6.9449,12.6566
21:50:43.632,21.5,43.6,523,6.5234,12.8018
21:50:43.678,21.8,42.8,523,6.7562,13.3769
21:50:43.722,22.7,40.8,523,6.8371,12.8407
21:50:43.763,24.4,38.6,523,7.0981,12.9294
21:50:43.806,23.2,41.3,522,7.4175,13.4849
21:50:43.850,22.6,41.7,521,7.4173,12.8707
21:50:43.892,24.0,38.7,517,7.7484,13.1902
21:50:43.929,26.9,34.2,517,7.9837,12.9679
21:50:43.976,21.3,44.5,517,7.9014,12.6881
21:50:44.021,22.3,42.4,517,8.1297,13.6389
21:50:44.062,24.2,38.6,517,9.1186,13.5068
21:50:44.100,26.2,35.1,517,9.7461,12.9823
21:50:44.143,23.4,39.9,517,10.4981,12.3235
21:50:44.186,23.3,40.6,517,10.2361,12.3130
21:50:44.231,22.5,40.0,517,9.9933,11.3525
21:50:44.271,24.7,37.6,517,9.9992,11.9120
21:50:44.322,19.5,47.6,517,10.1873,11.7716
21:50:44.370,20.9,44.7,517,10.4736,11.0958
21:50:44.412,23.6,38.7,515,9.9784,11.7252
21:50:44.448,27.7,33.4,514,10.3506,11.0648
21:50:44.505,17.6,42.7,512,10.8011,11.7282
21:50:44.544,25.6,36.6,512,10.2868,11.7735
21:50:44.580,27.9,32.9,512,11.0696,11.4875
21:50:44.616,27.6,33.6,512,10.3145,11.9598
21:50:44.661,22.3,42.0,512,11.0756,12.4709
21:50:44.703,24.0,38.6,512,10.8246,13.4067
21:50:44.749,21.5,43.0,512,10.0881,13.3682
21:50:44.790,24.2,38.1,512,10.7803,14.0297
21:50:44.834,23.1,40.2,512,11.7405,14.1712
21:50:44.872,26.0,36.7,512,12.3424,14.5879
21:50:44.912,25.4,37.0,512,11.4045,14.3394
21:50:44.952,24.9,37.6,512,11.5930,14.2118
21:50:44.997,22.1,42.2,512,10.6516,13.9535
21:50:45.045,21.0,44.2,512,9.6644,13.7960
21:50:45.087,23.9,39.4,512,8.7186,13.6815
21:50:45.122,28.0,32.7,510,8.9102,14.3605
21:50:45.168,21.8,43.3,509,7.9220,14.4368
21:50:45.217,20.7,45.0,509,8.9108,14.3918
21:50:45.261,22.3,41.7,507,7.9447,14.2996
21:50:45.304,23.3,40.6,507,7.0194,14.6784
21:50:45.348,23.1,40.3,507,6.0330,14.8363
21:50:45.387,25.3,36.7,507,6.9993,14.8084
21:50:45.422,28.7,33.3,506,7.2624,14.5184
21:50:45.472,19.9,47.6,506,6.2987,14.3498
21:50:45.521,20.5,45.3,506,7.2544,14.5096
21:50:45.566,22.0,43.1,506,6.3799,14.5990
21:50:45.611,22.4,41.5,506,5.4554,14.4048
21:50:45.659,21.1,44.6,506,4.6752,14.6903
21:50:45.698,25.0,37.4,506,5.0125,15.3862
21:50:45.737,25.8,36.0,504,4.1874,15.4148
21:50:45.781,23.0,40.5,504,3.4595,15.3125
21:50:45.827,21.8,42.4,504,4.1409,15.3931
21:50:45.868,24.2,38.5,500,4.7563,15.3164
21:50:45.913,22.2,42.7,579,4.1920,15.6821
21:50:45.960,21.2,44.1,578,4.8726,15.5501
21:50:46.003,23.4,40.3,577,5.6699,15.4364
21:50:46.049,21.7,42.7,570,5.1058,15.4571
21:50:46.092,23.5,41.0,566,5.5326,15.2088
21:50:46.134,23.7,39.3,564,6.2737,15.1592
21:50:46.179,22.3,42.3,558,6.9422,15.0636
21:50:46.222,23.1,40.4,557,7.6247,15.0679
21:50:46.261,25.5,36.4,556,8.3305,14.9974
21:50:46.311,20.2,46.7,540,7.6619,14.7447
21:50:46.357,21.6,43.6,529,8.4547,14.5956
21:50:46.400,23.5,39.9,528,8.7568,14.5797
21:50:46.437,26.6,35.2,526,9.2192,14.4524
21:50:46.488,19.8,48.0,526,9.6612,14.3083
21:50:46.536,20.7,45.5,524,10.1655,13.8042
21:50:46.576,24.9,37.5,521,10.8649,13.7712
21:50:46.616,24.8,37.1,518,11.4004,13.4459
21:50:46.665,20.6,45.1,514,11.2702,12.6535
21:50:46.708,23.1,40.5,513,10.5655,12.9451
21:50:46.757,20.5,45.7,510,9.7656,12.4686
21:50:46.814,17.6,54.4,552,8.8459,12.0876
21:50:46.861,21.2,45.6,543,9.3147,11.8767
21:50:46.905,22.6,41.7,531,8.4857,11.7264
21:50:46.959,18.8,47.9,516,9.1799,11.7279
21:50:47.015,17.6,54.3,556,8.1933,11.6363
21:50:47.070,18.3,51.7,555,7.2305,11.3660
21:50:47.121,19.5,48.7,547,6.4225,10.9723
21:50:47.176,18.4,51.4,538,5.7070,10.5442
21:50:47.213,26.6,35.2,533,6.2954,10.8345
21:50:47.255,23.8,38.7,530,5.5353,10.4120
21:50:47.309,18.5,51.7,517,4.7488,10.1164
21:50:47.352,23.5,40.0,516,3.8645,9.8942
21:50:47.403,19.5,48.9,525,3.0630,9.7029
21:50:47.439,28.2,33.2,524,2.2816,9.4692
21:50:47.484,22.0,42.7,524,1.7462,8.7644
21:50:47.530,21.9,43.4,522,0.8113,8.4300
21:50:47.573,23.0,40.8,522,0.0485,8.0115
21:50:47.611,26.7,35.6,522,0.9389,8.3397
21:50:47.657,21.7,44.1,522,1.0525,9.3222
21:50:47.702,22.2,42.4,522,0.1028,9.6179
21:50:47.739,26.7,34.8,520,-0.0941,9.3314
21:50:47.779,25.2,36.4,519,-0.8024,9.3053
21:50:47.825,21.5,43.9,518,-1.4234,9.1748
21:50:47.867,24.0,38.6,517,-1.3228,8.1980
21:50:47.908,24.4,38.5,517,-1.7447,8.3867
21:50:47.954,21.7,43.5,516,-2.6281,8.4168
21:50:47.994,25.0,36.8,516,-3.1364,8.8220
21:50:48.044,19.9,45.4,515,-3.7435,8.8732
21:50:48.084,25.3,36.8,515,-4.4177,9.0230
21:50:48.124,24.8,37.9,515,-4.1895,8.9295
21:50:48.166,24.1,38.9,515,-3.3932,9.4163
21:50:48.209,23.0,40.7,515,-2.4216,9.1811
21:50:48.248,25.9,35.3,515,-1.4542,8.9348
21:50:48.289,24.4,39.3,515,-0.4869,8.6870
21:50:48.336,21.2,44.8,515,-1.4452,8.9671
21:50:48.380,23.1,40.5,515,-2.4135,9.1880
21:50:48.419,25.6,36.4,514,-3.3702,9.3545
21:50:48.464,22.2,41.7,513,-4.0349,9.6002
21:50:48.505,24.0,39.1,512,-3.4257,9.8878
21:50:48.545,25.0,37.2,512,-3.5887,10.2371
21:50:48.584,25.6,36.7,512,-2.7684,10.6777
21:50:48.625,24.7,38.2,512,-2.5699,10.8475
21:50:48.672,21.1,43.9,512,-1.6381,11.1267
21:50:48.716,23.0,41.4,512,-0.7775,11.5246
21:50:48.760,22.9,42.2,512,-1.2723,11.9824
21:50:48.805,22.1,42.4,512,-0.3490,12.3486
21:50:48.857,19.0,50.2,512,0.5272,12.7673
21:50:48.902,22.4,41.8,511,1.1240,13.3108
21:50:48.948,21.6,43.4,510,2.0179,13.7060
21:50:48.991,23.4,40.0,510,2.9573,14.0487
21:50:49.032,24.7,37.3,509,3.9046,14.3664
21:50:49.073,24.1,38.8,508,4.3920,14.8790
21:50:49.117,22.9,40.5,505,3.6500,14.3831
21:50:49.159,23.7,39.5,504,4.4671,14.0235
21:50:49.204,22.4,41.2,502,4.9932,13.6050
21:50:49.245,24.1,39.0,502,5.6609,14.1187
21:50:49.294,20.5,47.1,501,5.7303,13.2757
21:50:49.339,22.0,43.8,551,6.5770,13.6587
21:50:49.379,25.3,36.3,551,5.8517,13.1834
21:50:49.419,24.9,37.9,551,5.1718,12.6832
21:50:49.471,19.4,48.8,548,6.0700,13.1055
21:50:49.511,24.6,38.3,548,5.7565,13.9939
21:50:49.557,21.9,43.4,544,6.0737,13.7568
21:50:49.600,23.1,40.0,539,5.8765,14.6956
21:50:49.646,22.0,42.6,537,5.4346,15.5917
21:50:49.692,21.7,43.1,537,4.9293,16.2377
21:50:49.739,20.9,45.0,537,5.1553,16.0799
21:50:49.780,24.9,38.3,536,4.6566,15.9777
21:50:49.820,24.7,38.1,532,4.2193,15.5037
21:50:49.857,27.2,33.8,532,4.3134,15.7039
21:50:49.911,18.5,50.7,532,4.2779,15.7447
21:50:49.958,21.2,43.9,531,3.3963,15.2972
21:50:50.002,22.7,40.9,531,2.5304,14.8026
21:50:50.043,24.3,38.5,531,1.6578,14.3565
21:50:50.093,20.1,47.6,530,0.9041,14.0468
21:50:50.131,26.3,35.7,530,0.3368,13.5907
21:50:50.172,24.6,38.8,530,-0.1633,13.8991
21:50:50.219,21.3,44.1,530,-0.3182,14.8859
21:50:50.265,21.5,43.5,530,-1.0094,15.5827
21:50:50.303,26.5,35.8,530,-1.1243,15.0596
21:50:50.341,26.3,35.2,530,-0.9162,15.6045
21:50:50.387,21.9,42.8,530,-0.6433,15.8020
21:50:50.431,22.5,41.3,530,-0.9286,15.5374
21:50:50.476,22.4,42.2,530,-0.2197,14.9817
21:50:50.517,24.1,38.6,530,0.6233,15.4834
21:50:50.565,21.1,44.4,529,0.1701,16.3198
21:50:50.607,23.9,39.2,529,-0.2654,17.0916
21:50:50.649,23.6,39.4,529,-0.7408,17.9132
21:50:50.692,23.4,40.4,529,0.1852,18.2727
21:50:50.731,25.8,35.2,529,0.9325,17.6324
21:50:50.775,22.6,40.3,529,1.8838,17.3704
21:50:50.816,24.5,38.0,529,0.9991,17.0492
21:50:50.855,25.4,36.9,529,1.9704,16.8177
21:50:50.901,21.9,42.4,529,1.8942,15.8522
21:50:50.950,20.3,46.0,528,2.4225,15.3701
21:50:50.997,21.4,43.8,528,2.9312,14.8909
21:50:51.042,21.9,43.1,528,2.1357,14.7952
21:50:51.087,22.1,42.9,528,1.3175,14.9476
21:50:51.128,24.4,38.5,528,2.0758,14.9922
21:50:51.172,23.2,40.1,528,1.2402,14.7542
21:50:51.213,23.9,39.3,528,0.5597,15.1121
21:50:51.258,22.4,41.9,528,0.1479,14.2093
21:50:51.309,19.6,48.5,585,-0.3500,15.0624
21:50:51.350,24.2,38.3,585,-0.5316,16.0033
21:50:51.401,19.8,47.7,584,-0.3953,15.0706
21:50:51.439,26.1,35.4,582,-0.3993,14.1431
21:50:51.483,22.7,41.4,581,-0.8145,15.0526
21:50:51.522,25.5,36.3,581,-1.3089,14.6520
21:50:51.570,21.2,44.0,581,-0.3287,14.4981
21:50:51.618,20.6,45.8,581,-0.1342,15.4416
21:50:51.661,23.5,39.1,581,-1.0241,15.6977
21:50:51.699,26.1,35.4,581,-1.3075,14.7472
21:50:51.743,22.7,40.8,579,-1.6834,13.8351
21:50:51.784,24.3,39.3,577,-0.7826,13.5778
21:50:51.821,27.1,34.2,577,-0.5944,14.5584
21:50:51.868,21.4,42.9,576,-1.3706,13.9783
21:50:51.918,20.1,46.3,576,-1.6541,14.5582
21:50:51.956,25.8,36.5,576,-2.5287,14.2923
21:50:51.998,24.2,38.7,576,-2.9476,13.5610
21:50:52.039,24.1,38.6,576,-2.7835,14.1725
21:50:52.087,20.8,44.4,576,-3.6948,14.4461
21:50:52.131,22.9,40.5,576,-3.0575,14.7203
21:50:52.176,22.2,42.1,576,-2.4175,15.0069
21:50:52.223,21.3,45.4,576,-1.5110,15.0340
21:50:52.274,19.5,48.1,575,-0.7000,15.0464
21:50:52.313,25.6,36.4,575,-1.6287,15.2465
21:50:52.353,24.9,37.3,575,-0.7938,15.3050
21:50:52.401,21.1,44.7,575,-1.7046,15.5734
21:50:52.447,21.7,43.6,575,-2.3746,16.3138
21:50:52.489,23.7,39.7,575,-1.6002,15.7246
21:50:52.538,20.4,46.0,575,-2.0955,16.5555
21:50:52.584,21.8,43.1,574,-1.1103,16.6160
21:50:52.631,21.1,44.5,574,-0.2432,17.1056
21:50:52.673,24.0,39.0,574,-1.0742,16.5633
21:50:52.723,20.2,47.0,574,-0.2462,17.1007
21:50:52.767,22.4,42.4,574,0.6620,17.1002
21:50:52.805,26.8,34.4,574,1.4849,17.6154
21:50:52.845,24.9,37.9,574,2.2524,17.1716
21:50:52.894,20.1,46.5,574,1.4104,17.3369
21:50:52.935,24.4,38.1,574,1.2021,18.2142
21:50:52.981,21.7,43.5,574,0.4104,17.8598
21:50:53.027,21.9,42.2,574,-0.0554,17.2208
21:50:53.070,23.4,40.4,574,0.6104,16.6229
21:50:53.115,22.3,41.6,574,-0.3293,16.3247
21:50:53.157,23.8,39.0,574,0.4510,15.8224
21:50:53.202,22.2,42.4,574,0.6844,14.9184
21:50:53.245,23.1,39.6,574,0.8694,14.0178
21:50:53.293,21.1,44.7,573,1.1835,13.0867
21:50:53.333,24.5,39.2,572,1.4200,12.2323
21:50:53.376,23.3,40.6,572,1.3304,13.1360
21:50:53.425,20.5,45.8,567,0.9887,12.7541
21:50:53.470,22.3,42.0,552,1.2496,11.8453
21:50:53.512,23.9,38.1,545,1.6338,10.9425
21:50:53.559,21.1,45.0,534,1.7177,10.0723
21:50:53.607,20.9,45.2,528,0.8490,10.4985
21:50:53.647,24.9,37.6,522,0.0066,10.5724
21:50:53.689,23.6,39.4,522,-0.0536,9.7327
21:50:53.736,21.4,44.3,521,-0.0318,8.8887
21:50:53.780,22.7,40.9,520,-0.8128,8.9377
21:50:53.818,26.2,35.3,519,-1.8052,9.0422
21:50:53.864,22.0,42.1,517,-2.4255,9.2822
21:50:53.910,21.8,42.7,517,-2.0358,8.3622
21:50:53.959,20.1,46.0,517,-2.0385,7.8311
21:50:54.003,22.8,41.2,516,-1.9311,8.2167
21:50:54.051,21.2,44.3,516,-1.8726,7.8649
21:50:54.093,23.5,39.0,516,-1.8077,7.5173
21:50:54.135,23.9,39.2,516,-2.7986,7.6423
21:50:54.175,25.1,36.9,516,-3.3366,7.7381
21:50:54.222,21.3,43.8,516,-3.2056,7.4516
21:50:54.269,21.1,44.4,516,-4.1805,7.5949
21:50:54.310,24.1,39.8,516,-4.1692,7.2172
21:50:54.350,25.3,38.0,515,-4.4223,6.7702
21:50:54.394,22.6,41.8,515,-4.4019,6.4363
21:50:54.440,22.0,43.8,510,-4.9966,6.5387
21:50:54.482,23.8,40.5,510,-5.8033,7.1122
21:50:54.527,21.9,42.7,510,-5.6529,7.5953
21:50:54.566,25.7,36.4,509,-5.2807,7.9045
21:50:54.611,22.3,42.1,509,-4.9192,8.4450
21:50:54.653,23.8,39.6,509,-4.4216,8.8420
21:50:54.701,21.0,44.1,509,-3.8159,9.5002
21:50:54.744,23.2,40.5,507,-3.1504,9.5852
21:50:54.786,23.7,39.1,501,-3.3266,9.8023
21:50:54.825,25.4,36.8,501,-3.4033,9.2410
21:50:54.868,23.5,39.2,501,-3.3988,8.9090
21:50:54.913,22.3,42.0,501,-3.5131,8.8952
21:50:54.954,24.1,38.9,501,-2.8805,8.8646
21:50:54.997,23.4,39.4,501,-3.4169,8.0304
21:50:55.044,21.3,44.9,501,-3.2495,7.0829
21:50:55.086,23.9,38.5,501,-4.0541,7.3709
21:50:55.131,22.3,42.1,501,-4.9785,7.1579
21:50:55.172,24.3,37.2,501,-4.4187,7.8821
21:50:55.225,18.9,50.5,501,-3.5782,8.1657
21:50:55.267,23.9,39.3,500,-4.1626,7.9024
21:50:55.310,23.2,40.1,500,-4.4557,8.0711
21:50:55.357,21.3,44.0,500,-4.2334,7.5713
21:50:55.402,22.1,41.6,500,-5.1453,7.2166
21:50:55.438,27.6,31.7,500,-6.1113,7.0613
21:50:55.475,27.0,34.2,500,-6.3316,6.3332
21:50:55.525,20.2,46.8,500,-6.4289,5.5751
21:50:55.568,22.9,40.9,500,-5.4947,5.4291
21:50:55.609,24.4,37.6,500,-6.3088,5.3342
21:50:55.655,22.1,42.5,500,-5.4013,5.5458
21:50:55.699,22.6,40.9,500,-4.5772,5.0263
21:50:55.738,25.7,36.3,500,-5.5626,4.9238
21:50:55.782,22.5,41.9,500,-4.6077,4.6274
21:50:55.830,21.0,44.6,500,-3.6203,4.4874
21:50:55.872,23.7,39.6,500,-2.6530,4.2343
21:50:55.914,24.0,38.7,500,-2.1777,5.0072
21:50:55.950,27.6,33.1,500,-1.2848,5.4549
21:50:56.007,17.6,53.8,576,-0.3176,5.2524
21:50:56.053,21.7,43.8,575,-1.2514,5.4426
21:50:56.096,23.1,41.4,575,-1.5030,6.4008
21:50:56.137,24.2,38.2,575,-2.0300,7.1723
21:50:56.178,24.4,39.0,575,-2.4873,8.0483
21:50:56.220,24.3,38.3,575,-3.0228,8.6127
21:50:56.259,25.0,37.4,575,-3.6655,8.9330
21:50:56.301,24.2,38.7,574,-3.6864,8.0441
21:50:56.347,21.5,43.0,574,-3.3157,7.2071
21:50:56.393,22.0,42.2,574,-2.8503,7.6579
21:50:56.437,22.5,42.0,574,-2.4439,7.9753
21:50:56.483,21.8,42.9,574,-2.6487,8.9271
21:50:56.535,19.2,48.6,574,-3.2471,8.5272
21:50:56.578,23.2,40.3,574,-3.7786,8.1015
21:50:56.624,21.9,43.0,574,-4.2893,7.8011
21:50:56.666,23.9,39.1,574,-3.6371,7.0856
21:50:56.707,24.1,39.0,574,-4.1380,6.8488
21:50:56.750,23.5,39.5,574,-3.5408,6.5058
21:50:56.797,21.2,43.5,574,-4.0565,7.3550
21:50:56.844,21.4,43.8,574,-3.5702,6.4827
21:50:56.885,24.4,37.6,574,-4.3263,6.1986
21:50:56.928,23.2,40.1,574,-3.9254,6.6229
21:50:56.976,20.6,45.4,574,-3.7384,7.3782
21:50:57.025,20.4,46.7,574,-2.8711,7.8371
21:50:57.071,21.9,42.1,574,-3.7146,7.4400
21:50:57.109,26.6,34.9,574,-2.7518,7.7020
21:50:57.151,23.8,39.3,574,-3.6136,7.5188
21:50:57.188,26.9,34.8,574,-3.9530,8.4546
21:50:57.232,22.4,41.4,574,-4.4795,9.2826
21:50:57.275,23.2,40.0,573,-5.1473,10.0269
21:50:57.316,24.6,38.3,573,-5.7690,10.8033
21:50:57.361,22.1,42.7,573,-5.0599,11.3911
21:50:57.405,22.6,40.3,573,-5.7628,10.8011
21:50:57.444,25.9,35.6,573,-4.9337,11.1421
21:50:57.488,22.6,41.3,573,-5.9169,10.9760
21:50:57.536,20.8,45.3,573,-6.6679,10.5693
21:50:57.580,23.2,39.7,573,-5.7071,10.2984
21:50:57.626,21.5,44.7,573,-5.1419,9.7561
21:50:57.669,23.4,39.6,573,-5.8670,9.1470
21:50:57.705,27.8,34.5,573,-6.3889,9.8566
21:50:57.753,20.6,45.7,573,-5.8583,9.2898
21:50:57.802,20.7,46.4,573,-5.7074,8.4648
21:50:57.847,22.3,42.0,573,-6.0693,9.2234
21:50:57.885,25.9,35.4,573,-6.0452,8.5189
21:50:57.933,21.1,44.2,573,-6.7450,8.4220
21:50:57.977,22.5,40.7,573,-7.3601,8.4330
21:50:58.018,24.4,38.0,573,-7.9949,8.5187
21:50:58.057,25.9,36.0,573,-8.5594,8.6323
21:50:58.102,22.0,43.9,572,-8.9714,7.7395
21:50:58.143,24.1,38.2,572,-9.4091,8.4992
21:50:58.183,25.2,36.9,572,-9.8789,9.2527
21:50:58.222,25.5,36.1,572,-10.3804,9.9586
21:50:58.268,22.1,42.7,572,-10.9044,10.7599
21:50:58.312,22.7,41.7,572,-10.3971,10.0446
21:50:58.356,22.7,41.7,572,-10.9182,10.8788
21:50:58.402,21.5,43.5,572,-11.5061,11.4288
21:50:58.447,22.3,41.3,572,-12.1427,12.1224
21:50:58.490,23.3,39.5,572,-12.0042,11.6061
21:50:58.533,23.5,39.6,572,-11.3135,11.0819
21:50:58.580,21.2,44.3,572,-11.5669,11.7329
21:50:58.624,22.5,41.6,572,-12.4501,12.1463
21:50:58.663,25.9,35.8,572,-13.2925,11.6651
21:50:58.702,25.8,35.5,572,-14.1262,11.2341
21:50:58.745,22.8,40.7,572,-14.9360,10.7158
21:50:58.790,22.6,41.3,572,-15.7473,11.0938
21:50:58.832,23.4,41.1,572,-16.6981,10.8689
21:50:58.876,22.9,41.3,572,-16.4553,10.5194
21:50:58.916,25.2,36.9,557,-16.2249,10.0411
21:50:58.962,21.6,42.8,557,-16.2355,9.5977
21:50:59.001,25.5,35.4,557,-15.3842,9.1758
21:50:59.042,24.4,38.3,557,-14.8358,9.5308
21:50:59.085,23.6,39.9,557,-14.3716,9.8293
21:50:59.131,21.7,43.4,557,-13.7972,9.9733
21:50:59.164,29.9,30.8,557,-13.1602,10.1136
21:50:59.209,22.3,42.2,557,-13.9193,9.9780
21:50:59.250,24.5,36.9,557,-13.4934,10.1513
21:50:59.300,20.1,46.6,557,-12.7817,10.2507
21:50:59.344,22.7,40.8,557,-12.2788,10.4836
21:50:59.385,24.2,38.2,557,-12.9126,10.3186
21:50:59.422,26.9,34.3,556,-12.1062,10.6749
21:50:59.474,19.2,48.3,556,-12.3095,10.1687
21:50:59.520,21.9,43.3,556,-11.6815,10.3980
21:50:59.564,22.6,41.6,555,-11.4701,10.2074
21:50:59.607,23.2,40.5,554,-10.9053,10.5147
21:50:59.650,23.2,40.0,554,-10.7621,10.4061
21:50:59.691,24.7,38.1,554,-10.7279,10.2895
21:50:59.734,23.3,41.3,553,-11.0396,9.7392
21:50:59.780,21.9,43.2,549,-11.7035,9.3784
21:50:59.828,20.4,45.6,548,-10.9324,9.6646
21:50:59.875,21.3,43.8,547,-11.2778,9.0224
21:50:59.919,22.8,41.5,546,-10.9161,9.0469
21:50:59.962,23.3,39.7,546,-10.7450,8.8225
21:51:00.011,20.2,47.1,546,-9.9958,9.1844
21:51:00.054,23.6,38.5,546,-10.1523,8.6652
21:51:00.097,23.3,39.9,544,-9.6420,8.9268
21:51:00.142,22.1,42.3,544,-8.9674,9.6071
21:51:00.188,21.9,42.7,543,-8.2050,9.7990
21:51:00.231,23.2,40.7,543,-7.9165,9.6070
21:51:00.271,24.9,37.3,543,-7.1299,9.8941
21:51:00.316,22.1,43.3,543,-6.3378,10.1917
21:51:00.359,23.5,39.8,543,-5.6380,10.7057
21:51:00.410,19.6,43.2,543,-6.4850,10.5155
21:51:00.448,26.0,36.9,543,-5.7531,10.1769
21:51:00.495,21.3,45.4,543,-5.6572,9.9025
21:51:00.541,21.8,43.5,543,-5.1550,10.7641
21:51:00.583,23.9,38.8,543,-4.5474,10.3579
21:51:00.621,26.2,34.9,543,-3.5830,10.4462
21:51:00.670,20.4,45.5,543,-3.2370,10.2136
21:51:00.715,22.5,41.8,543,-4.0669,10.7656
21:51:00.759,22.4,41.8,543,-3.4097,10.1372
21:51:00.796,27.5,33.7,543,-4.1067,10.5609
21:51:00.843,20.9,45.4,542,-3.4501,9.8367
21:51:00.887,22.8,41.5,542,-2.5660,10.0223
21:51:00.927,25.6,36.5,541,-3.2548,9.8222
21:51:00.971,22.7,42.4,541,-2.4267,10.0393
21:51:01.018,21.1,44.4,541,-3.1225,9.7817
21:51:01.064,21.6,43.7,540,-3.7418,9.2911
21:51:01.107,23.3,40.3,539,-4.5576,8.9762
21:51:01.144,27.5,33.5,539,-5.3802,8.5976
21:51:01.195,19.5,48.1,537,-5.6735,8.5279
21:51:01.241,21.7,43.0,536,-6.5177,8.1190
21:51:01.284,23.4,40.1,536,-7.3657,7.7216
21:51:01.328,22.4,42.0,536,-8.1949,7.2893
21:51:01.374,21.6,43.5,535,-8.7145,6.8777
21:51:01.419,22.5,42.0,535,-9.5363,6.4080
21:51:01.461,23.8,39.5,535,-10.3767,6.0408
21:51:01.508,21.4,43.6,534,-11.1608,5.7123
21:51:01.557,20.1,46.6,534,-11.6388,5.3891
21:51:01.596,25.8,36.6,534,-12.0885,5.1567
21:51:01.642,21.8,43.5,534,-12.6544,4.7117
21:51:01.687,22.4,42.2,534,-11.7655,4.8032
21:51:01.726,25.5,36.2,534,-12.0656,5.0096
21:51:01.770,22.6,40.8,534,-13.0149,4.7053
21:51:01.811,24.2,39.0,534,-13.8034,4.1240
21:51:01.853,23.9,39.1,534,-13.0581,4.7371
21:51:01.898,22.2,42.0,534,-13.1379,5.3216
21:51:01.943,22.1,43.2,534,-13.7388,4.5663
21:51:01.985,23.9,39.5,534,-13.7051,5.2651
21:51:02.030,22.3,41.7,533,-14.1024,4.3653
21:51:02.075,22.2,42.1,533,-15.0625,4.2900
21:51:02.115,24.9,37.3,533,-15.7026,5.0365
21:51:02.153,26.2,35.3,533,-16.2460,4.2046
21:51:02.200,21.3,44.7,533,-16.4984,4.2825
21:51:02.243,23.6,39.9,533,-15.7249,3.7920
21:51:02.288,22.2,41.4,533,-15.8789,3.6612
21:51:02.332,22.9,41.4,531,-15.0458,4.1254
21:51:02.377,22.1,42.8,531,-14.4008,4.6781
21:51:02.420,23.0,40.2,531,-14.0067,4.8103
21:51:02.459,25.6,36.2,529,-13.2045,5.3855
21:51:02.500,24.6,37.8,529,-12.5132,5.8363
21:51:02.547,21.5,43.8,529,-11.8332,6.2901
21:51:02.594,21.2,44.6,529,-11.1378,6.8297
21:51:02.632,26.3,35.5,529,-11.2097,6.8446
21:51:02.677,22.1,41.6,529,-10.5780,7.5224
21:51:02.726,20.6,46.7,529,-10.0158,8.2248
21:51:02.772,21.3,45.2,529,-9.3981,8.9533
21:51:02.816,23.0,40.6,529,-8.8721,9.6685
21:51:02.866,19.8,47.9,528,-9.4572,8.9159
21:51:02.919,19.1,48.5,528,-8.8059,9.6448
21:51:02.961,23.6,39.8,526,-9.0423,9.5047
21:51:03.004,23.4,39.3,526,-8.3913,10.2342
21:51:03.055,19.4,48.3,526,-8.5037,10.1203
21:51:03.104,20.6,46.7,526,-7.8343,10.8417
21:51:03.147,23.4,39.6,525,-7.0816,11.3285
21:51:03.197,19.7,48.3,525,-6.6572,11.6160
21:51:03.235,26.6,35.1,525,-5.9852,11.9554
21:51:03.279,22.8,41.4,525,-5.3709,12.5711
21:51:03.320,24.2,38.6,525,-5.9702,13.1560
21:51:03.366,22.0,42.4,525,-5.5735,12.5092
21:51:03.413,21.4,43.7,524,-5.3009,11.6750
21:51:03.454,24.4,38.5,524,-5.7429,12.4678
21:51:03.506,19.2,48.5,524,-5.3429,12.0237
21:51:03.552,21.6,43.6,524,-5.0161,11.5678
21:51:03.593,24.1,39.0,524,-5.4018,11.9904
21:51:03.634,24.7,37.8,524,-6.1507,12.6156
21:51:03.679,22.0,43.4,524,-6.4215,12.9406
21:51:03.723,22.7,41.8,524,-6.0945,12.5496
21:51:03.768,22.5,41.2,521,-6.7712,13.2832
21:51:03.815,21.4,43.9,520,-7.2388,14.0752
21:51:03.862,21.1,44.5,519,-7.7802,14.8183
21:51:03.908,22.0,42.1,519,-8.0784,15.3168
21:51:03.951,23.1,40.9,516,-8.7872,15.8630
21:51:03.990,25.7,35.7,516,-9.4909,16.2839
21:51:04.037,21.2,44.2,516,-9.2356,16.0369
21:51:04.080,23.3,40.1,515,-8.8914,15.7286
21:51:04.125,22.1,42.4,514,-8.3455,15.3042
21:51:04.167,23.7,39.5,514,-9.0985,15.9420
21:51:04.218,19.6,48.2,514,-8.6237,15.4969
21:51:04.266,20.9,45.1,514,-9.1582,16.1293
21:51:04.308,23.8,39.0,514,-8.5895,15.4334
21:51:04.349,24.6,37.9,513,-8.0922,14.9609
21:51:04.399,20.0,46.6,507,-7.4866,14.4000
21:51:04.449,19.7,48.1,505,-8.0823,15.0655
21:51:04.494,22.5,41.9,502,-7.4893,14.4824
21:51:04.542,20.6,45.8,610,-8.0294,15.0639
21:51:04.587,22.4,41.7,610,-7.5289,14.5138
21:51:04.635,20.6,45.3,610,-7.0539,13.9633
21:51:04.673,26.4,34.2,610,-7.6167,14.7086
21:51:04.714,24.3,38.3,610,-7.5953,15.0815
21:51:04.759,22.2,41.9,610,-7.5339,15.3699
21:51:04.804,22.1,42.6,610,-7.8100,15.3746
21:51:04.845,24.6,38.4,610,-7.9141,15.1625
21:51:04.884,25.4,36.5,610,-7.5465,14.5211
21:51:04.933,20.4,45.5,610,-7.6058,14.7580
21:51:04.980,21.4,42.7,609,-7.3680,13.8897
21:51:05.020,25.2,37.4,609,-7.0563,13.5823
21:51:05.063,22.9,40.9,608,-6.9938,12.8344
21:51:05.110,21.6,43.3,608,-7.3392,13.2117
21:51:05.153,23.1,40.5,608,-7.5746,13.6670
21:51:05.197,22.7,41.1,608,-7.6842,13.6461
21:51:05.244,21.2,44.6,607,-7.9704,14.1309
21:51:05.290,22.0,42.8,605,-7.8386,13.8264
21:51:05.335,22.0,42.6,605,-7.9920,14.0540
21:51:05.373,26.0,36.2,604,-8.2212,14.4090
21:51:05.422,20.5,45.8,604,-8.4055,14.7570
21:51:05.464,24.1,38.7,604,-8.0841,14.5221
21:51:05.507,22.9,40.8,604,-8.2357,14.8682
21:51:05.545,26.7,34.1,604,-8.5926,14.8166
21:51:05.589,22.5,41.6,604,-8.7892,14.5338
21:51:05.633,22.8,40.3,604,-9.0388,14.3724
21:51:05.675,24.1,38.6,604,-8.8131,14.5062
21:51:05.716,24.3,38.2,604,-9.0377,14.3967
21:51:05.763,21.4,43.5,604,-8.2769,14.7321
21:51:05.808,22.1,42.3,604,-8.9672,14.6592
21:51:05.849,24.3,38.5,604,-8.8142,14.4509
21:51:05.891,24.1,38.6,604,-9.5702,14.2049
21:51:05.936,21.9,42.9,604,-9.4480,13.7414
21:51:05.981,22.1,42.5,604,-9.8509,12.8351
21:51:06.022,24.8,37.7,604,-10.3371,12.1616
21:51:06.059,26.8,34.2,604,-10.8675,12.3490
21:51:06.103,22.8,41.6,604,-11.0282,13.2053
21:51:06.148,22.3,41.7,603,-11.3640,12.2737
21:51:06.191,23.3,40.2,603,-11.8103,11.4356
21:51:06.228,27.3,34.4,603,-12.2247,11.0866
21:51:06.272,22.8,40.8,603,-12.0875,11.0443
21:51:06.321,20.1,47.1,603,-12.3222,10.7619
21:51:06.362,24.7,37.6,603,-12.9729,10.2968
21:51:06.403,24.2,38.2,603,-13.2841,9.3552
21:51:06.448,22.1,42.9,603,-13.2362,8.3710
21:51:06.490,23.8,39.5,603,-12.8175,8.4909
21:51:06.535,22.4,41.9,603,-13.1051,7.6633
21:51:06.577,23.6,39.7,603,-12.4495,7.4846
21:51:06.626,20.6,47.0,603,-11.6939,7.2032
21:51:06.674,20.5,46.2,602,-11.5908,6.4873
21:51:06.719,22.4,41.1,602,-11.8499,5.7824
21:51:06.761,23.7,39.8,601,-12.0138,6.6061
21:51:06.807,22.0,42.5,601,-12.9675,6.7609
21:51:06.853,21.6,43.1,601,-13.3643,7.4718
21:51:06.891,26.0,35.5,600,-12.3947,7.7105
21:51:06.932,24.4,38.4,600,-12.1447,7.7207
21:51:06.978,22.2,42.3,599,-11.2316,8.0113
21:51:07.025,20.9,44.9,599,-10.9428,8.2857
21:51:07.068,23.4,39.6,599,-11.2301,8.4239
21:51:07.114,21.9,42.6,599,-10.7713,8.7838
21:51:07.156,23.3,40.3,599,-10.1962,9.5759
21:51:07.205,20.6,45.8,599,-10.0225,8.7030
21:51:07.246,24.4,39.2,599,-9.5765,8.7951
21:51:07.293,21.4,43.8,599,-10.0659,9.6484
21:51:07.341,20.9,45.2,599,-9.7477,10.2725
21:51:07.382,24.2,38.4,599,-9.5533,10.7812
21:51:07.425,23.1,40.7,599,-9.9186,10.2812
21:51:07.465,25.2,36.6,599,-9.5237,10.0642
21:51:07.514,20.4,45.9,599,-8.9044,10.8064
21:51:07.559,22.3,41.9,599,-8.0203,11.2145
21:51:07.601,23.8,39.3,599,-7.1588,11.6750
21:51:07.647,21.6,44.1,599,-6.6179,11.6029
21:51:07.692,22.0,42.2,599,-5.6966,11.7728
21:51:07.730,26.5,35.4,599,-5.1073,10.9743
21:51:07.784,18.7,50.7,599,-5.7814,11.6607
21:51:07.834,19.9,46.6,599,-5.1825,11.7373
21:51:07.880,22.0,42.5,599,-4.9919,12.0252
21:51:07.927,21.1,44.5,599,-4.7993,12.3326
21:51:07.976,20.3,46.2,599,-4.6959,13.2884
21:51:08.025,20.5,47.0,599,-5.0963,12.4579
21:51:08.069,22.8,40.9,599,-5.4917,11.6611
21:51:08.121,19.0,48.9,599,-5.1510,10.9915
21:51:08.166,22.6,41.4,599,-4.5496,10.4346
21:51:08.217,19.5,48.6,599,-4.1776,11.2289
21:51:08.262,22.3,42.4,599,-3.7001,12.0468
21:51:08.303,24.2,38.0,599,-3.9412,11.3714
21:51:08.348,22.4,42.3,599,-3.5911,11.9641
21:51:08.395,21.2,44.2,598,-3.2378,11.1539
21:51:08.446,19.6,48.0,598,-3.1978,11.9865
21:51:08.480,28.8,33.1,598,-3.8484,12.6449
21:51:08.517,27.0,34.6,598,-3.0651,13.0881
21:51:08.562,22.5,41.4,598,-2.1890,13.1507
21:51:08.606,22.5,42.0,598,-1.5207,12.5522
21:51:08.648,24.2,37.6,598,-1.9831,11.7177
21:51:08.692,22.5,37.5,598,-2.5209,12.4301
21:51:08.741,20.4,46.2,598,-1.6789,12.1455
21:51:08.791,20.2,47.9,598,-2.5264,11.6437
21:51:08.835,22.3,42.0,598,-2.9702,11.1063
21:51:08.879,22.8,40.6,598,-2.9279,11.9964
21:51:08.920,24.5,38.3,598,-3.1312,11.0688
21:51:08.967,21.2,40.4,598,-2.9581,10.0866
21:51:09.006,25.5,36.5,598,-3.1715,9.1364
21:51:09.053,21.3,44.4,598,-3.4198,10.1050
21:51:09.092,26.1,36.3,598,-3.1410,9.1451
21:51:09.133,24.4,38.2,598,-3.5021,10.0174
21:51:09.171,26.4,34.4,598,-2.8140,10.4559
21:51:09.220,20.1,46.5,598,-2.8360,11.4532
21:51:09.270,20.3,46.9,598,-2.2764,10.8590
21:51:09.313,23.1,40.1,598,-2.5951,11.5582
21:51:09.350,26.7,34.4,598,-2.8665,12.0730
21:51:09.398,21.2,44.4,598,-2.5064,12.9979
21:51:09.442,22.3,43.1,598,-2.7291,13.6512
21:51:09.485,23.4,41.2,598,-1.7486,13.4650
21:51:09.524,26.0,36.0,597,-0.7876,13.2984
21:51:09.567,23.2,40.3,597,-0.6043,12.8300
21:51:09.612,21.9,42.9,597,-1.2335,12.2207
21:51:09.656,23.1,40.4,597,-1.3524,11.2678
21:51:09.693,27.1,33.7,597,-1.3612,11.1063
21:51:09.733,24.9,37.3,597,-1.5322,12.0632
21:51:09.774,24.2,39.2,597,-2.4118,12.5381
21:51:09.821,21.0,44.9,597,-3.3769,12.7699
21:51:09.863,24.2,37.8,597,-3.8932,13.2166
21:51:09.905,23.6,39.5,597,-4.7191,13.3535
21:51:09.952,21.6,43.6,597,-3.8346,13.2277
21:51:09.992,24.6,37.6,597,-3.0091,13.7422
21:51:10.032,24.9,37.0,597,-3.3753,12.8170
21:51:10.081,20.4,46.5,597,-2.4756,12.4145
21:51:10.128,21.2,43.9,597,-1.6055,11.9313
21:51:10.174,22.1,42.6,597,-2.1180,11.0727
21:51:10.217,23.0,40.9,597,-2.2994,10.0929
21:51:10.259,23.9,39.4,596,-2.6878,9.1714
21:51:10.304,22.1,42.2,596,-2.9488,8.2209
21:51:10.351,21.5,43.4,596,-3.2199,7.2592
21:51:10.398,21.2,44.6,596,-3.4836,6.3057
21:51:10.443,22.1,42.9,596,-3.1461,6.8901
21:51:10.488,22.6,41.5,596,-3.4333,5.9323
21:51:10.527,25.3,36.5,596,-3.6362,5.0456
21:51:10.568,24.5,39.2,596,-3.9525,4.1003
21:51:10.610,23.6,39.9,596,-4.1420,3.2043
21:51:10.660,20.2,47.8,596,-4.2914,2.2690
21:51:10.693,29.8,31.2,596,-4.4304,2.5173
21:51:10.742,20.4,46.5,596,-4.1656,3.2049
21:51:10.787,22.3,42.1,596,-4.6392,2.3331
21:51:10.832,22.6,41.8,596,-5.0322,1.4153
21:51:10.875,22.9,40.4,596,-5.8898,1.7679
21:51:10.919,23.0,40.3,596,-6.1925,1.4905
21:51:10.962,23.0,40.1,596,-5.3668,2.0544
21:51:11.002,25.3,37.1,596,-5.4889,2.3371
21:51:11.047,22.1,42.9,596,-6.2153,1.6605
21:51:11.091,22.5,41.8,596,-6.9623,1.0794
21:51:11.136,22.4,42.1,596,-7.6427,0.7246
21:51:11.172,27.7,33.4,596,-8.0892,0.1516
21:51:11.219,21.4,43.7,596,-7.6636,0.2754
21:51:11.264,22.0,42.3,596,-8.2870,-0.2043
21:51:11.311,21.4,43.5,596,-8.4342,-1.0656
21:51:11.353,24.1,38.9,596,-9.1158,-1.5167
21:51:11.396,23.2,39.8,595,-9.3656,-2.2028
21:51:11.443,21.0,44.8,595,-8.6158,-2.8352
21:51:11.488,22.4,42.2,595,-8.4110,-2.1021
21:51:11.525,26.6,35.1,595,-8.5869,-2.8520
21:51:11.570,22.2,42.5,595,-8.7511,-3.6280
21:51:11.618,20.9,44.1,595,-8.9211,-2.7976
21:51:11.661,23.5,39.4,595,-9.0191,-1.9463
21:51:11.698,26.9,34.0,595,-9.0136,-1.0757
21:51:11.749,19.5,48.8,595,-8.4614,-1.3190
21:51:11.794,22.3,41.6,595,-7.6071,-0.9417
21:51:11.838,22.9,40.9,595,-7.0199,-1.5049
21:51:11.890,19.0,49.7,590,-6.1080,-1.4942
21:51:11.937,21.5,43.9,587,-6.2199,-1.0657
21:51:11.981,22.7,41.4,587,-6.3641,-0.6363
21:51:12.026,22.3,42.1,586,-6.3843,-0.2700
21:51:12.071,21.9,42.6,583,-5.7913,-0.8225
21:51:12.113,23.7,39.8,579,-5.3231,-1.4134
21:51:12.159,22.2,41.6,579,-4.8771,-1.9518
21:51:12.197,25.8,35.5,578,-4.3550,-2.2424
21:51:12.244,21.4,43.1,578,-4.8594,-3.0675
21:51:12.287,23.2,39.7,578,-5.5264,-3.7909
21:51:12.331,22.9,40.3,575,-6.0081,-3.1073
21:51:12.374,23.4,39.7,572,-5.4790,-3.6909
21:51:12.419,22.1,42.1,572,-4.9318,-4.2344
21:51:12.462,23.5,39.1,571,-4.3176,-4.7832
21:51:12.503,24.0,38.2,571,-3.8135,-4.4505
21:51:12.551,20.9,44.4,570,-4.2977,-3.8232
21:51:12.590,25.3,36.6,570,-3.6511,-4.4668
21:51:12.635,22.3,42.2,565,-4.1170,-3.8536
21:51:12.676,24.6,37.8,565,-3.5479,-4.1634
21:51:12.722,21.9,43.1,565,-3.0262,-4.3452
21:51:12.765,22.9,41.1,564,-2.4013,-4.9224
21:51:12.810,22.3,41.9,564,-2.3494,-5.6063
21:51:12.852,24.0,38.8,564,-2.5871,-6.2366
21:51:12.893,24.6,38.2,564,-2.7963,-6.0961
21:51:12.938,22.3,42.3,564,-2.8515,-6.1701
21:51:12.982,22.7,40.8,564,-2.9183,-6.2471
21:51:13.021,25.2,36.8,564,-3.2128,-6.8036
21:51:13.070,20.6,44.8,563,-3.2060,-6.7313
21:51:13.117,21.1,44.7,558,-3.3667,-6.5054
21:51:13.160,23.5,40.1,557,-3.6844,-7.0880
21:51:13.195,28.5,33.5,557,-3.7592,-6.3874
21:51:13.239,22.5,41.2,555,-3.5466,-6.8483
21:51:13.284,22.2,42.7,542,-4.1322,-6.0434
21:51:13.333,20.6,44.6,534,-4.1749,-5.1989
21:51:13.377,22.6,40.9,532,-4.5912,-4.4516
21:51:13.429,19.3,49.5,531,-4.3189,-4.3190
21:51:13.481,19.3,48.9,527,-4.2298,-3.4266
21:51:13.525,22.5,41.1,525,-4.3152,-3.9845
21:51:13.570,22.3,41.3,522,-4.4105,-3.2578
21:51:13.617,21.2,44.6,522,-4.5390,-2.7295
21:51:13.662,22.4,41.6,522,-4.5684,-2.5318
21:51:13.706,22.3,41.2,521,-4.6637,-3.1205
21:51:13.753,21.3,43.5,520,-4.7076,-2.9835
21:51:13.797,22.9,40.6,520,-4.7255,-2.0358
21:51:13.841,22.9,40.6,519,-4.9441,-2.5167
21:51:13.880,25.4,36.3,519,-5.2556,-3.0664
21:51:13.924,22.6,41.9,519,-4.9371,-2.6149
21:51:13.971,21.2,43.8,519,-4.6345,-2.1045
21:51:14.016,22.2,42.7,519,-4.4724,-1.6235
21:51:14.062,22.0,42.7,519,-4.6154,-2.0422
21:51:14.106,22.7,40.8,519,-4.9174,-2.0289
21:51:14.150,22.9,39.8,519,-4.6229,-1.3463
21:51:14.196,21.3,42.9,519,-4.4031,-0.6137
21:51:14.242,21.7,42.7,519,-4.8471,-1.3959
21:51:14.285,23.5,40.1,519,-5.4216,-1.0968
21:51:14.327,23.7,39.3,519,-4.8231,-1.3583
21:51:14.374,21.4,44.7,519,-4.2485,-0.6893
21:51:14.418,22.7,40.6,519,-3.5100,-0.5896
21:51:14.457,25.6,35.6,519,-4.2926,-0.5480
21:51:14.502,22.1,42.6,519,-3.9866,-0.9173
21:51:14.542,24.8,37.1,519,-4.6511,-0.7493
21:51:14.584,24.3,38.7,519,-4.4730,-1.2737
21:51:14.627,23.0,40.9,519,-4.4535,-2.0934
21:51:14.671,23.0,41.8,519,-4.7797,-1.9232
21:51:14.721,19.9,47.5,519,-4.1793,-1.2108
21:51:14.764,23.0,41.7,519,-3.7754,-0.7878
21:51:14.802,26.9,34.4,519,-3.5098,-0.8400
21:51:14.853,19.3,48.9,519,-3.7391,-0.4252
21:51:14.894,24.6,38.1,519,-3.7017,-0.0145
21:51:14.932,26.3,34.9,519,-3.5332,0.2252
21:51:14.977,22.3,41.7,519,-3.3337,0.4414
21:51:15.015,26.4,36.1,519,-3.1138,0.5401
21:51:15.060,22.2,42.6,519,-2.7766,-0.1354
21:51:15.100,25.2,37.2,519,-3.1982,-0.7598
21:51:15.145,22.1,42.3,519,-2.9885,-1.5588
21:51:15.188,23.0,40.2,519,-3.2158,-1.2316
21:51:15.227,25.7,36.0,519,-3.8008,-0.4733
21:51:15.270,23.5,39.4,519,-3.2301,-1.2408
21:51:15.315,22.1,42.5,519,-3.2190,-2.1444
21:51:15.358,23.0,40.2,519,-3.3269,-1.1535
21:51:15.399,24.7,37.1,519,-4.1881,-1.2417
21:51:15.442,23.5,38.9,519,-3.5620,-0.9592
21:51:15.484,23.3,39.9,519,-3.3864,-0.4560
21:51:15.533,20.8,45.8,519,-3.3985,-0.6399
21:51:15.568,28.1,33.2,519,-3.2209,-0.1618
21:51:15.617,20.5,34.5,519,-3.2188,-0.4455
21:51:15.662,22.0,42.5,519,-3.2214,-0.7292
21:51:15.710,21.2,44.0,519,-3.2356,-1.0539
21:51:15.752,23.6,39.9,519,-3.2953,-0.8428
21:51:15.793,24.4,38.3,519,-3.3120,-0.8442
21:51:15.839,21.8,43.5,519,-3.4041,-1.4790
21:51:15.885,21.5,43.3,519,-3.6210,-1.4269
21:51:15.923,26.6,34.7,519,-3.7810,-1.3489
21:51:15.969,21.7,43.1,519,-3.7623,-1.3368
21:51:16.013,22.9,41.9,519,-4.5320,-1.9314
21:51:16.052,25.5,37.2,518,-5.4058,-2.4149
21:51:16.095,23.3,40.1,518,-6.3609,-2.7083
21:51:16.139,22.8,41.1,518,-7.1726,-3.1853
21:51:16.187,20.4,46.2,518,-7.8126,-3.7400
21:51:16.230,23.4,40.3,518,-8.2602,-4.2035
21:51:16.266,27.9,33.3,518,-7.8020,-3.6763
21:51:16.308,23.8,40.1,518,-8.7967,-3.6876
21:51:16.349,24.4,37.8,518,-8.5400,-3.6211
21:51:16.389,24.6,37.3,518,-8.2367,-3.6801
21:51:16.438,20.6,39.1,518,-8.5737,-3.5636
21:51:16.481,23.4,40.6,518,-8.8133,-4.1549
21:51:16.520,25.2,37.4,518,-8.7970,-4.0790
21:51:16.558,26.4,34.9,518,-8.7805,-4.0278
21:51:16.605,21.2,44.6,518,-9.6014,-3.4912
21:51:16.651,22.0,42.5,518,-9.1363,-3.5253
21:51:16.694,23.1,40.5,518,-9.1602,-3.3180
21:51:16.731,26.7,35.9,518,-9.3712,-3.3322
21:51:16.780,20.7,45.5,518,-8.5649,-2.7847
21:51:16.831,19.3,48.7,518,-7.7673,-2.9957
21:51:16.877,22.1,42.4,518,-8.2319,-2.1104
21:51:16.924,21.2,44.6,518,-8.5213,-2.3788
21:51:16.969,22.0,42.6,518,-8.6790,-2.9785
21:51:17.018,20.5,43.5,518,-8.4792,-2.8543
21:51:17.068,20.2,46.7,518,-7.9238,-3.5875
21:51:17.114,21.4,44.0,518,-7.1372,-3.0086
21:51:17.153,25.5,36.6,518,-6.6284,-2.2346
21:51:17.205,19.4,48.3,518,-6.6427,-1.6638
21:51:17.248,22.9,40.5,518,-6.8249,-1.0934
21:51:17.292,22.8,41.3,518,-6.3771,-0.5783
21:51:17.331,26.0,34.9,518,-6.7923,-0.8910
21:51:17.373,23.5,39.8,518,-7.2838,-1.5005
21:51:17.421,21.2,43.8,518,-6.4524,-1.3113
21:51:17.460,25.3,36.3,518,-7.1587,-1.7240
21:51:17.498,26.0,36.0,518,-7.7326,-2.0968
21:51:17.536,26.8,34.5,518,-8.2713,-2.6552
21:51:17.580,22.8,41.5,518,-9.0992,-2.5112
21:51:17.625,22.0,41.6,518,-8.7731,-2.1892
21:51:17.663,26.4,35.4,518,-9.3619,-1.4671
21:51:17.704,24.2,38.1,518,-9.8799,-1.8547
21:51:17.742,26.5,35.2,518,-9.3230,-1.4971
21:51:17.787,22.0,43.1,518,-9.6276,-2.1352
21:51:17.829,23.9,38.3,518,-9.7899,-2.8965
21:51:17.871,23.7,40.0,518,-9.4586,-3.2751
21:51:17.916,22.2,41.2,518,-8.4610,-3.3260
21:51:17.959,23.3,40.0,518,-9.1953,-3.8413
21:51:18.003,23.1,39.5,518,-8.6488,-3.0822
21:51:18.048,22.0,41.9,518,-8.8999,-3.2816
21:51:18.090,23.7,40.2,518,-8.8318,-2.7065
21:51:18.132,23.9,39.1,518,-8.8127,-3.3129
21:51:18.177,22.1,42.5,518,-8.6874,-2.3301
21:51:18.226,20.7,45.2,518,-8.0231,-1.6149
21:51:18.265,25.4,36.9,518,-7.1325,-1.4555
21:51:18.309,22.6,41.9,518,-6.2300,-1.6916
21:51:18.354,22.2,41.8,518,-7.1451,-2.0050
21:51:18.390,28.0,33.3,518,-6.4219,-2.6890
21:51:18.433,23.4,39.4,518,-6.7779,-3.3046
21:51:18.477,22.5,41.2,518,-6.6823,-3.0584
21:51:18.517,25.2,36.9,518,-6.0822,-2.3168
21:51:18.559,23.7,39.4,518,-5.8973,-1.5311
21:51:18.598,25.6,36.8,518,-5.6448,-0.8331
21:51:18.649,19.6,42.4,518,-5.0721,-1.5808
21:51:18.692,23.2,40.3,518,-4.5252,-2.2779
21:51:18.732,24.8,37.0,518,-4.3851,-3.1070
21:51:18.775,23.2,40.1,518,-4.7506,-3.5699
21:51:18.824,20.8,44.5,518,-5.2294,-4.0527
21:51:18.868,22.6,41.5,518,-5.6277,-4.5732
21:51:18.912,22.8,40.9,518,-4.7111,-4.8583
21:51:18.960,20.7,44.9,518,-5.0945,-5.3568
21:51:19.003,23.0,40.3,518,-5.6098,-5.7419
21:51:19.046,23.8,39.3,518,-5.8792,-6.2106
21:51:19.088,23.6,40.6,518,-6.3690,-6.9518
21:51:19.136,20.8,45.0,518,-6.3235,-6.7131
21:51:19.179,23.1,40.3,518,-5.8704,-5.9279
21:51:19.215,28.4,32.0,518,-5.6363,-5.4597
21:51:19.259,22.3,42.0,518,-5.1257,-5.5993
21:51:19.311,19.3,48.9,518,-5.4482,-4.7125
21:51:19.347,27.7,33.0,518,-5.0199,-3.8152
21:51:19.399,19.4,49.1,518,-5.3665,-3.6478
21:51:19.441,23.6,38.8,518,-5.1598,-3.1987
21:51:19.483,23.9,39.6,518,-4.7126,-2.3694
21:51:19.526,23.4,39.7,518,-4.3818,-2.6178
21:51:19.575,20.2,47.1,518,-4.5114,-2.2698
21:51:19.619,22.7,41.5,518,-4.6679,-1.8487
21:51:19.659,25.1,37.1,518,-4.8463,-1.4973
21:51:19.702,23.4,39.8,518,-4.9544,-1.2976
21:51:19.749,21.3,43.4,518,-5.3616,-1.0018
21:51:19.787,25.8,36.1,518,-5.1449,-1.3336
21:51:19.827,25.4,36.4,518,-5.4577,-1.1401
21:51:19.867,25.0,37.5,518,-6.0604,-0.6177
21:51:19.913,21.9,42.7,518,-5.6397,-0.9333
21:51:19.955,23.3,40.5,518,-5.8564,-0.9746
21:51:19.995,25.2,37.1,518,-6.3072,-0.8555
21:51:20.034,25.6,35.4,518,-6.0380,-1.0052
21:51:20.086,19.3,49.1,518,-6.6488,-1.1542
21:51:20.129,23.1,41.6,518,-6.2772,-1.2212
21:51:20.173,23.0,40.9,518,-6.7650,-1.2433
21:51:20.214,24.5,38.2,518,-7.2089,-1.6212
21:51:20.257,22.8,40.8,518,-7.4113,-1.3481
21:51:20.301,23.1,40.0,518,-7.7593,-1.5541
21:51:20.338,26.7,33.9,518,-7.6830,-0.5938
21:51:20.380,23.8,39.3,518,-7.1354,0.0979
21:51:20.428,20.7,45.4,518,-6.6170,0.1788
21:51:20.472,22.9,40.6,518,-7.4915,-0.1516
21:51:20.515,23.3,39.6,518,-8.3917,-0.1733
21:51:20.560,22.1,42.6,518,-7.8967,-0.8069
21:51:20.602,23.9,38.1,518,-7.3054,-1.3651
21:51:20.646,22.7,42.2,518,-6.7420,-1.9715
21:51:20.688,23.6,39.6,518,-6.1464,-2.5142
21:51:20.732,23.2,40.7,518,-5.4701,-2.9058
21:51:20.773,23.9,38.8,518,-4.7667,-3.3435
21:51:20.813,25.2,36.4,518,-5.4736,-3.8570
21:51:20.853,25.2,36.5,518,-5.0125,-3.3106
21:51:20.894,24.4,37.8,518,-4.9047,-2.4858
21:51:20.938,22.4,42.1,518,-4.8652,-2.0965
21:51:20.983,22.6,41.2,518,-4.5496,-1.6701
21:51:21.024,24.3,38.2,518,-4.7965,-1.3590
21:51:21.068,22.5,42.1,518,-4.0691,-1.4881
21:51:21.116,21.2,44.8,518,-3.6883,-2.2262
21:51:21.160,22.5,42.8,518,-3.3299,-2.6490
21:51:21.204,22.7,41.6,518,-3.1129,-2.8554
21:51:21.251,21.4,43.7,518,-2.1628,-2.8369
21:51:21.298,21.2,44.2,518,-2.8308,-2.6796
21:51:21.340,24.0,39.6,518,-2.8828,-2.1026
21:51:21.390,20.0,46.9,518,-3.7320,-2.6135
21:51:21.441,19.4,49.8,518,-3.8996,-2.1805
21:51:21.489,20.8,46.5,518,-4.4432,-2.4908
21:51:21.534,22.3,41.7,518,-5.0541,-3.1812
21:51:21.580,21.9,42.5,518,-4.7650,-2.2309
21:51:21.624,22.8,40.4,518,-5.4507,-1.8170
21:51:21.668,22.5,41.2,518,-5.1351,-0.8771
21:51:21.714,21.9,43.0,518,-5.5304,-1.5356
21:51:21.759,21.9,43.0,518,-5.6386,-2.3506
21:51:21.797,26.8,33.6,518,-6.0731,-2.3991
21:51:21.840,23.2,40.7,518,-6.1889,-3.2141
21:51:21.884,22.8,41.0,518,-6.1010,-2.4327
21:51:21.931,21.2,43.9,518,-6.5433,-3.2944
21:51:21.979,20.7,44.4,517,-7.3602,-3.3508
21:51:22.019,25.3,36.6,516,-7.7513,-4.1885
21:51:22.063,22.6,42.7,516,-8.0146,-5.0337
21:51:22.106,23.0,40.1,516,-7.5100,-4.1826
21:51:22.146,25.0,38.4,516,-7.1677,-3.3271
21:51:22.184,26.3,34.4,516,-7.4931,-4.1860
21:51:22.228,22.6,41.7,516,-6.9113,-3.3910
21:51:22.274,21.8,43.7,516,-7.0836,-4.2413
21:51:22.315,24.8,37.4,516,-7.2802,-5.0664
21:51:22.359,22.7,41.8,515,-6.8725,-4.1998
21:51:22.404,22.0,42.1,514,-6.4723,-3.3106
21:51:22.452,21.0,44.5,514,-6.0824,-2.4291
21:51:22.497,22.1,43.6,514,-5.6603,-1.5358
21:51:22.540,23.5,39.2,514,-6.0410,-2.4170
21:51:22.576,27.8,34.1,514,-5.5470,-1.6742
21:51:22.620,22.7,41.3,513,-5.9371,-2.5837
21:51:22.658,25.9,36.2,513,-6.3887,-3.4700
21:51:22.699,24.6,38.4,513,-6.8408,-4.3587
21:51:22.746,21.0,44.9,513,-6.3605,-3.9158
21:51:22.786,25.3,36.3,513,-7.2384,-3.4671
21:51:22.835,20.2,46.7,513,-8.1402,-3.0674
21:51:22.883,21.2,44.2,513,-7.3529,-3.5041
21:51:22.926,23.1,41.0,513,-6.5623,-3.9429
21:51:22.976,20.1,46.3,513,-7.4298,-3.5113
21:51:23.009,30.5,30.4,513,-6.5021,-3.8261
21:51:23.070,16.2,47.8,512,-6.0584,-3.4087
21:51:23.117,21.3,43.7,501,-5.1111,-3.5956
21:51:23.159,24.3,38.5,501,-5.7473,-2.9783
21:51:23.202,23.1,40.6,501,-5.4321,-3.5852
21:51:23.243,24.3,38.3,501,-5.1796,-4.5528
21:51:23.286,23.4,39.4,501,-5.2887,-3.5706
21:51:23.330,22.6,41.3,501,-5.4878,-2.5907
21:51:23.375,22.0,43.1,501,-5.1457,-3.5188
21:51:23.421,21.8,43.5,501,-4.5260,-2.7544
21:51:23.462,24.3,39.5,501,-5.1812,-3.4929
21:51:23.506,23.0,40.5,501,-4.5742,-2.7159
21:51:23.552,21.8,42.3,501,-3.8226,-2.1546
21:51:23.593,24.0,38.6,501,-3.1872,-1.5213
21:51:23.640,21.5,41.0,501,-2.4344,-0.9611
21:51:23.680,24.8,37.5,501,-1.8213,-0.2957
21:51:23.718,26.1,35.9,501,-2.5020,-0.8416
21:51:23.759,24.7,37.9,501,-1.9736,-0.0630
21:51:23.798,25.8,35.6,501,-1.3335,-0.6782
21:51:23.841,23.0,40.3,501,-1.8383,-1.4390
21:51:23.884,23.5,40.3,501,-0.9303,-1.8087
21:51:23.923,25.3,36.9,501,-1.8126,-2.2629
21:51:23.964,24.3,38.5,501,-2.1819,-1.5052
21:51:24.008,23.1,40.7,501,-2.8333,-1.7149
21:51:24.054,21.7,43.6,501,-2.9833,-2.6856
21:51:24.095,24.0,39.1,501,-3.8245,-2.3134
21:51:24.138,23.6,40.7,501,-3.3545,-1.4393
21:51:24.183,22.2,40.2,501,-4.3522,-1.3793
21:51:24.225,23.7,39.3,501,-3.3976,-1.2092
21:51:24.262,26.7,34.5,501,-3.7139,-0.5694
21:51:24.305,23.2,40.3,501,-3.9365,0.1930
21:51:24.348,23.6,39.5,501,-4.1573,0.9701
21:51:24.389,24.1,39.0,501,-4.3783,1.7804
21:51:24.429,24.9,37.5,501,-4.6040,2.5752
21:51:24.468,25.7,36.2,501,-4.9774,3.1327
21:51:24.513,22.3,42.5,501,-4.5220,3.9502
21:51:24.559,21.6,43.0,501,-5.0485,3.8201
21:51:24.597,26.3,35.3,501,-4.6166,4.5890
21:51:24.634,27.4,33.2,501,-5.0080,3.7985
21:51:24.680,21.8,43.4,501,-5.3262,2.9352
21:51:24.726,21.8,42.3,501,-5.4116,1.9398
21:51:24.766,24.6,37.9,501,-4.6621,2.4528
21:51:24.807,24.6,37.8,501,-3.9579,2.8783
21:51:24.848,24.2,38.0,501,-3.2891,3.2201
21:51:24.891,23.2,40.4,501,-4.1586,3.3090
21:51:24.934,23.2,40.0,501,-3.1857,3.2062
21:51:24.978,23.0,40.1,501,-2.2599,3.2771
21:51:25.027,20.4,46.4,501,-3.2016,3.2317
21:51:25.070,23.0,40.9,501,-4.1836,3.2441
21:51:25.111,24.2,38.2,501,-4.2980,4.2312
21:51:25.163,19.5,48.7,501,-3.4792,4.7402
21:51:25.209,21.5,43.8,501,-3.9829,3.9113
21:51:25.254,22.6,41.7,501,-3.4574,4.6666
21:51:25.297,23.2,40.7,501,-3.0267,5.4457
21:51:25.336,25.7,36.4,501,-2.8711,4.5071
21:51:25.381,22.0,42.3,501,-2.3618,4.8221
21:51:25.424,23.6,39.4,501,-3.1298,5.3045
21:51:25.472,20.4,45.7,501,-3.7680,4.9966
21:51:25.513,24.6,39.1,501,-3.2104,5.6170
21:51:25.550,27.2,33.1,501,-2.5771,6.2229
21:51:25.598,20.9,44.8,501,-1.9281,6.7610
21:51:25.646,20.7,44.9,501,-1.2704,7.3464
21:51:25.689,23.2,40.4,501,-0.6436,8.0252
21:51:25.729,24.8,37.1,501,0.3348,8.2040
21:51:25.774,22.1,42.7,501,0.8563,7.4283
21:51:25.823,20.7,46.0,501,1.4119,8.2111
21:51:25.869,21.9,41.6,501,1.8554,7.4894
21:51:25.911,23.8,39.2,501,1.8891,8.4520
21:51:25.956,21.8,42.9,501,2.4730,8.6736
21:51:25.997,24.8,37.1,501,3.0545,8.9259
21:51:26.036,25.5,36.3,501,3.0585,7.9821
21:51:26.073,27.0,34.2,501,2.7960,8.1029
21:51:26.124,19.6,45.2,501,2.5508,8.2040
21:51:26.169,22.3,41.2,501,2.4036,8.1218
21:51:26.205,27.5,33.9,501,2.9307,7.8390
21:51:26.252,21.6,42.9,501,2.7942,7.6866
21:51:26.301,20.4,46.8,501,3.2183,6.8511
21:51:26.342,24.4,38.5,501,2.6696,7.6657
21:51:26.394,19.2,43.3,500,3.3085,6.9322
21:51:26.437,23.2,41.5,500,3.1337,7.6965
21:51:26.488,19.4,48.8,500,3.5674,7.6832
21:51:26.530,24.1,38.7,500,4.1874,6.9961
21:51:26.574,22.5,40.9,500,4.3192,7.2270
21:51:26.611,27.5,33.1,500,4.6504,7.5205
21:51:26.666,18.0,43.7,667,4.5287,7.2892
21:51:26.710,22.9,40.2,667,4.5086,8.1812
21:51:26.755,22.2,42.3,667,4.6033,8.9022
21:51:26.801,21.7,43.2,667,4.8978,8.1262
21:51:26.837,27.4,33.6,667,4.5493,8.1527
21:51:26.886,20.6,45.8,666,4.3196,8.1240
21:51:26.937,19.5,48.7,666,4.3399,8.4618
21:51:26.984,21.6,43.7,666,4.0959,8.4277
21:51:27.032,20.6,46.9,666,3.8700,8.4052
21:51:27.075,23.3,40.3,666,3.4809,8.5975
21:51:27.115,24.8,36.6,666,3.8351,7.6778
21:51:27.159,23.2,40.3,666,4.0400,7.9079
21:51:27.209,20.0,46.7,666,4.9753,8.2587
21:51:27.256,21.1,44.7,666,5.2299,7.2917
21:51:27.297,24.6,37.3,666,6.1268,7.6830
21:51:27.342,21.8,43.0,666,6.3759,8.6507
21:51:27.391,20.7,44.8,666,7.0487,8.0259
21:51:27.434,23.3,39.0,666,6.9829,7.6368
21:51:27.484,19.9,46.6,666,7.5362,7.1671
21:51:27.526,23.4,40.0,666,7.7232,7.4232
21:51:27.567,24.4,38.2,666,7.9274,7.6803
21:51:27.607,25.2,37.4,666,7.8123,7.2079
21:51:27.649,24.0,38.5,666,8.1369,6.8317
21:51:27.698,20.2,46.2,666,8.8005,6.2487
21:51:27.749,19.8,48.7,666,8.3251,6.9889
21:51:27.785,27.9,33.6,664,7.7817,7.6040
21:51:27.822,26.9,34.7,664,7.9562,6.7607
21:51:27.871,20.4,46.1,664,7.3014,7.4903
21:51:27.915,22.7,41.2,664,7.3275,8.2925
21:51:27.962,21.4,43.6,664,6.6843,9.0546
21:51:28.009,21.3,43.7,664,6.0807,9.5445
21:51:28.053,22.8,41.3,664,6.2833,8.5666
21:51:28.095,23.5,39.8,664,5.8974,7.6909
21:51:28.143,20.7,45.1,664,6.5356,8.4174
21:51:28.191,21.0,44.6,661,6.5961,8.6455
21:51:28.236,22.2,42.6,659,6.7584,8.9929
21:51:28.284,20.7,45.5,658,6.8922,9.2963
21:51:28.330,22.1,42.6,658,7.0591,9.6500
21:51:28.371,24.1,39.2,657,7.5433,10.4940
21:51:28.415,22.9,40.8,657,7.9497,11.2771
21:51:28.465,19.8,48.4,657,8.5893,12.0424
21:51:28.514,20.6,46.5,653,9.1746,12.6243
21:51:28.547,29.8,30.8,652,9.4031,12.7711
21:51:28.590,23.3,40.1,652,9.7242,13.7001
21:51:28.637,21.4,45.1,652,9.6756,13.4725
21:51:28.678,24.3,39.1,652,9.6671,13.4554
21:51:28.722,22.8,40.7,652,9.6590,13.4573
21:51:28.758,27.8,32.5,652,9.7086,13.5459
21:51:28.801,23.1,40.6,652,9.7379,13.6279
21:51:28.842,24.3,38.7,652,9.7806,13.6714
21:51:28.889,21.2,44.8,652,9.9895,13.8099
21:51:28.936,21.7,44.3,652,9.9564,13.7679
21:51:28.975,25.2,37.1,652,10.3940,14.5969
21:51:29.012,26.9,33.7,652,10.7442,14.4742
21:51:29.047,29.1,32.0,652,10.3346,14.3566
21:51:29.091,22.8,40.6,652,9.9236,14.2377
21:51:29.137,21.5,43.6,652,10.1936,14.7633
21:51:29.188,19.9,46.8,652,10.0867,15.0492
21:51:29.230,23.6,39.5,652,10.1545,15.2529
21:51:29.268,26.0,35.8,652,9.8727,14.9851
21:51:29.306,26.5,35.4,652,9.8929,15.2617
21:51:29.348,23.8,39.1,652,9.5808,14.9640
21:51:29.393,22.1,43.4,652,9.5721,14.7038
21:51:29.441,20.8,45.3,652,9.6141,14.9406
21:51:29.485,23.1,40.6,652,9.7261,15.2322
21:51:29.523,26.0,35.8,652,9.4128,14.9809
21:51:29.561,26.2,35.3,652,10.3810,14.7447
21:51:29.614,18.9,50.2,652,10.6969,15.0830
21:51:29.657,23.4,39.8,652,10.2824,15.0458
21:51:29.698,24.3,38.4,652,10.5686,15.3334
21:51:29.737,26.1,35.2,652,10.2078,15.0213
21:51:29.786,20.4,45.9,652,10.4853,15.3649
21:51:29.829,23.4,40.2,652,10.8639,15.0989
21:51:29.872,23.0,41.1,652,10.3198,14.8402
21:51:29.911,25.4,36.8,652,10.0889,15.1369
21:51:29.955,23.2,40.3,652,9.8665,15.4497
21:51:29.997,23.5,39.7,652,9.4607,15.5777
21:51:30.035,26.1,35.9,652,9.0608,15.6921
21:51:30.079,23.1,40.0,652,8.7960,15.8683
21:51:30.123,22.7,42.3,652,9.1723,16.1870
21:51:30.171,20.5,46.5,652,8.9993,15.6572
21:51:30.213,24.3,38.3,652,8.6152,15.3743
21:51:30.254,24.4,38.3,652,8.3354,15.5991
21:51:30.295,24.0,39.3,652,8.7179,15.9000
21:51:30.345,20.1,47.3,652,9.1235,16.1706
21:51:30.393,20.8,44.5,652,8.7523,16.5670
21:51:30.436,23.2,39.8,652,8.2614,16.7105
21:51:30.473,27.1,34.4,652,8.7370,16.6003
21:51:30.518,22.4,41.2,652,9.2201,16.4767
21:51:30.561,23.1,40.7,652,8.7468,16.6188
21:51:30.605,22.9,41.2,652,8.3761,17.0224
21:51:30.650,22.4,41.9,652,8.8969,16.7290
21:51:30.695,22.0,42.3,652,8.4183,16.8392
21:51:30.734,25.4,36.6,652,7.9285,16.9755
21:51:30.771,27.4,34.1,652,7.5564,17.3553
21:51:30.810,25.6,35.4,652,7.0684,17.5012
21:51:30.851,24.2,39.0,652,7.2534,18.1986
21:51:30.894,23.4,40.1,652,6.7155,18.7822
21:51:30.935,24.2,39.1,652,6.0128,19.2652
21:51:30.972,27.4,33.4,652,5.3094,19.7487
21:51:31.017,21.9,42.9,652,6.0123,19.2670
21:51:31.063,21.9,42.4,652,5.3866,19.8198
21:51:31.105,23.9,39.5,652,4.7684,20.3765
21:51:31.147,23.7,39.1,652,5.5972,20.1279
21:51:31.195,20.9,44.1,652,4.8947,20.6086
21:51:31.238,23.0,40.6,652,5.4884,20.0427
21:51:31.275,27.0,34.5,652,4.7862,20.5253
21:51:31.318,23.2,40.6,652,4.0841,21.0005
21:51:31.366,20.8,45.3,652,3.2472,21.2358
21:51:31.409,23.3,40.3,652,2.3295,21.2589
21:51:31.447,26.9,34.1,652,1.6254,21.7350
21:51:31.486,25.6,36.2,652,0.9073,22.1946
21:51:31.530,22.6,41.5,652,0.3069,22.7614
21:51:31.577,21.4,43.5,652,-0.4194,23.2240
21:51:31.618,24.0,39.1,652,0.3273,22.7788
21:51:31.657,26.0,36.1,652,1.0318,22.2990
21:51:31.700,23.5,39.4,652,0.2970,22.7497
21:51:31.743,23.1,40.1,652,-0.4546,22.2769
21:51:31.779,27.8,33.4,652,0.4246,21.8666
21:51:31.815,28.0,33.4,652,-0.2849,22.3361
21:51:31.864,20.0,46.7,652,-0.8323,21.6651
21:51:31.910,22.0,43.1,652,-0.4467,22.1277
21:51:31.953,23.4,39.8,652,-0.8633,21.6632
21:51:31.994,24.0,39.2,652,-0.4944,22.1267
21:51:32.039,22.6,41.2,652,-0.2405,22.6928
21:51:32.084,22.1,42.0,652,-0.9129,23.4055
21:51:32.126,23.7,39.3,652,-1.4936,23.1625
21:51:32.169,23.3,39.7,652,-2.0120,23.4221
21:51:32.215,21.9,42.6,652,-1.4735,23.2305
21:51:32.253,26.2,35.7,652,-2.2855,23.2544
21:51:32.290,27.0,34.1,652,-1.7300,23.0842
21:51:32.336,21.9,42.9,652,-2.2884,23.2384
21:51:32.380,22.7,42.3,652,-2.5802,22.2926
21:51:32.424,22.4,42.1,652,-2.0636,22.3968
21:51:32.472,21.0,45.2,652,-1.5383,22.4929
21:51:32.519,21.1,44.4,652,-2.0538,22.4236
21:51:32.564,22.2,42.0,652,-1.3258,23.1036
21:51:32.608,23.0,40.1,652,-1.2214,23.2744
21:51:32.651,23.0,40.7,652,-0.5510,23.0647
21:51:32.699,21.1,44.0,652,-1.2302,23.3105
21:51:32.744,22.2,42.0,652,-1.9559,23.5801
21:51:32.780,27.5,33.2,652,-2.6454,23.8210
21:51:32.824,22.9,40.7,652,-2.1517,24.5424
21:51:32.870,21.5,43.4,652,-2.6763,24.0487
21:51:32.916,22.0,41.6,652,-2.0226,23.7998
21:51:32.956,25.0,37.5,652,-2.5633,24.2995
21:51:32.994,26.3,35.5,652,-1.9008,24.0326
21:51:33.041,21.1,44.6,652,-2.5715,24.2886
21:51:33.087,21.8,42.6,652,-3.0858,23.7471
21:51:33.130,23.4,40.2,652,-2.6369,24.4601
21:51:33.168,26.1,35.0,652,-2.2627,24.7447
21:51:33.213,22.2,41.4,652,-1.7386,25.2813
21:51:33.261,21.0,45.0,652,-1.2676,25.0726
21:51:33.301,24.8,36.9,652,-0.5985,24.7589
21:51:33.341,24.8,37.9,652,0.1621,24.1394
21:51:33.380,25.8,36.0,652,-0.5120,24.4129
21:51:33.428,21.0,44.5,652,-1.1849,24.6924
21:51:33.475,21.2,43.8,652,-0.5133,24.4076
21:51:33.512,26.5,36.1,652,-0.0273,23.5811
21:51:33.554,24.1,38.7,652,0.7928,23.1439
21:51:33.602,20.6,45.6,652,0.5184,23.0384
21:51:33.650,20.8,44.9,652,0.0072,23.0390
21:51:33.694,22.7,41.3,652,-0.2957,22.9398
21:51:33.740,22.2,42.1,652,0.0646,23.0128
21:51:33.784,22.5,42.0,652,0.7489,22.7653
21:51:33.821,27.5,33.8,652,0.9464,22.6870
21:51:33.862,24.0,38.8,652,0.1962,22.8465
21:51:33.902,25.3,37.1,652,0.6034,22.9982
21:51:33.945,23.1,40.7,652,1.0258,23.1488
21:51:33.996,19.5,48.4,652,1.5078,23.0778
21:51:34.038,24.0,37.9,652,1.7324,22.1049
21:51:34.081,23.1,40.7,652,1.2272,21.9567
21:51:34.128,21.4,43.7,652,0.8381,21.7804
21:51:34.165,27.0,34.6,652,1.2010,21.9726
21:51:34.206,24.7,37.5,652,1.5719,22.1585
21:51:34.249,23.3,40.3,652,2.0125,22.2964
21:51:34.286,26.9,34.7,652,2.4614,22.3015
21:51:34.327,24.0,38.8,652,2.0381,22.3015
21:51:34.373,22.0,42.8,652,2.4757,22.5437
21:51:34.423,20.0,46.7,652,2.9483,22.4678
21:51:34.462,25.3,36.9,652,3.3660,22.4443
21:51:34.499,27.3,33.7,652,2.8603,22.3441
21:51:34.542,23.5,39.4,652,3.7463,21.8939
21:51:34.587,22.0,42.4,652,3.5374,22.8545
21:51:34.634,21.5,43.2,652,4.1198,23.0710
21:51:34.672,26.3,35.4,652,3.4944,22.7505
21:51:34.711,25.4,36.5,652,4.2714,23.0501
21:51:34.756,22.2,42.1,652,4.8184,22.7154
21:51:34.802,22.0,42.6,652,4.5297,21.7777
21:51:34.846,22.6,41.2,652,5.0642,21.3290
21:51:34.887,24.0,39.1,652,4.4303,21.8405
21:51:34.932,22.3,41.3,652,4.6399,21.3918
21:51:34.972,25.0,36.4,652,4.4142,21.8636
21:51:35.018,21.8,42.7,652,4.7004,21.3189
21:51:35.062,22.9,40.6,652,4.5470,21.7064
21:51:35.101,25.4,36.8,652,4.2160,22.1363
21:51:35.142,24.2,38.7,652,4.4196,21.8343
21:51:35.180,26.4,35.4,652,4.1372,22.3813
21:51:35.233,19.0,49.8,652,3.8864,22.6394
21:51:35.278,22.3,41.6,652,4.1395,22.3014
21:51:35.315,26.7,34.6,652,4.0487,22.4450
21:51:35.355,25.3,36.3,652,3.7485,22.7889
21:51:35.400,21.9,42.5,652,3.9878,22.4803
21:51:35.443,23.6,39.2,652,4.2250,22.1650
21:51:35.487,22.6,42.3,652,4.4467,21.8596
21:51:35.532,22.1,42.9,652,4.1584,22.4182
21:51:35.578,21.9,42.9,652,4.4812,21.8481
21:51:35.628,20.1,47.1,652,4.1535,22.3943
21:51:35.671,23.0,40.6,652,4.6282,23.2732
21:51:35.719,21.0,44.4,652,4.9249,22.7262
21:51:35.765,21.4,45.1,652,5.2252,22.1838
21:51:35.810,22.6,41.4,652,5.5204,21.6348
21:51:35.848,25.9,35.6,652,5.8163,21.0912
21:51:35.890,24.3,38.7,652,6.1117,20.5469
21:51:35.931,23.8,39.0,652,5.9569,20.8390
21:51:35.978,21.7,43.6,652,5.5901,21.0775
21:51:36.019,24.4,38.4,652,6.2508,20.3370
21:51:36.063,22.3,42.4,652,6.0463,20.6466
21:51:36.109,21.8,43.3,652,6.3673,20.0587
21:51:36.148,25.7,35.8,652,6.0249,20.6790
21:51:36.194,21.7,35.6,652,5.7093,21.2530
21:51:36.240,21.7,43.0,652,5.9214,21.1109
21:51:36.287,21.6,43.9,652,5.5657,21.3546
21:51:36.326,25.3,36.6,652,5.7926,21.0410
21:51:36.365,25.8,36.4,652,6.0352,20.7710
21:51:36.414,20.2,46.7,652,6.2712,20.4954
21:51:36.459,22.3,41.9,652,6.4938,19.8739
21:51:36.497,26.1,34.8,652,6.3236,20.0988
21:51:36.539,24.1,38.9,652,6.5480,19.8913
21:51:36.583,22.7,40.7,652,6.9183,20.8021
21:51:36.631,20.9,45.6,652,6.6719,20.0687
21:51:36.676,22.0,42.9,652,7.2575,20.8265
21:51:36.712,27.5,32.9,652,7.3007,21.7370
21:51:36.755,23.7,39.1,652,7.2643,22.6725
21:51:36.798,23.1,40.7,652,7.0392,23.5506
21:51:36.838,25.2,37.2,652,6.9454,24.4388
21:51:36.880,23.6,39.4,652,6.8866,25.3679
21:51:36.926,21.7,42.4,652,6.6705,26.2766
21:51:36.969,23.4,40.0,652,6.4877,27.2382
21:51:37.008,25.8,36.8,652,6.7852,26.2884
21:51:37.052,22.4,42.3,652,7.1899,27.1198
21:51:37.101,20.7,45.0,652,6.7032,26.3639
21:51:37.144,23.1,40.2,652,7.1389,27.1540
21:51:37.189,22.1,42.4,652,7.5039,27.9874
21:51:37.232,23.5,41.1,652,6.9649,27.1511
21:51:37.277,22.0,42.3,652,6.4945,26.3433
21:51:37.320,23.3,40.4,652,6.0680,25.5190
21:51:37.362,23.7,38.6,652,6.6216,26.3475
21:51:37.404,24.3,38.8,652,7.2885,26.2726
21:51:37.447,23.3,39.8,652,7.7972,27.0582
21:51:37.491,22.4,41.3,652,8.2682,27.8448
21:51:37.531,24.9,37.0,652,8.7147,28.6590
21:51:37.571,25.0,37.3,652,9.1698,29.4587
21:51:37.621,20.3,46.3,652,9.6018,30.2636
21:51:37.668,21.0,45.3,652,10.0075,31.0700
21:51:37.711,23.1,40.5,652,10.6987,31.7882
21:51:37.752,24.4,38.3,652,10.3080,30.9609
21:51:37.800,20.8,44.8,652,9.7360,30.1568
21:51:37.844,23.1,40.3,652,10.1656,30.9751
21:51:37.886,23.4,40.4,652,9.7504,30.1520
21:51:37.926,25.5,36.0,652,9.1777,29.3483
21:51:37.975,20.2,46.9,652,8.2924,29.7889
21:51:38.018,23.6,39.7,652,7.7134,30.4986
21:51:38.055,26.5,35.2,652,8.2977,29.7934
21:51:38.095,25.0,37.6,652,8.7094,29.0689
21:51:38.140,22.1,42.8,652,9.3058,28.3805
21:51:38.186,22.0,42.5,652,8.7332,29.0829
21:51:38.233,21.4,43.9,652,8.2549,29.5269
21:51:38.273,24.6,37.0,652,9.0730,30.1016
21:51:38.319,21.9,43.9,652,8.0933,30.2499
21:51:38.364,22.0,42.9,652,7.1161,30.3873
21:51:38.405,24.7,37.7,652,6.3178,29.9750
21:51:38.448,23.5,39.4,652,5.5225,29.5903
21:51:38.494,21.7,43.5,652,6.4609,29.6557
21:51:38.535,24.4,38.4,652,7.1804,29.1120
21:51:38.573,26.1,34.7,652,6.5516,28.3351
21:51:38.621,20.9,44.8,652,5.8293,28.8822
21:51:38.672,19.8,48.1,652,5.1925,28.1154
21:51:38.721,20.3,45.9,652,5.8218,28.8451
21:51:38.765,22.8,41.4,652,5.2067,28.0870
21:51:38.807,23.8,39.3,652,4.5949,27.3255
21:51:38.851,22.6,41.4,652,3.8917,26.6153
21:51:38.903,19.1,48.5,652,3.1350,25.9956
21:51:38.952,20.6,45.4,652,2.9495,26.1423
21:51:38.993,24.3,38.4,652,3.0341,26.8768
21:51:39.035,23.8,38.8,652,3.3457,25.9820
21:51:39.079,22.7,42.4,652,3.4759,26.7411
21:51:39.119,25.4,36.1,652,3.4307,26.1571
21:51:39.160,24.1,39.4,652,3.3047,25.3881
21:51:39.197,27.2,33.4,652,3.3551,26.1754
21:51:39.244,21.4,43.7,652,3.4505,26.9653
21:51:39.288,22.5,41.4,652,3.1209,27.7469
21:51:39.333,22.2,42.3,652,3.0301,28.7406
21:51:39.376,23.2,39.6,652,3.3822,27.9772
21:51:39.422,22.1,42.4,652,3.1259,28.8165
21:51:39.465,23.2,39.9,652,3.4863,28.0649
21:51:39.506,24.1,38.3,652,3.8775,27.3473
21:51:39.543,27.1,33.5,652,4.2081,26.5558
21:51:39.587,23.0,40.6,652,4.5266,25.7589
21:51:39.635,20.7,45.1,652,5.2871,26.1395
21:51:39.683,20.6,45.2,652,4.8463,26.8488
21:51:39.726,23.3,40.3,652,4.8767,27.6233
21:51:39.772,21.7,43.8,652,4.9535,28.3818
21:51:39.817,22.2,42.1,652,4.9386,27.6571
21:51:39.855,26.4,34.9,652,5.0685,28.4636
21:51:39.897,23.8,38.3,652,5.3558,27.6739
21:51:39.933,27.8,33.2,652,5.5002,28.6633
21:51:39.987,18.5,50.7,652,5.4319,29.4395
21:51:40.035,20.9,46.2,652,5.3702,30.2372
21:51:40.078,23.3,39.8,652,4.5746,30.5742
21:51:40.120,23.9,38.6,652,4.5438,31.3242
21:51:40.168,21.0,40.7,652,4.2241,32.0295
21:51:40.211,23.0,40.8,652,4.1696,31.1648
21:51:40.262,19.9,47.5,652,3.8114,31.7966
21:51:40.304,23.3,39.9,652,3.5016,32.4340
21:51:40.346,23.9,39.0,652,3.4515,33.0532
21:51:40.385,25.7,36.3,652,3.4166,32.4790
21:51:40.433,21.0,44.3,652,3.3820,31.9017
21:51:40.474,24.6,37.9,652,3.3598,31.3327
21:51:40.520,21.5,43.5,652,3.4597,31.9667
21:51:40.560,25.2,36.5,652,3.4065,32.4809
21:51:40.604,22.7,41.3,652,3.3946,31.9234
21:51:40.651,21.3,43.0,652,3.3655,31.3490
21:51:40.695,22.4,41.5,652,3.4502,31.9791
21:51:40.743,20.9,44.8,652,3.2841,32.4874
21:51:40.788,22.1,42.8,652,3.5019,31.9696
21:51:40.834,22.2,42.2,652,3.2822,32.5083
21:51:40.868,29.4,31.2,652,3.8165,32.8046
21:51:40.909,24.1,39.0,652,3.9061,33.7879
21:51:40.952,23.4,39.9,652,4.3238,32.8858
21:51:40.997,22.1,41.7,652,4.6073,31.9518
21:51:41.042,22.3,42.1,652,4.5239,32.0808
21:51:41.077,28.2,33.0,652,5.0320,31.3070
21:51:41.118,24.7,38.6,652,5.5756,30.4853
21:51:41.164,21.8,43.5,652,6.2862,31.1227
21:51:41.204,24.7,36.8,652,6.0936,30.2039
21:51:41.247,23.6,40.1,652,6.3098,31.1068
21:51:41.292,21.8,42.7,652,6.4979,32.0278
21:51:41.333,24.4,38.7,652,6.3011,31.1119
21:51:41.371,26.5,34.2,652,6.7414,31.9303
21:51:41.408,26.8,34.8,652,6.9336,32.9117
21:51:41.452,22.8,41.1,652,7.1674,33.7798
21:51:41.501,20.5,47.1,652,6.8825,34.7383
21:51:41.546,22.4,42.2,652,7.6056,34.0505
21:51:41.590,22.7,40.8,652,7.1635,34.9356
21:51:41.630,24.6,37.6,652,7.5889,34.0485
21:51:41.677,21.4,43.8,652,8.0940,33.2074
21:51:41.717,24.9,36.9,652,7.6581,34.0956
21:51:41.758,24.6,38.0,652,7.2072,34.9756
21:51:41.808,19.9,46.3,652,6.4249,34.5977
21:51:41.847,25.3,36.2,652,6.7753,33.7206
21:51:41.889,23.9,34.4,652,6.7812,32.9071
21:51:41.931,24.3,39.5,652,6.6236,33.8115
21:51:41.977,21.5,44.2,652,6.3969,34.7545
21:51:42.024,21.3,44.5,652,6.1523,35.6568
21:51:42.070,21.7,42.9,652,5.9383,36.5943
21:51:42.116,21.7,42.9,652,5.6648,37.3778
21:51:42.152,27.9,33.1,652,5.8969,36.4942
21:51:42.205,19.0,45.7,652,5.6180,37.2796
21:51:42.242,26.8,34.4,652,5.8575,36.3990
21:51:42.286,22.5,42.2,652,5.9576,37.3486
21:51:42.335,20.7,45.3,652,5.8132,36.4871
21:51:42.379,22.3,41.6,652,5.9280,37.4552
21:51:42.426,21.5,42.8,652,5.8516,36.4862
21:51:42.470,22.7,39.4,652,5.9559,37.4472
21:51:42.516,21.6,43.6,652,5.8275,36.4903
21:51:42.556,25.4,36.9,652,5.6945,35.5392
21:51:42.596,24.9,37.0,652,5.5628,34.5829
21:51:42.641,22.4,42.1,652,6.1503,33.8210
21:51:42.687,21.5,44.1,652,6.6547,32.9917
21:51:42.731,23.0,40.2,652,6.1833,33.8467
21:51:42.776,22.3,41.0,652,6.6669,33.0019
21:51:42.820,22.6,41.2,652,6.1950,33.8543
21:51:42.864,22.4,41.1,652,6.9272,33.2642
21:51:42.907,23.4,41.2,652,7.6527,32.6742
21:51:42.950,23.4,39.7,652,7.2672,32.1596
21:51:42.993,23.1,41.0,652,7.9385,32.4960
21:51:43.040,21.5,43.3,652,7.4047,32.5373
21:51:43.079,25.3,38.0,652,7.7538,33.1313
21:51:43.119,25.2,36.8,652,7.9521,33.9494
21:51:43.157,26.3,34.8,652,8.1172,34.8064
21:51:43.203,21.6,43.2,652,8.4495,34.3507
21:51:43.248,22.4,40.9,652,8.5991,35.2278
21:51:43.288,25.0,38.0,652,8.6592,36.0477
21:51:43.327,25.4,36.4,652,8.1870,35.7164
21:51:43.376,20.5,45.3,652,8.1382,35.2495
21:51:43.425,20.5,46.4,652,7.9987,35.5804
21:51:43.467,23.8,39.2,652,8.0020,36.3161
21:51:43.512,22.3,42.4,652,8.1974,35.6160
21:51:43.557,22.1,42.9,652,7.8967,36.2351
21:51:43.598,24.4,37.8,652,8.2100,35.6003
21:51:43.638,25.1,38.1,652,8.3029,35.1096
21:51:43.680,23.9,39.5,652,8.3611,34.5695
21:51:43.726,21.5,44.9,652,7.6147,33.9440
21:51:43.766,24.8,37.8,652,6.9538,34.3898
21:51:43.811,22.6,41.3,652,7.5104,34.0059
21:51:43.855,22.6,41.3,652,6.7073,34.3959
21:51:43.902,21.2,44.7,652,7.4563,34.2282
21:51:43.938,28.1,32.5,652,7.4197,35.0977
21:51:43.973,28.0,32.7,652,7.8549,35.8519
21:51:44.014,24.8,37.4,652,8.7030,35.3792
21:51:44.054,24.5,38.0,652,9.3559,34.8310
21:51:44.096,24.3,38.6,652,10.2893,35.0915
21:51:44.140,22.3,42.2,652,9.3977,34.6629
21:51:44.188,20.9,44.9,652,8.7745,35.1953
21:51:44.231,23.3,40.1,652,9.2038,35.8593
21:51:44.270,26.0,35.4,652,8.8401,35.0921
21:51:44.315,22.2,42.0,652,9.2044,35.8185
21:51:44.356,24.5,38.2,652,10.0068,35.6851
21:51:44.397,24.0,39.3,652,9.2707,36.1013
21:51:44.442,22.3,42.5,652,8.5633,36.0197
21:51:44.483,24.3,38.8,652,8.5289,35.0578
21:51:44.525,23.8,38.8,652,8.6161,35.0850
21:51:44.565,25.5,36.8,652,8.8103,35.1386
21:51:44.605,24.8,37.7,652,8.8397,35.1687
21:51:44.652,21.1,44.6,652,8.9498,35.2174
21:51:44.700,21.2,44.2,652,8.9631,35.3166
21:51:44.743,23.0,40.4,652,9.0630,35.3573
21:51:44.782,25.5,36.1,652,9.1205,35.4697
21:51:44.834,19.4,48.8,652,9.0091,35.4597
21:51:44.877,23.0,40.7,652,9.1097,35.5023
21:51:44.914,27.3,33.1,652,9.1953,35.6211
21:51:44.952,26.3,35.0,652,9.0161,35.7288
21:51:44.996,22.6,42.6,652,9.2667,34.7661
21:51:45.038,23.8,39.3,652,9.1208,34.6759
21:51:45.075,27.5,33.5,652,9.1334,34.6736
21:51:45.113,26.2,34.4,652,9.0288,34.5863
21:51:45.151,26.3,35.1,652,9.1272,34.6386
21:51:45.196,22.1,41.7,652,9.2324,34.6919
21:51:45.241,22.2,42.0,652,9.1150,34.6818
21:51:45.283,23.9,38.6,652,9.0200,34.6304
21:51:45.329,21.5,44.2,652,8.8867,35.6203
21:51:45.371,24.1,38.5,652,8.9920,35.6810
21:51:45.419,20.7,45.6,652,8.9060,35.6137
21:51:45.458,25.8,35.1,652,9.0052,35.6591
21:51:45.501,22.9,41.0,652,9.1151,35.6637
21:51:45.548,21.5,43.3,652,9.0235,35.6472
21:51:45.590,23.9,38.8,652,8.3678,35.6391
21:51:45.640,19.9,47.4,652,9.1045,35.4027
21:51:45.687,21.4,43.9,652,9.5585,35.0013
21:51:45.732,22.1,42.8,652,9.1126,35.4034
21:51:45.773,24.1,39.8,652,8.6523,35.8038
21:51:45.822,20.4,47.2,652,8.2662,35.1163
21:51:45.868,21.7,42.9,652,8.6777,35.1164
21:51:45.910,23.8,38.8,652,9.1339,35.1239
21:51:45.954,22.9,40.4,652,9.5364,34.2506
21:51:46.000,21.9,43.2,652,8.6632,34.0174
21:51:46.038,25.7,37.2,652,9.5081,34.2973
21:51:46.078,25.1,37.4,652,10.4802,34.2909
21:51:46.124,21.6,43.4,652,9.6401,34.0318
21:51:46.166,24.1,38.7,652,8.7752,33.8251
21:51:46.206,25.0,37.5,652,7.9043,33.5807
21:51:46.254,21.0,45.1,652,7.0364,33.3329
21:51:46.297,23.0,40.5,652,6.1661,33.0856
21:51:46.341,22.6,41.5,652,5.1747,32.9670
21:51:46.387,21.6,43.2,652,4.3195,32.7652
21:51:46.429,24.2,38.7,652,5.1948,33.0063
21:51:46.477,20.6,46.1,652,4.3237,32.7565
21:51:46.517,25.5,36.4,652,3.4607,32.4922
21:51:46.557,24.5,38.5,652,2.4933,32.3036
21:51:46.602,22.5,41.7,652,3.3122,31.8873
21:51:46.651,20.2,46.4,652,2.3790,32.2218
21:51:46.694,23.2,39.9,652,3.2072,31.8157
21:51:46.737,23.4,40.1,652,4.0391,31.4150
21:51:46.782,22.3,41.8,652,3.2244,31.7910
21:51:46.827,22.4,42.3,652,4.2227,31.7315
21:51:46.870,23.0,40.2,652,5.0469,31.3060
21:51:46.906,27.9,32.1,652,4.1594,31.6316
21:51:46.950,22.7,41.3,652,4.9649,31.1828
21:51:46.989,25.8,36.3,652,4.1049,31.5432
21:51:47.039,19.9,47.9,652,3.2514,31.9156
21:51:47.084,22.4,41.8,652,4.0912,31.5198
21:51:47.130,21.5,43.9,652,3.2284,31.8784
21:51:47.179,20.6,46.0,652,2.3669,32.2395
21:51:47.217,25.8,35.5,652,1.5127,32.6134
21:51:47.262,22.5,42.5,652,2.4503,32.2899
21:51:47.308,21.5,43.5,652,1.5892,32.6543
21:51:47.355,21.6,43.4,652,2.4466,32.2837
21:51:47.402,20.9,45.0,652,3.3025,31.9089
21:51:47.444,23.8,38.8,652,2.4915,32.2931
21:51:47.495,19.7,48.1,652,2.2252,31.3496
21:51:47.540,22.3,43.2,652,1.8134,31.6600
21:51:47.582,23.7,39.5,652,1.4072,32.0416
21:51:47.631,20.7,45.5,652,0.9995,32.3479
21:51:47.676,21.8,43.1,652,0.5723,32.6743
21:51:47.722,21.9,43.5,652,0.3033,32.8637
21:51:47.764,24.1,39.0,652,-0.1642,32.9952
21:51:47.811,21.3,44.0,652,-0.6073,33.2836
21:51:47.863,19.2,49.5,652,-1.1178,33.6615
21:51:47.906,23.1,40.6,652,-0.6966,33.3724
21:51:47.952,21.7,43.2,652,-0.3260,33.1708
21:51:48.004,19.3,48.8,652,0.1227,32.3205
21:51:48.048,22.9,41.2,652,0.6338,32.0866
21:51:48.086,26.0,36.1,652,0.3263,31.9202
21:51:48.138,19.4,43.0,652,0.6518,32.0540
21:51:48.184,21.5,44.2,652,0.6512,32.8218
21:51:48.233,20.6,45.5,652,-0.0047,33.0154
21:51:48.281,20.6,45.4,652,-0.9948,33.1545
21:51:48.327,22.0,42.7,652,-0.3311,32.9533
21:51:48.366,25.3,37.0,652,0.3501,32.7603
21:51:48.417,19.7,47.0,652,1.0324,32.5718
21:51:48.463,21.8,44.3,652,1.5667,32.4887
21:51:48.504,24.4,38.6,652,2.1759,32.6444
21:51:48.549,22.0,42.8,652,2.7274,32.6793
21:51:48.598,20.6,44.7,652,2.0156,32.4674
21:51:48.637,25.5,37.7,652,2.7509,32.5504
21:51:48.677,25.3,37.0,652,2.0477,32.3827
21:51:48.717,25.0,36.7,652,1.3389,32.2071
21:51:48.764,21.0,44.7,652,0.6401,32.0486
21:51:48.804,25.0,37.5,652,-0.0517,31.8418
21:51:48.846,23.9,39.0,651,0.4746,31.9410
21:51:48.883,27.2,34.1,651,-0.3001,31.7961
21:51:48.928,21.9,42.5,651,0.1485,31.7491
21:51:48.975,21.3,44.5,651,0.5956,31.7480
21:51:49.019,22.7,41.3,651,1.1710,31.7760
21:51:49.061,24.2,38.3,650,1.2425,30.8223
21:51:49.096,28.2,32.2,650,1.1753,30.2316
21:51:49.147,19.6,47.9,650,0.5090,30.1092
21:51:49.195,20.9,44.9,650,0.0768,30.9637
21:51:49.239,22.9,40.4,648,0.0903,31.4140
21:51:49.284,22.3,42.2,648,0.5055,31.3549
21:51:49.332,20.5,46.1,648,1.0274,30.5751
21:51:49.373,24.3,38.4,648,2.0234,30.6110
21:51:49.420,21.3,43.3,648,2.7994,30.8842
21:51:49.465,22.4,42.0,648,3.7971,30.8750
21:51:49.501,27.8,33.5,648,2.8014,30.8303
21:51:49.543,23.6,39.7,648,1.8018,30.8509
21:51:49.588,22.2,42.6,648,2.6469,31.0493
21:51:49.635,21.3,43.3,648,1.8258,31.0106
21:51:49.679,22.7,40.7,647,2.5842,31.3282
21:51:49.718,25.9,35.7,647,3.3394,31.2371
21:51:49.762,22.5,42.0,645,4.2989,31.4812
21:51:49.801,26.1,35.2,645,4.0758,31.4285
21:51:49.844,23.1,40.4,645,3.1477,31.3221
21:51:49.891,21.3,45.5,645,2.2231,31.1571
21:51:49.938,21.0,45.3,645,1.3693,31.1141
21:51:49.979,24.4,38.3,645,0.4444,30.9854
21:51:50.016,27.0,34.2,645,1.3755,31.1512
21:51:50.063,21.6,44.4,645,2.2821,31.3976
21:51:50.110,21.3,43.8,645,3.2409,31.6417
21:51:50.151,24.1,39.2,645,2.4252,31.6725
21:51:50.193,24.2,38.5,645,1.5034,31.5425
21:51:50.239,21.6,43.5,645,2.4222,31.6769
21:51:50.281,23.5,39.2,645,3.2105,31.5379
21:51:50.319,27.0,34.7,645,4.1625,31.8339
21:51:50.360,24.0,39.2,645,5.0158,32.2726
21:51:50.411,19.8,44.1,645,4.9585,31.4612
21:51:50.457,21.7,43.6,645,4.4918,31.9061
21:51:50.502,22.0,42.0,645,4.8036,32.8179
21:51:50.549,21.3,43.2,645,4.4850,31.9157
21:51:50.598,20.7,44.5,645,4.2751,31.0341
21:51:50.639,24.1,38.5,645,3.9506,30.1340
21:51:50.682,23.3,39.9,645,3.6265,29.2322
21:51:50.733,19.7,48.2,645,3.3636,28.3496
21:51:50.777,23.0,40.3,645,3.0533,27.4410
21:51:50.821,22.5,41.4,645,2.6984,28.1724
21:51:50.868,21.2,44.3,645,1.8423,28.6600
21:51:50.917,20.4,46.2,645,0.9593,28.7759
21:51:50.957,25.4,35.9,645,1.6068,28.1016
21:51:51.007,19.9,46.6,645,1.9665,27.4498
21:51:51.053,21.6,43.1,645,1.3408,28.1163
21:51:51.094,24.4,37.9,645,1.3051,27.6262
21:51:51.140,21.9,42.9,645,0.4385,28.0773
21:51:51.179,25.7,36.5,645,1.2042,27.5749
21:51:51.219,24.6,37.6,645,1.2018,28.3739
21:51:51.257,26.2,36.2,645,1.1561,27.7096
21:51:51.303,22.0,42.7,645,0.7632,26.8492
21:51:51.350,21.4,43.9,645,0.4146,25.9895
21:51:51.393,23.0,40.4,645,0.8984,26.7429
21:51:51.431,26.7,34.8,645,1.5802,26.9294
21:51:51.477,21.7,43.5,645,0.8436,26.6914
21:51:51.526,20.2,45.9,645,1.5451,26.4363
21:51:51.572,21.7,42.4,645,1.5289,27.3714
21:51:51.613,24.9,37.5,645,0.8089,27.3640
21:51:51.651,26.2,35.8,645,-0.0312,27.2983
21:51:51.692,24.2,38.6,645,0.8445,27.5389
21:51:51.733,24.6,37.2,645,1.5185,27.4629
21:51:51.775,23.5,39.6,645,2.2011,27.3890
21:51:51.823,20.7,45.3,645,2.9285,27.3375
21:51:51.866,23.4,40.7,645,2.1852,27.3844
21:51:51.906,24.9,37.0,645,1.4751,27.5520
21:51:51.945,26.1,35.2,645,2.2036,27.5286
21:51:51.992,21.2,45.0,645,2.9532,28.1255
21:51:52.039,21.4,44.1,645,2.9625,27.3171
21:51:52.080,24.5,37.2,645,2.1080,26.8303
21:51:52.117,26.5,35.4,645,1.2179,26.5553
21:51:52.162,22.3,41.7,645,2.1205,26.2605
21:51:52.205,23.6,39.9,645,2.6383,25.4267
21:51:52.247,23.6,39.6,645,2.5736,26.2560
21:51:52.288,24.6,37.6,645,3.4601,25.8950
21:51:52.336,20.6,45.5,645,3.2261,26.8037
21:51:52.384,20.8,45.4,645,4.0890,26.4230
21:51:52.417,30.7,29.3,645,4.9733,26.0467
21:51:52.455,26.4,35.6,645,4.4283,25.3587
21:51:52.499,22.5,41.4,645,4.6885,24.5434
21:51:52.546,21.5,43.3,645,5.4636,25.1039
21:51:52.583,26.5,35.3,645,6.1592,24.6537
21:51:52.629,21.9,42.7,645,5.4692,25.0159
21:51:52.674,22.3,41.7,645,5.5970,24.1215
21:51:52.710,27.4,33.6,645,6.0325,24.0738
21:51:52.753,23.5,39.8,645,6.7235,24.2685
21:51:52.796,23.0,41.1,644,5.9062,23.9751
21:51:52.840,23.0,40.5,644,5.4143,23.5562
21:51:52.879,25.6,36.4,644,5.8988,23.9870
21:51:52.922,23.1,39.6,644,5.5707,23.4340
21:51:52.968,21.6,43.7,644,4.8731,22.8833
21:51:53.012,22.9,40.7,644,4.0834,23.2014
21:51:53.051,25.7,36.3,644,3.3489,23.7986
21:51:53.094,23.5,39.3,644,4.1608,23.2618
21:51:53.140,21.4,43.7,644,3.5319,23.4737
21:51:53.187,21.6,42.8,644,4.1518,23.2286
21:51:53.224,27.0,34.3,644,3.4975,22.9423
21:51:53.263,25.4,37.0,644,2.9959,22.5953
21:51:53.303,25.0,37.5,644,3.5426,22.3198
21:51:53.348,22.1,42.4,644,4.2776,22.2401
21:51:53.388,25.0,36.1,644,4.0492,21.7427
21:51:53.426,26.8,34.7,644,3.7985,21.2816
21:51:53.464,25.9,36.0,644,3.4087,20.7716
21:51:53.512,21.0,44.9,644,4.1616,20.9797
21:51:53.557,22.0,42.7,644,4.9900,20.7790
21:51:53.594,27.4,33.6,644,5.1667,19.8706
21:51:53.635,24.4,38.4,644,5.3292,18.9343
21:51:53.680,21.9,42.4,644,6.1277,18.6675
21:51:53.727,21.3,44.2,644,6.3718,17.7918
21:51:53.771,22.8,41.4,644,6.2914,18.1853
21:51:53.812,24.4,38.5,644,6.1845,18.5529
21:51:53.862,20.1,46.2,644,5.8022,17.6966
21:51:53.905,23.2,40.5,644,5.2023,16.9880
21:51:53.955,19.8,47.0,644,5.0424,17.3206
21:51:54.004,20.7,45.9,644,4.2427,16.9353
21:51:54.046,23.6,39.8,644,4.3728,16.5247
21:51:54.090,22.8,41.5,644,3.7237,16.8383
21:51:54.137,21.2,42.7,644,3.6568,17.5900
21:51:54.177,25.2,36.5,644,3.7948,16.7238
21:51:54.219,24.1,38.9,644,4.1756,16.1296
21:51:54.260,24.0,39.0,644,4.4136,15.2379
21:51:54.301,24.4,37.8,644,4.8483,14.3449
21:51:54.342,24.7,37.5,644,5.3549,13.4886
21:51:54.392,20.0,47.0,644,4.8495,14.3459
21:51:54.435,22.8,40.2,644,4.7592,14.3755
21:51:54.478,23.3,40.5,644,4.2524,15.2296
21:51:54.517,25.7,35.8,644,4.6772,14.3501
21:51:54.560,23.5,39.9,644,5.1252,13.5067
21:51:54.606,21.7,42.8,644,5.5189,12.5957
21:51:54.649,23.3,40.2,644,5.9952,12.6866
21:51:54.694,22.3,42.7,644,5.4827,13.5195
21:51:54.735,23.9,40.3,644,5.5913,13.4951
21:51:54.777,24.2,38.8,644,5.1666,13.9726
21:51:54.815,26.1,35.7,644,4.7825,13.0556
21:51:54.859,23.0,41.5,644,5.0777,13.9667
21:51:54.898,25.5,36.0,644,4.8159,13.8016
21:51:54.940,23.5,39.9,644,4.7572,13.5890
21:51:54.982,24.2,38.1,644,5.0222,13.2906
21:51:55.027,22.1,42.6,644,4.8481,13.0679
21:51:55.073,21.7,43.3,644,4.3189,13.8007
21:51:55.108,28.5,33.5,644,4.7838,13.0778
21:51:55.147,25.8,35.9,644,5.3844,12.4127
21:51:55.189,23.7,39.1,644,6.0230,13.1416
21:51:55.235,22.1,43.7,644,6.6744,13.8090
21:51:55.278,23.0,40.6,644,6.8053,12.9205
21:51:55.316,26.2,35.8,644,6.9033,12.0383
21:51:55.358,24.0,38.7,644,7.5335,12.5031
21:51:55.406,20.8,45.3,644,6.9104,12.1719
21:51:55.448,23.7,39.2,644,6.4943,11.8083
21:51:55.482,29.5,32.0,644,7.2124,11.3285
21:51:55.522,25.2,35.4,644,6.4470,11.0989
21:51:55.559,27.1,33.6,644,6.6533,11.5310
21:51:55.605,21.7,43.5,644,7.4351,11.7535
21:51:55.649,22.5,40.9,644,8.3312,11.4688
21:51:55.692,23.5,39.2,644,9.0695,10.8193
21:51:55.735,23.1,40.7,644,8.3387,10.9709
21:51:55.782,21.5,43.2,644,9.0870,10.8662
21:51:55.822,24.8,38.0,644,8.4045,10.4217
21:51:55.864,24.0,39.4,644,9.1594,10.2891
21:51:55.906,23.9,38.9,644,8.6439,11.1257
21:51:55.951,21.8,43.0,644,8.3487,11.2754
21:51:55.997,21.7,43.5,644,7.8866,11.8384
21:51:56.036,25.7,35.8,644,7.5798,12.3125
21:51:56.086,20.3,46.5,644,7.1737,12.8429
21:51:56.138,19.1,50.0,644,6.8422,13.7435
21:51:56.183,22.5,41.4,644,7.2949,13.1164
21:51:56.225,23.5,39.8,644,8.1910,12.7314
21:51:56.264,25.7,36.5,644,8.7345,13.5678
21:51:56.303,25.4,36.9,644,9.4725,13.0186
21:51:56.353,20.3,47.1,644,10.1826,12.4360
21:51:56.399,21.8,43.2,644,9.6544,11.6655
21:51:56.441,23.8,38.4,644,9.1910,10.8653
21:51:56.477,27.5,33.4,644,8.7670,10.0280
21:51:56.519,24.1,39.2,644,8.6882,10.7578
21:51:56.565,21.5,44.7,644,9.4660,10.2692
21:51:56.605,24.8,37.0,644,10.1548,10.6387
21:51:56.651,22.1,42.2,644,10.8252,10.8266
21:51:56.695,22.6,41.6,644,11.5363,10.2221
21:51:56.731,27.7,33.0,644,11.1296,9.4066
21:51:56.774,23.1,40.6,644,11.7366,8.6327
21:51:56.824,20.1,46.2,644,11.9668,9.6050
21:51:56.874,20.1,46.8,644,11.4661,8.7601
21:51:56.915,24.1,38.5,644,10.7615,8.1123
21:51:56.954,26.1,35.1,644,11.2645,7.4794
21:51:57.006,19.1,49.6,644,11.0946,7.8288
21:51:57.049,23.4,40.2,644,10.9962,8.0228
21:51:57.087,25.9,35.2,644,10.0414,7.9127
21:51:57.138,19.8,47.6,644,10.0686,8.5713
21:51:57.183,22.3,41.2,644,9.0997,8.8148
21:51:57.225,23.7,39.6,644,10.0645,9.0351
21:51:57.270,22.4,42.1,644,9.1475,8.7447
21:51:57.318,20.5,45.4,644,8.2921,8.6270
21:51:57.369,19.7,48.2,644,8.7301,8.2324
21:51:57.418,20.6,45.1,644,7.8199,8.2874
21:51:57.460,23.9,40.3,644,7.4324,7.3655
21:51:57.507,21.1,44.2,644,7.7142,6.4080
21:51:57.550,23.4,40.9,644,6.7913,6.0971
21:51:57.593,23.0,39.9,644,6.7679,7.0850
21:51:57.638,22.2,42.3,644,6.7601,6.0936
21:51:57.681,23.2,40.7,644,7.1044,6.0009
21:51:57.719,26.4,34.9,644,7.5176,6.1232
21:51:57.760,24.7,38.5,644,7.2089,7.0712
21:51:57.807,21.0,44.9,644,6.8453,7.9923
21:51:57.852,22.6,41.4,644,7.7035,8.3973
21:51:57.894,23.7,39.0,644,8.0154,7.4533
21:51:57.929,28.2,32.7,644,9.0031,7.5113
21:51:57.967,26.4,35.3,644,9.8735,7.9121
21:51:58.012,22.3,42.0,644,9.4873,8.8338
21:51:58.058,21.9,43.0,644,8.7319,8.2362
21:51:58.099,24.4,36.2,644,8.9328,7.2990
21:51:58.141,23.6,40.5,644,8.0842,7.3037
21:51:58.182,24.4,37.8,644,8.0574,8.2966
21:51:58.221,25.9,36.3,644,8.1634,9.2847
21:51:58.257,27.5,34.0,644,8.2580,8.3236
21:51:58.305,20.8,45.1,644,8.1687,9.2852
21:51:58.354,20.5,46.3,644,8.5058,9.8882
21:51:58.398,22.8,40.8,644,8.4818,10.8508
21:51:58.438,25.1,37.0,644,8.7106,11.8131
21:51:58.486,20.6,45.2,644,8.7716,10.8504
21:51:58.539,19.1,49.6,644,8.9213,11.7995
21:51:58.586,21.3,43.4,644,9.2417,10.8657
21:51:58.626,24.8,37.9,644,9.8446,10.0714
21:51:58.672,21.6,43.9,644,10.4843,10.8400
21:51:58.715,23.2,40.4,644,9.8571,11.6155
21:51:58.758,23.8,39.3,644,10.6183,12.1990
21:51:58.805,21.1,44.3,644,10.1827,11.2997
21:51:58.852,21.3,43.3,644,9.7329,10.4712
21:51:58.898,21.7,44.0,644,9.2745,11.0642
21:51:58.938,25.1,37.0,644,8.7900,10.2562
21:51:58.984,21.8,41.1,644,9.3549,9.6106
21:51:59.030,21.4,44.1,644,9.1288,8.8496
21:51:59.076,21.9,43.0,644,9.9851,8.7309
21:51:59.118,24.0,38.7,644,10.8363,8.8434
21:51:59.162,22.7,41.5,644,11.3180,9.5130
21:51:59.208,21.8,43.1,644,11.3764,9.6521
21:51:59.248,24.6,37.5,644,11.7575,10.1322
21:51:59.292,22.8,41.7,644,11.2630,10.9908
21:51:59.335,23.3,40.3,644,10.8077,11.8811
21:51:59.379,22.6,41.9,644,11.0143,11.5097
21:51:59.422,23.7,39.5,644,10.1751,12.0519
21:51:59.468,21.5,44.0,644,9.3992,12.6679
21:51:59.510,24.1,38.6,644,8.6247,13.2821
21:51:59.554,22.4,35.6,644,7.9738,12.5275
21:51:59.592,26.3,35.3,644,7.2384,13.1809
21:51:59.630,26.6,35.2,644,7.0030,12.2124
21:51:59.675,22.0,42.9,644,6.2431,12.8309
21:51:59.718,23.4,39.7,644,6.6454,13.6939
21:51:59.761,23.2,40.3,644,7.1610,14.3928
21:51:59.809,20.8,44.6,644,6.3607,13.7932
21:51:59.852,23.2,40.0,644,6.9730,13.0139
21:51:59.895,23.3,39.7,644,7.7424,12.3991
21:51:59.939,22.8,41.2,644,7.1185,13.1668
21:51:59.978,25.4,36.7,644,8.1044,13.0005
21:52:00.025,21.3,44.3,644,8.8343,12.3169
21:52:00.062,27.1,34.0,644,8.4398,11.4313
21:52:00.106,22.8,40.6,644,7.5538,11.8560
21:52:00.147,24.2,39.1,644,6.8629,11.2878
21:52:00.185,26.5,34.6,644,6.8075,10.3031
21:52:00.224,25.9,37.1,644,7.7795,10.3648
21:52:00.265,24.3,38.5,644,6.9622,9.7916
21:52:00.311,21.6,43.0,644,7.7173,10.3929
21:52:00.354,23.5,39.8,644,8.4128,11.0845
21:52:00.397,23.2,40.7,644,9.2075,11.6772
21:52:00.435,26.1,35.1,644,9.5306,12.5505
21:52:00.478,23.6,39.7,644,9.1239,13.3993
21:52:00.523,21.9,43.2,644,9.2936,12.4570
21:52:00.566,23.5,40.1,644,10.1781,12.8956
21:52:00.603,26.8,34.7,644,11.0633,13.3304
21:52:00.645,24.0,39.2,644,10.1125,13.0510
21:52:00.692,21.0,45.1,644,9.1715,12.7341
21:52:00.729,27.5,33.8,644,10.0820,12.3252
21:52:00.772,22.9,40.8,644,11.0480,12.3815
21:52:00.818,21.8,43.5,644,11.9793,12.5732
21:52:00.863,22.4,42.0,644,12.1494,11.5936
21:52:00.907,22.5,41.6,644,12.0589,12.5845
21:52:00.947,25.4,36.6,644,11.9643,13.5552
21:52:00.993,21.7,43.1,644,12.0753,12.5672
21:52:01.033,24.8,38.2,644,11.9832,13.5616
21:52:01.074,24.1,38.3,644,11.7307,14.4948
21:52:01.119,22.5,42.1,644,11.8163,13.5001
21:52:01.166,21.4,44.2,644,11.8865,13.5672
21:52:01.203,26.9,34.2,644,12.0140,12.5866
21:52:01.249,21.6,34.6,644,11.8823,13.5703
21:52:01.289,25.2,37.0,644,11.4134,13.7454
21:52:01.331,23.8,39.6,644,11.5091,12.7583
21:52:01.374,23.4,39.6,644,10.6852,12.4562
21:52:01.414,24.7,37.9,644,10.0533,12.0390
21:52:01.449,28.6,32.6,644,10.2295,13.0211
21:52:01.495,21.7,43.0,644,9.2396,12.9489
21:52:01.541,21.9,42.2,644,8.6662,13.5904
21:52:01.583,23.9,39.6,644,7.7354,13.2405
21:52:01.623,24.9,36.9,644,8.5570,13.6503
21:52:01.667,22.7,40.8,644,9.3161,13.0987
21:52:01.714,21.4,43.9,644,8.8174,13.8904
21:52:01.757,22.9,40.7,644,8.7789,12.9580
21:52:01.801,23.1,40.3,644,8.7748,13.8402
21:52:01.841,24.7,37.7,644,8.7695,14.5849
21:52:01.884,23.3,39.8,644,7.7808,14.4518
21:52:01.923,25.7,36.2,644,7.3990,14.0426
21:52:01.966,23.0,41.5,644,7.1931,14.9980
21:52:02.013,21.7,43.0,644,6.9081,15.9222
21:52:02.063,19.7,47.5,644,6.7413,16.8374
21:52:02.107,22.8,40.6,644,7.0785,15.9066
21:52:02.152,22.1,42.2,644,7.7512,16.4218
21:52:02.198,21.9,43.1,644,8.4010,16.9918
21:52:02.242,22.7,41.4,644,9.2008,17.0191
21:52:02.285,23.0,40.7,644,10.1110,17.2333
21:52:02.328,23.6,40.3,644,9.6894,17.2886
21:52:02.379,19.5,44.3,644,9.5406,18.2774
21:52:02.424,22.0,43.8,644,9.3379,19.2529
21:52:02.462,26.8,34.7,644,10.2203,19.6862
21:52:02.504,23.7,39.5,644,11.1849,19.9405
21:52:02.550,21.6,44.7,644,12.1535,20.0280
21:52:02.595,22.2,42.3,644,12.2227,19.6689
21:52:02.636,24.4,38.2,644,11.7099,19.9213
21:52:02.675,25.7,36.4,644,11.2207,20.2513
21:52:02.720,22.3,41.2,644,10.6966,21.1015
21:52:02.762,23.6,39.5,644,10.5165,20.1204
21:52:02.806,22.9,41.3,644,10.7021,21.1016
21:52:02.853,21.1,44.4,644,10.9672,22.0564
21:52:02.896,23.2,40.4,644,11.1231,22.0527
21:52:02.941,22.5,41.6,644,11.5603,21.1684
21:52:02.983,23.8,38.7,644,12.0853,20.3181
21:52:03.028,22.1,41.9,644,12.5849,19.4669
21:52:03.071,23.6,39.5,644,13.3366,19.8630
21:52:03.111,24.8,37.7,644,13.3263,20.8627
21:52:03.154,23.5,39.5,644,14.3173,20.9109
21:52:03.200,21.5,44.6,644,15.2660,20.9128
21:52:03.246,21.9,42.8,644,14.5405,20.4115
21:52:03.284,26.2,35.2,644,15.3861,20.6206
21:52:03.323,25.8,35.9,644,16.0859,20.8568
21:52:03.373,19.7,48.1,644,15.9291,20.1085
21:52:03.419,22.0,43.6,644,16.0412,19.7423
21:52:03.457,26.4,34.9,644,16.5777,19.5455
21:52:03.502,21.9,42.3,644,16.9381,20.4511
21:52:03.546,22.6,41.0,644,16.0040,20.6609
21:52:03.588,23.9,38.9,644,16.7763,21.2484
21:52:03.626,26.6,34.9,644,17.6472,20.7573
21:52:03.668,23.7,40.0,644,17.0535,20.0193
21:52:03.712,22.8,41.2,644,17.1124,21.0116
21:52:03.752,25.3,37.0,644,16.2204,20.9964
21:52:03.795,23.0,36.6,644,15.4474,20.5618
21:52:03.842,21.4,43.9,644,14.7104,20.5084
21:52:03.888,21.8,42.7,644,14.2926,21.0464
21:52:03.932,22.6,41.8,644,13.4127,21.0168
21:52:03.967,28.3,32.4,644,13.0397,21.9440
21:52:04.010,23.3,39.8,644,13.8849,21.4287
21:52:04.051,24.4,38.0,644,14.5556,22.1702
21:52:04.092,24.5,37.1,644,14.3805,21.9103
21:52:04.134,23.8,38.9,644,14.7506,21.3128
21:52:04.179,22.2,42.3,644,14.7535,20.4426
21:52:04.226,21.2,44.7,644,15.2374,21.0255
21:52:04.265,25.7,36.2,644,14.4198,21.5282
21:52:04.310,22.6,40.8,644,15.2222,20.9650
21:52:04.353,23.3,39.5,644,14.4007,21.4590
21:52:04.395,23.6,39.0,644,13.5794,21.9777
21:52:04.436,24.5,37.9,644,14.2608,22.6920
21:52:04.484,20.5,47.2,644,14.7478,22.1497
21:52:04.531,21.7,43.9,644,15.2789,22.9963
21:52:04.575,22.6,41.8,644,15.9309,23.7365
21:52:04.622,21.1,44.8,644,15.4301,22.8824
21:52:04.664,23.9,39.3,644,15.3854,22.1876
21:52:04.708,22.8,40.5,644,14.4155,22.4281
21:52:04.750,23.7,39.4,644,14.5483,22.8642
21:52:04.796,21.6,43.5,644,14.0751,23.6747
21:52:04.840,23.1,39.8,644,13.2487,23.9812
21:52:04.888,20.6,46.5,644,14.1003,23.4957
21:52:04.930,24.0,38.4,644,13.6308,22.7195
21:52:04.974,22.8,41.2,644,13.1550,21.9312
21:52:05.023,20.1,46.1,644,13.3683,22.7144
21:52:05.072,20.7,45.6,644,13.5601,23.4967
21:52:05.107,28.6,32.4,644,12.7833,24.0401
21:52:05.150,22.9,40.2,644,13.6858,23.6446
21:52:05.195,22.3,42.4,644,14.0804,24.5562
21:52:05.237,24.0,39.4,644,14.3866,23.8513
21:52:05.279,23.7,39.0,644,14.6689,23.0952
21:52:05.327,20.9,44.3,644,15.6016,22.7350
21:52:05.371,22.8,40.7,644,14.8301,23.3697
21:52:05.416,22.0,42.8,644,15.5224,22.6562
21:52:05.457,24.9,37.1,644,16.4640,22.3223
21:52:05.503,21.5,43.5,644,16.6447,23.3052
21:52:05.549,21.6,43.0,644,17.5172,22.8167
21:52:05.587,26.6,34.5,644,16.5931,23.1936
21:52:05.632,22.3,41.9,644,17.5612,22.9968
21:52:05.676,22.4,41.8,644,18.5103,23.2378
21:52:05.721,22.6,41.8,644,18.3350,22.3082
21:52:05.757,27.4,34.1,644,18.3365,23.1744
21:52:05.800,23.0,40.8,644,17.5882,22.8365
21:52:05.844,22.8,40.7,644,18.5365,22.8950
21:52:05.887,23.7,39.8,644,19.2876,23.1952
21:52:05.930,23.0,39.9,644,19.1758,22.2817
21:52:05.975,22.2,42.7,644,19.9064,22.6093
21:52:06.016,24.4,38.1,644,20.6759,23.2331
21:52:06.060,22.6,41.0,644,20.6989,22.3699
21:52:06.106,21.9,43.1,644,20.2760,23.1163
21:52:06.152,21.8,43.1,644,19.8072,23.9967
21:52:06.184,30.7,31.0,644,19.1594,24.7522
21:52:06.216,31.5,29.5,644,20.0407,24.2796
21:52:06.255,25.8,35.6,644,19.1752,24.7805
21:52:06.304,20.5,45.7,644,18.3621,24.2305
21:52:06.338,29.2,32.6,644,18.0424,25.1558
21:52:06.375,26.9,34.2,644,17.2772,25.1431
21:52:06.410,28.5,32.6,644,16.3133,25.2299
21:52:06.455,22.5,41.2,644,15.3751,25.3762
21:52:06.503,20.9,45.4,644,14.3841,25.4965
21:52:06.545,23.4,40.2,644,14.2163,26.2689
21:52:06.586,24.4,38.3,644,14.3763,25.9938
21:52:06.633,21.3,43.5,644,14.4928,25.7066
21:52:06.681,20.8,45.5,644,14.6140,25.4008
21:52:06.724,23.7,39.1,644,14.7415,25.1724
21:52:06.760,27.6,33.5,644,14.6626,25.5480
21:52:06.806,21.8,43.2,644,14.6012,24.5571
21:52:06.845,25.2,36.9,644,14.5097,24.3381
21:52:06.888,23.6,39.1,644,14.6342,24.6090
21:52:06.931,23.3,40.3,644,14.5721,25.0287
21:52:06.979,20.8,45.6,644,14.5122,25.4507
21:52:07.026,21.4,43.5,644,14.2408,25.9928
21:52:07.067,24.3,38.6,644,13.8077,25.7764
21:52:07.107,24.9,37.8,644,13.6784,25.5940
21:52:07.155,20.6,45.7,644,13.9001,25.6782
21:52:07.202,21.5,43.1,644,13.7969,25.7391
21:52:07.243,24.5,37.8,644,12.8057,25.8406
21:52:07.290,21.3,44.0,644,12.9092,25.8269
21:52:07.334,22.7,41.4,644,13.7872,26.3029
21:52:07.380,21.8,42.6,644,13.6900,26.1638
21:52:07.423,22.8,41.4,644,13.8233,26.1124
21:52:07.474,19.7,47.9,644,14.1958,27.0313
21:52:07.512,26.7,34.7,644,13.4090,26.7160
21:52:07.554,23.7,39.7,644,12.5515,26.8506
21:52:07.589,28.6,31.8,644,11.7291,27.1684
21:52:07.627,26.1,35.8,644,12.6514,27.0642
21:52:07.676,20.5,45.9,644,12.2608,27.0777
21:52:07.717,24.4,38.6,644,12.9848,27.0836
21:52:07.761,22.7,41.0,644,12.5275,27.1784
21:52:07.809,20.6,45.8,644,13.1158,27.1735
21:52:07.849,25.0,37.6,644,12.4509,27.1000
21:52:07.893,23.0,39.9,644,13.1460,27.2248
21:52:07.935,24.0,39.2,644,12.6189,27.2761
21:52:07.987,19.3,48.8,644,13.0879,27.1904
21:52:08.032,22.0,42.1,644,13.8122,27.5920
21:52:08.073,24.4,38.3,644,14.7199,27.5463
21:52:08.112,25.4,37.0,644,15.4042,27.5255
21:52:08.158,21.7,43.2,644,14.6419,27.4522
21:52:08.199,24.4,38.1,644,15.3834,27.5308
21:52:08.247,20.8,45.3,644,15.7573,28.3177
21:52:08.296,20.3,47.8,644,15.9137,28.3742
21:52:08.336,25.2,38.1,644,16.6335,27.7274
21:52:08.378,24.2,39.0,644,17.3130,28.4587
21:52:08.419,24.1,38.3,644,17.6606,28.7887
21:52:08.460,24.3,38.6,644,17.1400,28.5805
21:52:08.503,23.4,39.7,644,17.6808,29.4212
21:52:08.551,20.9,45.0,644,17.8265,29.6291
21:52:08.593,23.7,39.9,644,17.8393,29.9974
21:52:08.635,24.1,38.7,644,18.0714,30.1916
21:52:08.677,23.6,38.3,644,17.8158,30.0988
21:52:08.724,21.3,44.1,644,17.8718,31.0912
21:52:08.768,22.9,41.1,644,18.3335,30.2042
21:52:08.802,28.8,32.2,644,18.5521,29.2293
21:52:08.839,27.0,34.5,644,18.9721,28.3219
21:52:08.884,22.2,42.2,644,18.3812,29.1271
21:52:08.930,22.1,42.8,644,18.0123,28.2527
21:52:08.970,24.6,38.1,644,18.1473,27.3347
21:52:09.012,23.8,39.2,644,18.4266,27.6909
21:52:09.055,23.5,40.2,644,19.3735,27.9996
21:52:09.098,23.3,40.5,644,19.8771,28.8486
21:52:09.135,26.7,34.8,644,19.7902,28.7682
21:52:09.184,20.6,45.4,644,19.8985,28.6512
21:52:09.230,21.6,44.0,644,20.0068,28.5825
21:52:09.272,23.7,39.7,644,20.1604,29.5706
21:52:09.313,24.3,37.6,644,20.4575,30.5255
21:52:09.350,27.3,34.0,644,20.6161,31.5128
21:52:09.396,21.6,43.1,644,20.8104,32.4928
21:52:09.442,22.0,42.3,644,21.2175,32.7825
21:52:09.482,25.1,36.9,644,21.4829,33.1433
21:52:09.531,20.3,44.3,644,21.9370,32.2524
21:52:09.580,20.4,46.6,644,21.7436,32.0679
21:52:09.623,23.1,40.0,644,21.7532,32.0736
21:52:09.663,25.1,38.0,644,21.9043,32.5825
21:52:09.706,23.0,39.6,644,21.8506,33.0914
21:52:09.756,20.4,45.9,644,21.7877,33.6113
21:52:09.800,22.7,41.6,644,22.0879,34.4488
21:52:09.846,21.5,43.8,644,22.1021,33.9110
21:52:09.898,19.2,50.4,644,22.1286,33.3652
21:52:09.943,22.2,43.0,644,22.8470,33.9976
21:52:09.982,25.5,36.3,644,22.8023,34.5410
21:52:10.030,21.0,44.8,644,22.8158,34.7762
21:52:10.076,21.9,43.4,644,22.9250,34.9366
21:52:10.112,27.2,34.3,644,22.6596,35.0495
21:52:10.158,22.1,41.9,644,21.8392,35.6114
21:52:10.203,22.1,42.4,644,21.9289,35.8582
21:52:10.247,22.5,40.6,644,21.1313,36.3275
21:52:10.289,23.8,38.8,644,20.2372,35.9706
21:52:10.330,24.6,37.9,644,20.1832,35.8248
21:52:10.375,22.4,39.6,644,20.0062,36.0761
21:52:10.415,24.6,38.1,644,20.0571,35.9347
21:52:10.459,22.8,41.3,644,20.1730,35.7392
21:52:10.504,22.3,41.9,644,20.3587,35.7041
21:52:10.549,22.5,41.3,644,19.4099,35.8152
21:52:10.593,22.7,41.8,644,18.7103,35.9238
21:52:10.632,25.7,37.1,644,17.7594,35.8940
21:52:10.680,20.6,41.6,644,17.0035,35.5696
21:52:10.717,27.0,33.6,644,16.2810,35.3918
21:52:10.758,24.4,38.4,644,17.0965,35.6140
21:52:10.803,22.5,42.1,644,17.9094,35.8958
21:52:10.842,25.4,37.4,644,17.0397,35.8941
21:52:10.889,21.4,43.6,644,16.8845,35.5758
21:52:10.929,24.7,37.3,644,15.9357,35.3981
21:52:10.978,20.3,46.4,644,15.1263,35.0643
21:52:11.023,22.6,41.4,644,15.9394,35.0536
21:52:11.072,20.4,45.5,643,15.7275,34.7778
21:52:11.112,25.1,36.6,641,14.8943,34.7314
21:52:11.162,20.0,47.4,628,13.9465,34.9960
21:52:11.210,20.8,45.1,621,12.9678,35.1950
21:52:11.256,21.3,43.9,616,13.6693,34.8627
21:52:11.304,21.2,43.9,607,14.3159,34.5111
21:52:11.354,20.0,47.2,583,13.3876,34.5188
21:52:11.401,21.1,44.3,571,13.5768,34.2907
21:52:11.449,20.8,45.4,567,13.1248,34.0517
21:52:11.489,25.3,36.4,542,12.7013,33.6847
21:52:11.537,20.7,44.7,531,12.2067,33.2874
21:52:11.583,21.7,43.0,531,12.9808,33.5616
21:52:11.625,24.2,38.7,530,12.9756,34.1256
21:52:11.670,21.9,42.6,527,12.0309,33.9937
21:52:11.713,23.5,39.4,520,12.6286,34.6611
21:52:11.756,23.3,39.3,683,13.1981,34.2828
21:52:11.803,21.2,44.3,666,14.0669,34.1149
21:52:11.850,21.5,44.2,661,13.3653,33.7103
21:52:11.895,22.2,42.5,653,12.6053,33.6197
21:52:11.933,25.8,36.0,641,13.3082,33.4603
21:52:11.975,24.0,38.6,613,12.7886,33.4855
21:52:12.013,26.2,35.6,612,13.3937,33.5585
21:52:12.063,20.3,46.7,612,14.2135,33.1378
21:52:12.110,20.9,44.7,607,14.2337,32.2172
21:52:12.156,22.1,41.9,607,14.1408,31.2755
21:52:12.198,23.7,39.3,606,14.3570,30.5104
21:52:12.242,22.9,41.1,606,14.2490,29.5328
21:52:12.284,23.8,38.7,605,14.3782,28.5598
21:52:12.321,26.4,34.8,605,14.5676,27.5796
21:52:12.370,20.5,46.2,602,14.3569,26.7308
21:52:12.417,21.4,43.2,600,13.3653,26.8561
21:52:12.464,21.0,44.0,600,13.8495,26.3612
21:52:12.510,22.0,41.5,600,13.3562,26.9658
21:52:12.555,22.3,42.2,599,13.9924,26.5702
21:52:12.599,22.8,41.9,597,14.3678,27.3984
21:52:12.639,24.7,37.4,577,13.7294,27.8994
21:52:12.680,24.2,38.5,577,13.1017,28.2613
21:52:12.717,27.1,34.3,576,13.5569,29.1109
21:52:12.762,22.6,41.4,576,14.1918,28.4240
21:52:12.808,21.4,43.2,576,15.0945,28.0039
21:52:12.852,23.0,40.7,575,16.0098,27.6020
21:52:12.896,22.6,41.2,573,15.1217,28.0051
21:52:12.938,23.8,39.7,573,16.0862,27.7787
21:52:12.981,23.2,38.4,572,16.8232,27.1104
21:52:13.026,22.4,41.7,572,15.8730,27.0024
21:52:13.072,21.4,43.1,572,14.9160,26.9998
21:52:13.115,23.2,40.0,570,15.8836,26.7477
21:52:13.157,23.9,38.6,569,14.9929,27.2004
21:52:13.207,20.2,46.5,568,14.6727,28.1210
21:52:13.249,23.9,39.0,567,13.7574,28.5213
21:52:13.292,23.0,40.8,565,12.8490,28.9378
21:52:13.329,27.4,33.6,559,11.8999,29.2527
21:52:13.382,18.9,49.9,559,10.9087,29.3190
21:52:13.428,21.8,44.2,556,9.9490,29.5943
21:52:13.475,21.2,43.7,556,10.1273,30.3538
21:52:13.524,20.3,46.4,554,9.1279,30.3498
21:52:13.569,22.1,42.7,553,9.2647,31.2681
21:52:13.612,23.2,40.6,553,9.6042,32.1560
21:52:13.660,20.8,45.6,553,9.6523,33.0437
21:52:13.703,23.3,40.1,553,8.6557,32.9831
21:52:13.742,25.9,36.0,553,7.6644,33.0573
21:52:13.785,23.4,39.5,553,7.1534,32.2000
21:52:13.835,20.0,47.2,553,7.6078,31.9914
21:52:13.883,20.7,45.6,553,7.0032,31.2069
21:52:13.926,23.0,40.1,552,7.2716,32.1622
21:52:13.972,21.7,42.5,552,6.8836,32.3915
21:52:14.015,23.5,39.6,552,7.7136,32.9384
21:52:14.049,29.0,31.9,552,7.3617,33.5984
21:52:14.094,22.4,41.8,552,7.0637,32.9008
21:52:14.138,23.0,40.5,552,6.6181,32.3164
21:52:14.177,25.6,36.4,552,6.7220,32.9327
21:52:14.210,30.1,30.5,552,6.6085,32.2916
21:52:14.245,28.9,31.4,552,5.8484,32.8017
21:52:14.290,22.2,42.3,552,6.7498,32.3688
21:52:14.333,23.0,41.4,552,6.6860,32.6864
21:52:14.368,28.7,32.3,552,6.4146,32.0755
21:52:14.407,25.7,36.6,552,5.6928,31.6821
21:52:14.443,27.9,32.6,552,6.3992,30.9808
21:52:14.487,22.7,41.5,552,6.1063,31.4996
21:52:14.534,21.4,43.4,552,6.1258,30.6996
21:52:14.574,24.8,36.6,552,6.5776,29.8690
21:52:14.611,27.1,34.2,552,7.1110,29.3633
21:52:14.658,21.1,44.3,552,7.4894,28.6317
21:52:14.700,23.9,39.6,552,7.7417,27.7126
21:52:14.743,23.2,40.5,552,6.8778,27.2825
21:52:14.793,20.3,45.6,552,7.6577,27.8016
21:52:14.838,21.9,42.3,552,7.2726,27.5669
21:52:14.883,22.6,41.0,552,8.0680,27.8594
21:52:14.925,23.7,39.8,552,8.1395,26.9076
21:52:14.962,27.0,34.4,552,7.7877,26.0677
21:52:15.014,19.3,39.1,552,8.1981,26.6889
21:52:15.059,22.1,42.7,551,8.3445,25.9157
21:52:15.105,21.9,42.8,551,8.2254,24.9279
21:52:15.143,26.4,35.4,551,8.1440,25.8837
21:52:15.185,23.8,38.8,548,7.9478,24.9252
21:52:15.232,21.2,43.8,548,8.3276,25.6484
21:52:15.279,21.2,44.3,548,8.5491,25.5365
21:52:15.320,24.3,38.2,548,8.7958,25.0984
21:52:15.369,20.3,46.8,545,8.4138,24.2481
21:52:15.411,24.2,38.6,543,8.2057,23.2820
21:52:15.452,24.2,38.3,541,7.8881,22.3881
21:52:15.498,21.9,42.3,538,7.7440,21.4938
21:52:15.542,22.6,41.0,537,7.4299,20.5473
21:52:15.586,23.0,40.6,535,7.5424,20.4072
21:52:15.629,23.1,40.6,535,7.2619,19.4674
21:52:15.671,23.7,39.4,535,7.5427,19.2356
21:52:15.714,23.1,40.0,535,7.9641,19.5863
21:52:15.757,23.4,39.5,535,7.7071,19.0670
21:52:15.807,20.2,46.8,533,7.8090,18.2760
21:52:15.848,23.8,39.4,533,7.7994,17.2762
21:52:15.895,21.5,43.8,533,8.1360,16.9955
21:52:15.938,23.3,39.9,533,8.6072,17.2278
21:52:15.976,26.2,35.0,530,8.9534,17.5487
21:52:16.018,23.9,39.2,529,9.1454,16.9201
21:52:16.060,23.7,39.1,529,9.4576,17.4528
21:52:16.104,22.6,41.8,529,9.8825,17.9168
21:52:16.148,23.0,40.0,529,10.3215,17.0333
21:52:16.188,24.9,37.0,529,10.6538,16.1958
21:52:16.232,22.7,41.4,529,11.0147,15.6018
21:52:16.274,23.7,38.2,529,11.7219,16.3088
21:52:16.317,23.3,40.0,529,11.2687,16.9821
21:52:16.353,27.7,33.4,529,10.9651,16.9976
21:52:16.411,17.4,44.4,529,10.4259,16.7073
21:52:16.453,23.6,39.2,529,10.8884,15.8297
21:52:16.497,23.0,41.9,529,11.3188,14.9403
21:52:16.541,22.8,41.2,529,11.0949,15.8172
21:52:16.584,23.0,39.9,529,11.6223,16.0465
21:52:16.627,23.5,40.3,529,11.6159,15.3783
21:52:16.669,23.6,40.0,529,11.3427,16.2697
21:52:16.707,26.3,35.3,529,11.8074,15.3845
21:52:16.756,20.7,45.4,529,12.2380,14.4841
21:52:16.802,21.4,43.8,529,12.7249,13.6196
21:52:16.845,23.7,39.2,529,12.5683,12.8178
21:52:16.893,20.7,45.2,529,13.4168,13.2779
21:52:16.940,21.0,45.0,529,12.4649,13.1921
21:52:16.980,25.5,36.4,529,13.2883,13.5803
21:52:17.025,22.2,42.4,529,13.4673,12.9363
21:52:17.076,19.5,47.9,529,13.6131,12.3924
21:52:17.116,24.8,37.3,529,14.4882,12.8764
21:52:17.157,24.3,38.5,529,13.5402,12.6928
21:52:17.202,22.7,40.6,529,14.3936,13.1725
21:52:17.249,21.3,44.5,529,15.1827,13.6963
21:52:17.294,22.0,43.4,529,15.9576,14.2346
21:52:17.339,22.3,41.8,529,16.7637,14.7489
21:52:17.381,23.8,39.0,529,17.5789,15.2524
21:52:17.430,20.4,45.9,529,16.7160,14.7766
21:52:17.475,22.4,42.0,529,17.5063,15.2964
21:52:17.516,24.2,38.6,529,18.3017,15.8127
21:52:17.563,21.4,44.0,529,19.0961,16.3596
21:52:17.607,22.5,41.4,529,19.9295,16.9117
21:52:17.649,23.6,40.0,529,20.8046,17.3922
21:52:17.690,24.8,37.6,529,21.5804,18.0230
21:52:17.734,22.8,41.3,529,22.3777,18.6262
21:52:17.779,21.9,42.9,528,23.1695,19.2362
21:52:17.822,23.7,39.8,528,22.5452,19.5702
21:52:17.855,29.5,31.3,528,22.4257,20.5477
21:52:17.901,22.2,42.3,528,21.7383,20.3424
21:52:17.949,20.8,44.8,528,22.3016,20.4143
21:52:17.992,23.2,41.2,528,23.0073,20.8699
21:52:18.030,26.3,35.1,528,22.0231,20.8220
21:52:18.074,22.4,42.7,528,21.6438,20.3532
21:52:18.112,26.8,34.5,528,21.4242,20.0402
21:52:18.155,23.3,39.5,528,21.6730,20.1683
21:52:18.201,21.8,43.4,528,21.8795,20.3242
21:52:18.242,23.8,39.2,528,22.0477,20.8528
21:52:18.286,22.8,40.7,528,22.8788,20.3208
21:52:18.330,23.0,39.5,528,22.1863,20.0359
21:52:18.373,23.2,40.0,528,22.3401,20.6282
21:52:18.418,22.1,42.8,528,22.6276,19.6705
21:52:18.454,27.8,32.9,528,23.1877,20.0038
21:52:18.495,24.6,38.0,528,23.2397,20.6426
21:52:18.536,24.1,39.9,528,22.9022,21.2058
21:52:18.578,23.6,39.8,528,22.6131,20.3876
21:52:18.621,23.8,39.5,528,22.1726,19.6221
21:52:18.666,21.8,42.9,528,22.2448,19.4102
21:52:18.708,24.1,39.1,528,21.7756,18.7144
21:52:18.746,26.2,35.2,528,21.9125,18.2630
21:52:18.782,27.6,33.7,528,21.2941,18.4969
21:52:18.820,26.3,34.9,528,22.1087,18.5846
21:52:18.867,21.4,44.3,528,21.2993,18.9559
21:52:18.907,24.9,37.3,528,21.6615,19.2320
21:52:18.947,25.2,37.1,528,22.2465,19.3215
21:52:18.987,25.0,37.4,528,22.7523,19.5914
21:52:19.031,22.9,40.8,528,23.2306,19.7622
21:52:19.072,24.2,38.9,528,23.5171,19.3697
21:52:19.110,26.5,35.0,528,23.7271,20.2328
21:52:19.152,23.6,39.7,528,22.9184,20.1908
21:52:19.200,21.0,44.7,528,22.2323,20.0079
21:52:19.242,23.7,39.0,528,22.7097,20.3751
21:52:19.285,23.5,39.8,528,22.0560,19.9253
21:52:19.329,22.7,41.6,528,22.4721,20.3010
21:52:19.375,21.5,43.8,528,23.3495,20.2711
21:52:19.420,22.5,42.0,528,24.0313,20.7133
21:52:19.466,21.6,43.6,528,23.3274,20.5985
21:52:19.510,22.6,41.2,528,22.6182,20.5509
21:52:19.549,25.8,36.9,528,22.2799,20.9288
21:52:19.588,25.8,35.4,528,21.6531,20.8928
21:52:19.635,21.0,44.8,524,21.1417,20.5621
21:52:19.680,22.3,42.5,524,21.9939,20.4205
21:52:19.724,22.8,40.1,524,22.8302,20.2717
21:52:19.762,26.2,35.6,523,23.0049,19.2937
21:52:19.805,23.3,40.3,523,23.1934,18.3137
21:52:19.849,22.9,40.7,523,22.5233,18.7826
21:52:19.890,24.1,38.5,523,21.6439,18.3115
21:52:19.930,25.5,36.9,523,20.8212,18.8290
21:52:19.975,21.8,43.4,523,21.7302,18.4382
21:52:20.019,22.7,40.8,523,22.3262,19.2184
21:52:20.062,23.3,40.5,523,22.8871,19.9447
21:52:20.099,27.5,33.1,523,22.6615,19.1662
21:52:20.149,20.0,46.8,523,22.3278,18.9800
21:52:20.196,21.2,43.9,523,21.9101,18.7845
21:52:20.237,24.4,38.7,523,21.6261,17.8322
21:52:20.283,21.9,42.2,513,21.7776,17.2642
21:52:20.325,23.7,39.8,513,21.2008,17.0605
21:52:20.372,21.4,44.4,513,21.1702,16.5614
21:52:20.410,26.0,36.2,513,21.1519,15.8194
21:52:20.456,21.7,43.5,513,21.1878,15.9567
21:52:20.498,24.1,39.6,512,20.8145,16.3290
21:52:20.543,22.2,42.3,512,20.3502,15.8583
21:52:20.587,22.9,40.9,512,19.4079,15.9896
21:52:20.634,21.2,43.4,512,18.5772,16.4281
21:52:20.680,21.7,44.4,512,19.2609,16.6200
21:52:20.721,24.4,39.4,512,20.0452,16.7860
21:52:20.772,19.5,48.1,512,19.5896,17.6083
21:52:20.817,22.5,41.0,512,19.9709,17.9337
21:52:20.861,22.4,40.2,512,20.7977,18.1365
21:52:20.909,21.0,45.0,512,21.1807,17.5759
21:52:20.955,21.8,42.7,512,21.4709,17.1033
21:52:20.998,23.1,40.9,512,21.8291,16.5228
21:52:21.044,21.8,43.5,512,22.3282,16.2274
21:52:21.089,22.1,42.4,512,22.5348,15.5256
21:52:21.131,23.8,39.5,512,22.7405,14.9393
21:52:21.175,23.0,41.5,512,23.4736,15.3546
21:52:21.211,27.3,33.3,511,22.9752,14.5320
21:52:21.255,23.0,39.9,511,22.7496,15.0038
21:52:21.294,25.8,36.3,511,22.0952,15.1949
21:52:21.334,24.5,38.2,511,21.4503,15.1810
21:52:21.376,23.8,38.8,511,20.7829,15.2552
21:52:21.412,28.3,32.4,511,20.3173,14.4456
21:52:21.454,23.9,40.2,511,19.6778,14.6440
21:52:21.495,24.4,39.4,511,20.1150,14.1688
21:52:21.536,24.0,40.0,511,20.5227,13.6499
21:52:21.584,21.0,44.2,511,20.6251,14.1484
21:52:21.627,23.2,40.7,510,21.0590,14.5338
21:52:21.667,24.8,37.2,509,21.3665,15.2911
21:52:21.709,23.8,39.5,509,21.7921,15.6730
21:52:21.752,23.1,41.4,509,22.3412,15.1090
21:52:21.797,22.5,38.2,509,21.6456,15.5759
21:52:21.836,25.7,36.1,509,22.2627,15.5433
21:52:21.884,20.6,45.3,509,21.5881,16.2723
21:52:21.924,25.2,37.4,509,21.3227,16.0130
21:52:21.963,25.3,37.1,509,21.7348,16.1258
21:52:22.003,25.2,36.7,509,22.1897,16.4689
21:52:22.044,24.2,38.7,509,22.5736,17.3565
21:52:22.089,22.5,42.1,509,22.9314,17.9350
21:52:22.134,22.2,42.6,509,22.4265,18.4756
21:52:22.168,29.0,32.8,509,22.6432,19.0425
21:52:22.208,25.5,36.9,509,21.9374,19.3423
21:52:22.250,23.6,40.0,509,22.6219,19.1241
21:52:22.288,26.1,35.6,509,23.4149,18.8737
21:52:22.330,23.9,40.1,509,24.2670,18.7101
21:52:22.369,25.5,37.0,509,25.0837,18.2317
21:52:22.413,22.9,41.8,509,24.1672,18.3218
21:52:22.454,24.4,38.6,509,24.5538,17.5147
21:52:22.497,23.2,40.7,509,24.8378,18.4170
21:52:22.536,25.2,36.3,509,24.4384,18.1104
21:52:22.578,23.9,40.2,509,25.2963,17.9629
21:52:22.624,21.8,43.9,509,24.4242,18.3059
21:52:22.664,25.3,37.8,509,24.8326,19.1488
21:52:22.701,26.6,35.9,509,24.4907,20.0712
21:52:22.742,24.8,37.3,509,25.1536,19.4597
21:52:22.784,23.5,39.2,509,24.4355,19.0650
21:52:22.832,21.0,45.3,509,25.2338,18.9718
21:52:22.866,29.2,29.7,509,24.6089,18.4414
21:52:22.899,30.3,30.7,509,25.3900,18.7768
21:52:22.943,22.5,32.7,509,26.2917,18.9271
21:52:22.990,21.3,44.2,509,26.8679,19.3039
21:52:23.029,25.6,36.9,509,27.6962,19.4904
21:52:23.075,21.8,43.0,509,27.3564,20.1852
21:52:23.118,23.4,39.6,509,27.6016,19.3052
21:52:23.157,25.5,36.7,509,26.7538,19.4999
21:52:23.197,24.9,37.0,509,27.5831,19.2249
21:52:23.242,22.3,41.2,509,27.2989,20.1833
21:52:23.286,22.7,41.4,506,27.0875,21.0304
21:52:23.324,26.1,35.9,506,26.9800,20.0806
21:52:23.362,26.9,34.5,506,27.0088,19.7775
21:52:23.403,24.3,37.9,506,27.1926,20.0631
21:52:23.439,27.7,33.2,506,27.1224,19.9869
21:52:23.482,23.1,40.8,506,27.2558,19.0004
21:52:23.518,27.6,31.2,506,27.6232,19.9239
21:52:23.558,25.1,36.5,506,27.0950,20.5197
21:52:23.599,24.4,38.6,506,27.4846,21.4376
21:52:23.644,22.2,42.3,506,27.5301,22.4364
21:52:23.682,26.2,35.6,506,28.0417,22.5611
21:52:23.714,32.0,28.6,506,28.5335,21.6983
21:52:23.746,30.8,30.0,506,29.0333,20.8504
21:52:23.804,17.4,44.9,506,29.6655,20.1014
21:52:23.849,22.2,42.6,506,28.8023,20.5851
21:52:23.887,26.2,35.6,506,28.5141,21.0500
21:52:23.925,26.0,36.7,506,29.1655,21.6596
21:52:23.965,24.8,37.5,506,28.9854,22.6430
21:52:24.008,23.5,39.2,506,29.9114,22.7114
