Timestamp,FPS,Delay_ms,TrackedFeatures,Pose_X,Pose_Z,Motion,Rotation
22:20:01.660,0.7,1095.5,0,0.0000,0.0000,Stationary,Stable
22:20:01.750,9.8,60.6,343,-0.5579,0.7769,Stationary,Stable
22:20:01.815,15.3,58.0,366,-1.5082,0.5697,Stationary,Stable
22:20:01.883,14.7,61.9,376,-1.3606,-0.3367,Stationary,Stable
22:20:01.951,14.7,61.8,385,-2.1183,0.0834,Stationary,Stable
22:20:02.017,15.4,58.0,390,-1.3026,-0.0222,Stationary,Stable
22:20:02.086,14.4,62.9,392,-0.4807,0.5094,Stationary,Stable
22:20:02.152,15.0,60.2,397,-0.7078,1.4522,Stationary,Stable
22:20:02.217,15.5,58.6,398,-1.2350,0.7306,Stationary,Stable
22:20:02.280,16.1,56.1,400,-2.1510,0.9112,Stationary,Stable
22:20:02.347,14.9,60.5,401,-1.5690,1.3605,Stationary,Stable
22:20:02.417,14.2,63.0,404,-1.7977,1.4137,Stationary,Stable
22:20:02.490,13.7,65.8,407,-2.7292,1.5193,Stationary,Stable
22:20:02.557,14.4,60.6,410,-2.6746,1.3186,Stationary,Stable
22:20:02.632,13.8,67.9,413,-3.0839,1.5401,Stationary,Stable
22:20:02.708,13.1,67.5,415,-3.3829,2.4015,Forward,Tilt Up
22:20:02.773,14.9,59.6,416,-3.2841,2.4127,Forward,Tilt Up
22:20:02.843,14.6,64.0,420,-2.3481,2.7048,Forward,Tilt Up
22:20:02.910,14.7,61.0,420,-1.4215,2.9925,Forward,Tilt Up
22:20:02.975,15.5,59.1,420,-1.6862,3.2825,Forward,Tilt Up
22:20:03.042,15.1,60.5,420,-1.1749,4.0614,Forward,Tilt Up
22:20:03.101,16.9,52.7,420,-0.2193,3.7687,Forward,Tilt Up
22:20:03.170,14.7,60.7,420,0.3603,3.9073,Forward,Tilt Up
22:20:03.237,14.9,59.9,420,0.8341,4.6892,Forward,Tilt Up
22:20:03.303,15.2,58.8,421,0.0161,5.2424,Forward,Tilt Up
22:20:03.361,16.4,54.1,420,0.8856,5.2791,Forward,Tilt Up
22:20:04.289,1.1,41.1,420,1.8065,4.9036,Right,Clockwise
22:20:04.328,25.8,33.4,423,2.4510,5.6628,Right,Clockwise
22:20:04.367,25.3,34.1,422,1.7487,4.9702,Right,Clockwise
22:20:04.413,21.8,41.2,423,1.3472,4.1219,Right,Clockwise
22:20:04.448,28.5,31.0,423,2.1439,4.7108,Right,Clockwise
22:20:04.496,21.0,42.5,423,1.4662,4.6203,Right,Clockwise
22:20:04.534,25.9,33.3,423,0.7821,4.6471,Right,Clockwise
22:20:04.577,23.6,37.6,423,0.1955,3.9067,Right,Clockwise
22:20:04.624,21.0,42.4,424,-0.5849,3.2816,Right,Clockwise
22:20:04.667,23.4,37.3,425,-1.5465,3.0183,Right,Clockwise
22:20:04.713,21.5,40.6,427,-1.0812,3.3756,Right,Clockwise
22:20:04.759,21.7,40.8,428,-1.4341,4.2688,Right,Clockwise
22:20:04.803,22.7,39.0,429,-0.4750,4.4918,Right,Clockwise
22:20:04.848,22.6,38.9,429,-0.5046,4.7369,Right,Clockwise
22:20:04.893,22.2,39.8,430,-0.4770,4.1077,Right,Clockwise
22:20:04.935,23.8,37.0,431,0.1020,3.7231,Right,Clockwise
22:20:04.971,27.4,31.7,431,-0.4428,3.0010,Right,Clockwise
22:20:05.010,25.9,33.5,431,0.4818,2.7819,Right,Clockwise
22:20:05.055,21.8,40.3,432,0.2228,2.3261,Right,Clockwise
22:20:05.107,19.7,46.7,432,0.4131,1.4471,Right,Clockwise
22:20:05.146,25.6,33.7,434,0.1748,0.5006,Right,Clockwise
22:20:05.188,23.3,37.8,434,0.0374,-0.4898,Right,Clockwise
22:20:05.227,25.9,33.9,434,-0.5594,-1.2523,Right,Clockwise
22:20:05.265,26.3,32.3,434,0.2000,-1.6826,Right,Clockwise
22:20:05.312,21.2,42.4,434,-0.3196,-1.4826,Forward,Tilt Down
22:20:05.355,23.2,37.9,435,-0.6428,-1.6019,Forward,Tilt Down
22:20:05.403,21.1,42.5,436,0.1755,-2.1625,Forward,Tilt Down
22:20:05.444,24.0,36.9,436,1.0262,-1.6438,Forward,Tilt Down
22:20:05.487,24.8,35.4,437,0.9604,-1.5500,Forward,Tilt Down
22:20:05.538,18.8,45.0,440,1.3990,-2.3782,Forward,Tilt Down
22:20:05.586,20.7,43.3,441,1.2580,-1.3919,Forward,Tilt Down
22:20:05.633,21.2,42.4,442,1.0149,-0.4454,Forward,Tilt Down
22:20:05.672,26.1,33.3,446,1.1448,-1.1937,Forward,Tilt Down
22:20:05.712,25.0,35.9,447,1.4315,-2.1517,Forward,Tilt Down
22:20:05.748,27.6,31.2,452,1.7759,-2.8408,Forward,Tilt Down
22:20:05.792,23.0,38.7,453,1.6870,-2.4096,Forward,Tilt Down
22:20:05.830,26.2,32.2,457,2.3045,-2.1539,Forward,Tilt Down
22:20:05.879,20.1,44.2,458,1.4425,-2.3550,Forward,Tilt Down
22:20:05.924,22.9,38.1,460,0.5418,-2.7172,Forward,Tilt Down
22:20:05.970,21.5,40.7,463,-0.2557,-3.2201,Forward,Tilt Down
22:20:06.015,22.1,40.0,465,-1.2076,-3.4708,Forward,Tilt Down
22:20:06.057,23.5,37.7,471,-2.1468,-3.6616,Forward,Tilt Down
22:20:06.102,22.4,38.9,473,-2.3011,-3.3243,Forward,Tilt Down
22:20:06.147,22.1,40.5,483,-2.7886,-2.5882,Forward,Tilt Down
22:20:06.193,21.9,40.6,487,-3.4341,-1.9631,Forward,Tilt Down
22:20:06.240,21.2,41.7,490,-3.8180,-1.2918,Forward,Tilt Down
22:20:06.278,26.1,33.3,492,-4.3185,-0.5146,Forward,Tilt Down
22:20:06.327,20.7,43.6,502,-5.0096,0.1894,Right,Tilt Down
22:20:06.368,24.3,35.6,502,-5.6453,0.9363,Right,Tilt Down
22:20:06.409,24.0,36.5,502,-6.2931,1.6303,Right,Tilt Down
22:20:06.450,24.8,35.1,501,-6.9562,2.3576,Right,Tilt Down
22:20:06.497,21.2,42.2,501,-7.6784,1.6674,Right,Tilt Down
22:20:06.537,25.0,35.0,501,-8.4013,1.0105,Right,Tilt Down
22:20:06.576,25.3,34.3,501,-9.1814,0.3945,Right,Tilt Down
22:20:06.613,27.7,31.2,501,-9.7262,0.2610,Right,Tilt Down
22:20:06.655,23.5,36.6,501,-10.2286,-0.3034,Right,Tilt Down
22:20:06.688,30.4,28.2,500,-10.5075,-0.2774,Right,Tilt Down
22:20:06.723,28.9,29.7,500,-10.7942,-0.2707,Right,Tilt Down
22:20:06.767,22.4,39.2,500,-11.5472,-0.9179,Right,Tilt Down
22:20:06.814,21.4,41.9,550,-12.2701,-1.3483,Right,Tilt Down
22:20:06.851,27.1,31.4,548,-11.8671,-1.2292,Right,Tilt Down
22:20:06.895,22.5,38.4,547,-12.4232,-1.7740,Right,Tilt Down
22:20:06.928,30.7,27.6,547,-12.6441,-1.7670,Right,Tilt Down
22:20:06.964,27.5,31.3,547,-13.0669,-1.6466,Right,Tilt Down
22:20:07.007,23.3,37.7,547,-13.1874,-1.5022,Right,Tilt Down
22:20:07.051,23.0,38.4,547,-13.0248,-1.3107,Right,Tilt Down
22:20:07.086,27.9,30.1,547,-12.8544,-1.1146,Right,Tilt Down
22:20:07.126,25.4,34.6,547,-12.9882,-0.9923,Right,Tilt Down
22:20:07.165,25.2,34.6,547,-12.7581,-0.9315,Right,Tilt Down
22:20:07.211,22.0,40.1,545,-12.9733,-0.8230,Right,Tilt Down
22:20:07.254,23.4,37.2,545,-13.9462,-0.5919,Right,Tilt Down
22:20:07.292,26.3,31.5,545,-13.3702,-0.1161,Right,Tilt Down
22:20:07.333,24.1,36.7,545,-13.0834,-0.0149,Right,Tilt Up
22:20:07.377,22.8,38.4,543,-13.4277,0.1512,Right,Tilt Up
22:20:07.411,29.5,28.9,543,-14.3733,0.0365,Right,Tilt Up
22:20:07.453,23.6,36.8,543,-14.7998,-0.1201,Right,Tilt Up
22:20:07.495,24.1,35.7,542,-15.1696,-0.3748,Right,Tilt Up
22:20:07.533,26.2,33.3,542,-14.8086,-0.1220,Right,Tilt Up
22:20:07.580,21.4,41.1,542,-15.1631,-0.4109,Right,Tilt Up
22:20:07.622,23.6,37.6,542,-15.3624,-0.7857,Right,Tilt Up
22:20:07.655,29.9,27.8,542,-15.6393,-1.1089,Right,Tilt Up
22:20:07.694,25.9,33.3,542,-15.9854,-1.4305,Right,Tilt Up
22:20:07.737,23.3,38.1,542,-16.1958,-1.3501,Right,Tilt Up
22:20:07.778,24.1,35.9,542,-16.6143,-1.6835,Right,Tilt Up
22:20:07.819,24.4,36.1,542,-16.6856,-1.5681,Right,Tilt Up
22:20:07.868,20.8,42.7,542,-16.0014,-0.9346,Right,Tilt Up
22:20:07.911,22.8,38.9,542,-16.0727,-0.8936,Right,Tilt Up
22:20:07.955,23.1,37.9,542,-15.5987,-0.4223,Right,Tilt Up
22:20:07.989,29.0,29.7,541,-15.1046,0.0659,Right,Tilt Up
22:20:08.033,23.3,37.8,538,-15.6861,-0.7025,Right,Tilt Up
22:20:08.077,22.3,38.6,536,-15.7847,-0.5536,Right,Tilt Up
22:20:08.124,21.1,42.1,536,-15.4517,-0.1160,Right,Tilt Up
22:20:08.169,22.6,39.0,536,-15.8850,-0.7728,Right,Tilt Up
22:20:08.208,25.1,34.3,536,-15.9445,-0.5893,Right,Tilt Up
22:20:08.245,27.1,31.6,534,-15.4808,-0.3054,Right,Tilt Up
22:20:08.280,29.1,29.3,534,-16.1061,-0.8221,Right,Tilt Up
22:20:08.324,22.5,38.7,534,-16.3711,-0.8230,Right,Tilt Up
22:20:08.369,22.4,39.6,534,-15.4495,-0.8646,Backward,Counter-Clockwise
22:20:08.413,22.8,38.9,534,-14.7247,-1.1834,Backward,Counter-Clockwise
22:20:08.450,26.7,31.8,534,-15.5560,-0.9214,Backward,Counter-Clockwise
22:20:08.485,29.1,29.5,533,-14.7145,-1.1113,Backward,Counter-Clockwise
22:20:08.522,26.4,33.1,532,-14.0248,-0.9057,Backward,Counter-Clockwise
22:20:08.557,28.8,30.0,532,-14.8906,-0.8106,Backward,Counter-Clockwise
22:20:08.596,25.7,33.9,532,-15.8877,-0.7858,Backward,Counter-Clockwise
22:20:08.634,26.7,32.4,531,-16.5554,-0.7124,Backward,Counter-Clockwise
22:20:08.670,27.2,31.5,531,-16.1144,-0.3458,Backward,Counter-Clockwise
22:20:08.710,25.3,33.7,531,-15.6408,0.0342,Backward,Counter-Clockwise
22:20:08.745,28.3,29.8,531,-16.2521,-0.7263,Backward,Counter-Clockwise
22:20:08.787,23.8,37.0,530,-15.6075,-0.1877,Backward,Counter-Clockwise
22:20:08.830,23.6,36.6,530,-16.2352,-0.8516,Backward,Counter-Clockwise
22:20:08.871,24.2,36.2,529,-15.3765,-1.0006,Backward,Counter-Clockwise
22:20:08.914,23.2,38.2,527,-16.0827,-0.5804,Backward,Counter-Clockwise
22:20:08.953,25.7,33.2,526,-16.7449,-0.1033,Backward,Counter-Clockwise
22:20:08.988,28.5,29.7,521,-15.8156,-0.3766,Backward,Counter-Clockwise
22:20:09.038,20.1,44.5,519,-15.1270,-0.6939,Backward,Counter-Clockwise
22:20:09.080,23.5,37.6,519,-15.6670,-0.2188,Backward,Counter-Clockwise
22:20:09.112,31.2,27.8,519,-14.8267,-0.2782,Backward,Counter-Clockwise
22:20:09.165,19.3,37.9,519,-15.4606,-0.2976,Backward,Counter-Clockwise
22:20:09.200,27.9,30.0,519,-15.3085,0.6641,Backward,Counter-Clockwise
22:20:09.239,25.6,34.0,519,-15.5502,-0.2444,Backward,Counter-Clockwise
22:20:09.285,22.0,40.1,518,-15.1477,0.5832,Backward,Counter-Clockwise
22:20:09.320,28.3,30.4,518,-15.4086,-0.2667,Backward,Counter-Clockwise
22:20:09.361,24.3,35.5,517,-15.3874,-1.1705,Backward,Counter-Clockwise
22:20:09.399,26.2,32.6,517,-15.4781,-0.2878,Forward,Tilt Down
22:20:09.435,28.3,30.3,516,-15.5259,-1.1799,Forward,Tilt Down
22:20:09.477,23.8,37.8,516,-15.4780,-0.2930,Forward,Tilt Down
22:20:09.527,20.1,43.7,514,-16.1235,0.0764,Forward,Tilt Down
22:20:09.571,22.3,39.3,514,-15.2515,-0.3205,Forward,Tilt Down
22:20:09.605,30.2,28.3,514,-16.2167,-0.0590,Forward,Tilt Down
22:20:09.639,29.3,29.4,514,-15.4682,-0.4995,Forward,Tilt Down
22:20:09.681,23.6,37.3,514,-16.1550,-0.0515,Forward,Tilt Down
22:20:09.723,23.8,36.8,514,-16.6252,0.8112,Forward,Tilt Down
22:20:09.759,27.6,30.8,514,-16.8839,1.6522,Forward,Tilt Down
22:20:09.798,25.9,34.1,514,-16.4794,0.7530,Forward,Tilt Down
22:20:09.832,29.2,29.3,514,-17.1390,1.3646,Forward,Tilt Down
22:20:09.869,27.1,31.1,514,-16.2411,1.0604,Forward,Tilt Down
22:20:09.910,24.5,35.7,514,-16.2285,1.5924,Forward,Tilt Down
22:20:09.951,24.5,35.9,514,-16.0684,1.0864,Forward,Tilt Down
22:20:09.988,27.5,31.1,514,-15.1255,1.3020,Forward,Tilt Down
22:20:10.024,27.3,30.9,514,-15.7681,1.0274,Forward,Tilt Down
22:20:10.061,27.0,31.9,514,-14.9753,1.0335,Forward,Tilt Down
22:20:10.104,23.3,37.3,514,-14.0370,0.7554,Forward,Tilt Down
22:20:10.146,23.9,36.9,514,-14.6562,1.5004,Forward,Tilt Down
22:20:10.189,23.2,37.4,514,-14.3105,0.7041,Forward,Tilt Down
22:20:10.226,26.9,32.5,514,-14.4258,1.6591,Forward,Tilt Down
22:20:10.264,26.0,33.6,514,-15.3861,1.7090,Forward,Tilt Down
22:20:10.298,29.6,28.9,514,-16.0649,2.3415,Forward,Tilt Down
22:20:10.340,23.9,37.1,513,-15.3662,1.6314,Forward,Tilt Down
22:20:10.374,28.9,30.3,513,-15.0075,0.7601,Forward,Tilt Down
22:20:10.419,22.7,38.6,513,-15.1427,1.7372,Right,Tilt Down
22:20:10.453,28.8,29.6,513,-15.2768,1.8173,Right,Tilt Down
22:20:10.492,25.5,34.1,513,-15.5229,2.5184,Right,Tilt Down
22:20:10.528,28.3,30.7,513,-14.8253,2.0871,Right,Tilt Down
22:20:10.570,23.3,37.3,513,-14.9994,1.4550,Right,Tilt Down
22:20:10.609,25.7,34.1,513,-14.9081,1.9976,Right,Tilt Down
22:20:10.644,28.6,29.9,513,-14.9697,1.0747,Right,Tilt Down
22:20:10.681,27.4,30.7,513,-14.1668,0.6228,Right,Tilt Down
22:20:10.721,24.7,35.0,513,-14.7797,1.4047,Right,Tilt Down
22:20:10.757,28.2,30.0,513,-13.8943,0.9571,Right,Tilt Down
22:20:10.796,25.2,34.5,513,-13.3107,0.1898,Right,Tilt Down
22:20:10.836,25.2,34.3,513,-12.6072,-0.4937,Right,Tilt Down
22:20:10.875,25.9,33.2,513,-12.3224,-1.3797,Right,Tilt Down
22:20:10.912,26.7,32.1,513,-11.9147,-2.2423,Right,Tilt Down
22:20:10.948,27.5,30.9,513,-11.6788,-3.2078,Right,Tilt Down
22:20:10.986,26.3,32.8,513,-11.2916,-4.0729,Right,Tilt Down
22:20:11.025,26.3,32.7,513,-11.6078,-3.2204,Right,Tilt Down
22:20:11.067,23.4,37.7,513,-11.6079,-2.2516,Right,Tilt Down
22:20:11.110,23.1,37.8,513,-11.6857,-1.4019,Right,Tilt Down
22:20:11.148,26.5,31.8,513,-11.7638,-0.4496,Right,Tilt Down
22:20:11.190,24.0,35.7,513,-12.0855,0.4148,Right,Tilt Down
22:20:11.234,23.3,37.5,512,-12.0035,1.3309,Right,Tilt Down
22:20:11.271,26.1,32.3,512,-11.7355,0.3809,Right,Tilt Down
22:20:11.304,30.2,28.2,512,-11.5482,-0.5970,Right,Tilt Down
22:20:11.345,24.5,35.7,508,-11.4865,-1.4943,Right,Tilt Down
22:20:11.383,26.9,32.2,508,-11.4111,-2.4031,Right,Tilt Down
22:20:11.423,24.4,36.1,507,-11.2799,-3.3903,Right,Tilt Down
22:20:11.464,24.4,35.9,507,-12.0392,-2.8829,Right,Tilt Down
22:20:11.505,24.6,35.8,507,-11.6005,-2.8766,Right,Tilt Down
22:20:11.547,23.8,36.6,506,-12.2855,-2.7564,Right,Tilt Down
22:20:11.582,28.8,29.9,506,-11.7989,-2.7695,Right,Tilt Down
22:20:11.619,26.6,32.3,506,-11.1942,-3.1043,Right,Tilt Down
22:20:11.662,23.6,36.8,506,-10.5852,-3.4938,Right,Tilt Down
22:20:11.695,29.5,28.9,506,-10.0950,-3.5387,Right,Tilt Down
22:20:11.727,31.3,27.2,506,-10.3732,-2.9347,Right,Tilt Down
22:20:11.764,27.4,31.1,506,-10.6705,-3.8893,Right,Tilt Down
22:20:11.812,20.8,42.3,505,-10.6006,-4.2515,Right,Tilt Down
22:20:11.854,24.0,36.5,505,-10.3188,-3.6007,Right,Tilt Down
22:20:11.887,29.9,28.1,505,-10.2429,-2.9313,Right,Tilt Down
22:20:11.933,21.9,40.1,504,-10.1214,-3.4354,Right,Tilt Down
22:20:11.974,24.3,35.7,504,-9.8062,-2.7770,Right,Tilt Down
22:20:12.016,23.7,36.7,504,-9.3206,-3.3277,Right,Tilt Down
22:20:12.055,25.9,33.4,504,-9.0605,-2.6787,Right,Tilt Down
22:20:12.094,25.2,33.5,504,-9.2955,-2.0037,Right,Tilt Down
22:20:12.130,27.8,30.7,504,-9.5767,-1.0931,Right,Tilt Down
22:20:12.173,23.6,37.3,504,-9.6931,-0.1363,Right,Tilt Down
22:20:12.214,24.0,36.1,504,-9.7375,0.8414,Right,Tilt Down
22:20:12.246,31.4,26.5,504,-9.3340,1.6939,Right,Tilt Down
22:20:12.280,29.6,29.1,504,-9.3004,0.7336,Right,Tilt Down
22:20:12.320,25.1,34.7,503,-8.8242,-0.1207,Right,Tilt Down
22:20:12.357,27.1,31.9,503,-8.3779,-0.8520,Right,Tilt Down
22:20:12.402,22.1,39.9,502,-7.4999,-0.5470,Right,Tilt Down
22:20:12.443,24.4,35.5,502,-7.1459,-1.2833,Right,Clockwise
22:20:12.487,22.5,38.9,502,-6.7915,-2.1123,Right,Clockwise
22:20:12.527,25.2,34.0,502,-6.0827,-1.5677,Right,Clockwise
22:20:12.563,27.8,30.0,502,-5.8441,-2.5173,Right,Clockwise
22:20:12.603,25.0,34.5,502,-5.3169,-3.1798,Right,Clockwise
22:20:12.646,23.4,36.3,502,-5.6785,-2.4420,Right,Clockwise
22:20:12.690,22.6,39.3,502,-5.9937,-1.5840,Right,Clockwise
22:20:12.726,27.6,31.1,501,-5.5821,-1.9992,Right,Clockwise
22:20:12.768,23.7,36.8,501,-5.2722,-1.6934,Right,Clockwise
22:20:12.803,28.8,30.0,501,-4.7169,-2.5076,Right,Clockwise
22:20:12.851,20.8,42.4,501,-3.9638,-3.1414,Right,Clockwise
22:20:12.900,20.6,42.8,501,-4.3064,-3.8629,Right,Clockwise
22:20:12.933,29.5,28.3,501,-4.7599,-4.5194,Right,Clockwise
22:20:12.969,28.0,30.7,501,-3.9826,-5.1483,Right,Clockwise
22:20:13.009,25.0,35.0,501,-4.6656,-4.4988,Right,Clockwise
22:20:13.061,19.4,46.0,501,-4.2750,-5.2739,Right,Clockwise
22:20:13.105,22.7,38.3,501,-4.8539,-4.5199,Right,Clockwise
22:20:13.143,26.0,33.6,500,-4.6564,-3.8955,Right,Clockwise
22:20:13.187,23.1,37.8,642,-4.2515,-4.5845,Right,Clockwise
22:20:13.231,22.8,38.3,637,-3.2798,-4.7271,Right,Clockwise
22:20:13.277,21.5,38.6,633,-2.4794,-4.3935,Right,Clockwise
22:20:13.323,22.1,39.2,629,-1.6099,-4.8188,Right,Clockwise
22:20:13.365,23.7,36.8,627,-0.6416,-4.9937,Right,Clockwise
22:20:13.402,26.6,31.8,624,-1.4656,-4.4764,Right,Clockwise
22:20:13.440,26.9,31.8,624,-1.3865,-5.1847,Right,Clockwise
22:20:13.484,22.6,39.0,623,-1.0890,-5.5831,Down,Tilt Up
22:20:13.530,22.2,39.2,622,-0.7392,-6.2519,Down,Tilt Up
22:20:13.573,22.8,37.4,617,-1.3964,-7.0054,Down,Tilt Up
22:20:13.616,23.2,38.2,612,-1.4223,-7.7827,Down,Tilt Up
22:20:13.655,25.6,32.9,607,-2.1105,-8.4626,Down,Tilt Up
22:20:13.691,27.7,30.6,601,-2.5717,-9.3399,Down,Tilt Up
22:20:13.731,25.0,34.4,595,-3.2991,-10.0240,Down,Tilt Up
22:20:13.770,25.9,34.1,585,-3.2211,-10.7430,Down,Tilt Up
22:20:13.821,19.4,38.3,574,-4.1075,-10.2810,Down,Tilt Up
22:20:13.863,23.7,36.9,553,-4.9611,-9.7609,Down,Tilt Up
22:20:13.904,24.9,35.3,544,-5.8501,-9.3046,Down,Tilt Up
22:20:13.947,22.9,38.1,522,-6.7345,-8.8631,Down,Tilt Up
22:20:13.987,24.9,35.1,513,-6.5515,-8.2733,Down,Tilt Up
22:20:14.033,22.3,39.8,572,-7.1575,-8.6827,Down,Tilt Up
22:20:14.070,26.4,33.0,569,-6.2638,-9.1128,Down,Tilt Up
22:20:14.112,24.1,36.4,569,-6.2450,-8.4625,Down,Tilt Up
22:20:14.150,26.4,32.1,569,-6.3192,-7.8577,Down,Tilt Up
22:20:14.191,24.0,36.5,569,-7.0786,-8.5054,Down,Tilt Up
22:20:14.231,25.1,34.5,567,-7.0897,-8.4741,Down,Tilt Up
22:20:14.272,24.3,35.9,566,-6.9341,-8.9941,Down,Tilt Up
22:20:14.318,22.0,39.2,566,-7.0059,-9.5516,Down,Tilt Up
22:20:14.361,23.2,38.0,566,-7.5538,-9.7590,Down,Tilt Up
22:20:14.396,28.5,30.0,566,-7.8038,-8.8155,Down,Tilt Up
22:20:14.437,24.6,35.6,566,-8.4215,-8.7531,Down,Tilt Up
22:20:14.473,27.8,30.9,566,-9.2619,-8.8468,Down,Tilt Up
22:20:14.509,27.7,30.4,566,-8.3407,-9.1140,Forward,Counter-Clockwise
22:20:14.544,28.6,30.1,566,-9.1722,-9.3087,Forward,Counter-Clockwise
22:20:14.585,24.4,34.9,566,-8.4913,-9.5985,Forward,Counter-Clockwise
22:20:14.627,23.8,36.3,566,-9.2301,-9.8277,Forward,Counter-Clockwise
22:20:14.668,24.4,34.7,566,-8.8797,-9.3082,Forward,Counter-Clockwise
22:20:14.705,26.9,33.0,566,-9.7761,-8.8847,Forward,Counter-Clockwise
22:20:14.741,27.5,31.1,566,-10.0966,-9.0749,Forward,Counter-Clockwise
22:20:14.777,28.4,30.2,566,-10.3383,-8.1065,Forward,Counter-Clockwise
22:20:14.811,28.9,29.5,565,-10.3335,-7.4610,Forward,Counter-Clockwise
22:20:14.850,25.9,33.5,564,-10.0097,-6.5600,Forward,Counter-Clockwise
22:20:14.890,25.2,34.5,562,-10.4370,-6.3266,Forward,Counter-Clockwise
22:20:14.945,18.0,42.1,561,-10.0767,-6.3380,Forward,Counter-Clockwise
22:20:14.987,23.8,36.3,559,-10.1476,-5.7921,Forward,Counter-Clockwise
22:20:15.032,22.4,39.5,550,-9.8403,-4.8861,Forward,Counter-Clockwise
22:20:15.075,23.4,37.6,545,-9.9217,-4.2902,Forward,Counter-Clockwise
22:20:15.117,23.5,37.1,540,-10.3206,-4.0237,Forward,Counter-Clockwise
22:20:15.156,25.4,34.3,539,-9.8553,-4.2017,Forward,Counter-Clockwise
22:20:15.201,22.4,38.2,537,-10.1897,-4.0474,Forward,Counter-Clockwise
22:20:15.238,26.8,32.9,537,-10.6125,-3.8333,Forward,Counter-Clockwise
22:20:15.288,20.0,44.6,535,-10.5498,-4.6847,Forward,Counter-Clockwise
22:20:15.334,21.9,40.2,529,-10.8544,-3.9060,Forward,Counter-Clockwise
22:20:15.368,29.3,28.5,529,-10.4520,-3.1894,Forward,Counter-Clockwise
22:20:15.410,23.9,36.6,528,-10.1643,-3.2588,Forward,Counter-Clockwise
22:20:15.444,29.6,28.0,528,-9.8948,-3.3885,Forward,Counter-Clockwise
22:20:15.484,24.5,34.7,528,-9.6390,-3.5719,Forward,Counter-Clockwise
22:20:15.531,21.7,41.1,528,-9.3858,-3.8123,Up,Counter-Clockwise
22:20:15.571,24.8,35.1,528,-8.8945,-4.0568,Up,Counter-Clockwise
22:20:15.603,31.1,27.1,528,-8.4450,-4.4060,Up,Counter-Clockwise
22:20:15.636,29.8,28.6,527,-7.9292,-4.5579,Up,Counter-Clockwise
22:20:15.671,29.2,29.2,527,-7.3750,-4.9889,Up,Counter-Clockwise
22:20:15.704,29.8,28.1,527,-6.7103,-5.6818,Up,Counter-Clockwise
22:20:15.760,17.8,41.7,526,-6.1405,-6.2548,Up,Counter-Clockwise
22:20:15.805,22.1,39.9,526,-6.4943,-5.6765,Up,Counter-Clockwise
22:20:15.847,24.3,36.1,526,-6.0154,-6.5499,Up,Counter-Clockwise
22:20:15.883,27.8,30.4,526,-5.6593,-7.0060,Up,Counter-Clockwise
22:20:15.919,27.0,31.8,526,-5.1105,-7.5226,Up,Counter-Clockwise
22:20:15.962,23.4,37.1,524,-5.0128,-7.9735,Up,Counter-Clockwise
22:20:16.006,22.9,37.9,522,-5.1945,-7.7899,Up,Counter-Clockwise
22:20:16.051,22.1,40.0,522,-5.7354,-8.4529,Up,Counter-Clockwise
22:20:16.092,24.4,35.6,521,-5.8863,-9.2905,Up,Counter-Clockwise
22:20:16.129,27.4,31.5,519,-6.4583,-9.6632,Up,Counter-Clockwise
22:20:16.166,26.8,31.3,517,-6.7755,-9.5965,Up,Counter-Clockwise
22:20:16.215,20.5,43.1,516,-7.2192,-9.4245,Up,Counter-Clockwise
22:20:16.251,27.8,30.5,513,-7.6588,-10.2957,Up,Counter-Clockwise
22:20:16.294,23.2,38.0,508,-7.2297,-10.4796,Up,Counter-Clockwise
22:20:16.333,25.5,33.6,505,-7.6831,-11.2586,Up,Counter-Clockwise
22:20:16.370,27.1,32.1,503,-8.2214,-11.4586,Up,Counter-Clockwise
22:20:16.409,25.9,33.5,500,-8.7489,-12.0774,Up,Counter-Clockwise
22:20:16.456,21.2,41.6,611,-9.2654,-12.9201,Up,Counter-Clockwise
22:20:16.500,22.9,37.9,605,-9.8237,-13.2031,Up,Counter-Clockwise
22:20:16.546,21.7,39.3,595,-10.2830,-14.0440,Right,Stable
22:20:16.587,24.5,36.2,593,-10.6805,-14.9466,Right,Stable
22:20:16.620,30.2,27.5,585,-11.0251,-14.6026,Right,Stable
22:20:16.660,25.1,34.0,583,-11.4067,-14.3893,Right,Stable
22:20:16.703,23.0,37.7,577,-11.7679,-14.0211,Right,Stable
22:20:16.744,24.6,35.1,575,-12.7408,-14.0302,Right,Stable
22:20:16.783,25.6,33.5,573,-12.9176,-14.4635,Right,Stable
22:20:16.822,25.8,33.1,573,-13.1019,-14.9113,Right,Stable
22:20:16.860,26.4,32.1,572,-13.3258,-14.5156,Right,Stable
22:20:16.898,26.0,33.3,572,-14.1026,-13.9162,Right,Stable
22:20:16.942,22.5,39.4,572,-13.5102,-13.1414,Right,Stable
22:20:16.983,24.8,34.5,571,-13.7107,-13.1801,Right,Stable
22:20:17.026,24.0,35.9,571,-12.9284,-13.7025,Right,Stable
22:20:17.063,25.7,32.6,571,-13.9225,-13.6681,Right,Stable
22:20:17.099,27.9,30.4,571,-13.2636,-13.2535,Right,Stable
22:20:17.149,20.0,38.8,571,-14.2313,-13.4370,Right,Stable
22:20:17.189,25.5,32.9,571,-15.0982,-12.9707,Right,Stable
22:20:17.232,22.8,38.2,571,-15.8331,-12.3063,Right,Stable
22:20:17.274,23.9,36.8,571,-16.7468,-11.9018,Right,Stable
22:20:17.314,25.2,34.5,571,-17.6869,-11.5613,Right,Stable
22:20:17.353,25.6,34.0,571,-18.5588,-11.0826,Right,Stable
22:20:17.397,23.0,37.7,570,-18.1766,-10.1811,Right,Stable
22:20:17.428,31.3,26.6,569,-19.1728,-10.1283,Right,Stable
22:20:17.469,24.7,35.5,569,-19.6779,-10.9705,Right,Stable
22:20:17.511,23.7,37.1,568,-20.6756,-10.9356,Right,Stable
22:20:17.549,26.5,32.1,568,-21.1634,-11.7823,Up,Pan Right
22:20:17.584,28.4,30.3,565,-22.1337,-11.5405,Up,Pan Right
22:20:17.633,20.7,42.3,562,-22.5919,-12.3144,Up,Pan Right
22:20:17.678,22.2,38.8,562,-22.9318,-13.2275,Up,Pan Right
22:20:17.723,22.1,39.4,562,-23.3185,-14.1314,Up,Pan Right
22:20:17.767,22.6,39.1,559,-24.3078,-13.9878,Up,Pan Right
22:20:17.809,23.6,37.6,556,-24.7091,-14.8409,Up,Pan Right
22:20:17.847,26.8,31.7,551,-23.9880,-15.5213,Up,Pan Right
22:20:17.891,22.7,37.8,544,-23.2647,-16.2035,Up,Pan Right
22:20:17.938,21.3,41.3,540,-22.6227,-16.9645,Up,Pan Right
22:20:17.976,26.3,32.6,538,-21.8676,-17.6122,Up,Pan Right
22:20:18.015,25.5,33.2,527,-21.0773,-18.2210,Up,Pan Right
22:20:18.054,26.6,32.1,524,-21.1990,-18.9502,Up,Pan Right
22:20:18.092,25.5,33.1,521,-20.5113,-19.6603,Up,Pan Right
22:20:18.136,22.5,39.3,514,-19.6678,-20.1809,Up,Pan Right
22:20:18.180,22.9,38.7,513,-18.8364,-20.7355,Up,Pan Right
22:20:18.222,23.4,37.6,508,-18.8130,-21.3379,Up,Pan Right
22:20:18.269,21.6,38.3,506,-17.9880,-21.9020,Up,Pan Right
22:20:18.321,19.6,45.4,620,-17.1543,-22.4424,Up,Pan Right
22:20:18.368,21.1,40.8,609,-16.2263,-22.8130,Up,Pan Right
22:20:18.421,18.6,47.8,608,-15.3708,-23.3283,Up,Pan Right
22:20:18.460,25.6,33.9,607,-14.4510,-23.7204,Up,Pan Right
22:20:18.499,25.7,33.7,604,-14.2314,-24.0561,Up,Pan Right
22:20:18.539,25.2,33.7,599,-13.2597,-24.2459,Up,Pan Right
22:20:18.582,23.3,37.0,599,-12.3039,-24.4728,Forward,Stable
22:20:18.624,23.9,36.1,590,-11.3465,-24.5977,Forward,Stable
22:20:18.661,26.7,31.8,583,-10.3814,-24.7454,Forward,Stable
22:20:18.698,27.1,31.3,549,-9.4653,-25.1178,Forward,Stable
22:20:18.733,28.7,29.5,526,-8.5187,-25.4341,Forward,Stable
22:20:18.773,24.9,35.1,525,-7.5448,-25.6609,Forward,Stable
22:20:18.817,22.6,39.5,516,-6.6488,-26.1043,Forward,Stable
22:20:18.864,21.4,40.5,512,-6.9981,-26.8163,Forward,Stable
22:20:18.901,26.6,31.5,512,-6.8945,-27.4221,Forward,Stable
22:20:18.938,26.8,31.8,512,-6.3722,-27.9443,Forward,Stable
22:20:18.974,28.5,29.7,512,-6.3644,-28.2748,Forward,Stable
22:20:19.019,22.2,39.3,511,-5.8105,-27.6080,Forward,Stable
22:20:19.058,25.2,33.1,511,-6.7845,-27.5334,Forward,Stable
22:20:19.097,25.6,33.5,511,-6.3211,-27.5495,Forward,Stable
22:20:19.130,30.8,26.6,511,-5.8614,-27.6274,Forward,Stable
22:20:19.170,25.0,34.0,511,-5.6541,-26.6538,Forward,Stable
22:20:19.204,29.5,28.9,511,-5.1140,-26.6980,Forward,Stable
22:20:19.243,25.4,33.1,511,-5.9281,-26.1198,Forward,Stable
22:20:19.289,21.6,40.3,511,-5.4716,-25.2328,Forward,Stable
22:20:19.320,32.2,26.4,511,-5.1493,-25.5293,Forward,Stable
22:20:19.354,29.2,29.5,511,-4.8806,-25.6240,Forward,Stable
22:20:19.396,24.1,35.8,511,-4.7588,-25.5915,Forward,Stable
22:20:19.437,24.5,35.4,511,-4.7403,-24.7499,Forward,Stable
22:20:19.482,22.2,38.9,511,-4.5284,-23.9092,Forward,Stable
22:20:19.525,23.3,37.4,511,-4.4312,-24.6442,Forward,Stable
22:20:19.563,25.9,34.0,511,-4.4421,-23.9299,Forward,Stable
22:20:19.600,27.3,31.4,511,-3.8976,-23.2376,Forward,Pan Right
22:20:19.633,29.9,28.1,511,-3.9960,-23.9994,Forward,Pan Right
22:20:19.672,25.9,33.6,511,-3.8161,-24.9093,Forward,Pan Right
22:20:19.719,21.5,41.2,511,-4.0749,-24.2603,Forward,Pan Right
22:20:19.760,23.9,36.1,511,-3.2168,-24.1535,Forward,Pan Right
22:20:19.805,22.5,38.9,511,-2.6420,-23.9960,Forward,Pan Right
22:20:19.841,27.7,31.2,511,-1.7251,-23.9809,Forward,Pan Right
22:20:19.875,29.5,28.2,511,-1.2374,-24.6125,Forward,Pan Right
22:20:19.933,17.2,38.1,511,-0.3817,-24.7126,Forward,Pan Right
22:20:19.978,22.0,39.5,511,-1.0710,-25.4095,Forward,Pan Right
22:20:20.021,23.3,38.1,511,-1.6848,-24.7375,Forward,Pan Right
22:20:20.055,29.7,28.6,511,-2.3269,-25.4416,Forward,Pan Right
22:20:20.095,24.9,34.1,511,-3.0176,-24.8489,Forward,Pan Right
22:20:20.127,31.2,26.9,511,-3.9072,-25.0662,Forward,Pan Right
22:20:20.162,28.4,30.0,511,-4.2664,-25.8368,Forward,Pan Right
22:20:20.199,27.2,32.0,511,-5.2405,-25.8608,Forward,Pan Right
22:20:20.239,24.8,34.0,511,-4.3425,-25.5435,Forward,Pan Right
22:20:20.281,23.7,36.6,511,-3.9204,-25.2128,Forward,Pan Right
22:20:20.317,27.9,30.0,511,-3.5792,-25.0022,Forward,Pan Right
22:20:20.351,29.2,28.3,511,-2.8674,-24.5024,Forward,Pan Right
22:20:20.389,26.7,31.5,511,-3.6483,-24.9850,Forward,Pan Right
22:20:20.430,24.3,36.0,511,-3.1469,-25.1688,Forward,Pan Right
22:20:20.471,24.1,32.9,511,-2.2619,-25.3461,Forward,Pan Right
22:20:20.518,21.5,41.5,511,-1.5762,-25.6964,Forward,Pan Right
22:20:20.554,28.1,30.4,511,-2.3256,-26.1511,Forward,Pan Right
22:20:20.591,26.9,31.5,511,-1.8349,-25.5676,Forward,Pan Right
22:20:20.628,26.8,32.6,511,-1.0021,-25.8940,Right,Tilt Down
22:20:20.665,27.3,31.7,511,-0.5852,-26.4784,Right,Tilt Down
22:20:20.709,22.8,38.4,509,-1.3673,-26.9253,Right,Tilt Down
22:20:20.753,22.3,39.8,507,-0.7492,-26.3425,Right,Tilt Down
22:20:20.801,21.0,42.6,560,0.0676,-26.8236,Right,Tilt Down
22:20:20.835,29.3,28.5,555,-0.8235,-26.6190,Right,Tilt Down
22:20:20.877,24.0,36.5,555,-0.5466,-25.9861,Right,Tilt Down
22:20:20.916,25.5,33.3,555,-1.3697,-26.5003,Right,Tilt Down
22:20:20.953,26.9,31.6,555,-0.9514,-25.9853,Right,Tilt Down
22:20:20.993,25.0,34.7,555,-0.2123,-26.0886,Right,Tilt Down
22:20:21.030,27.2,30.9,555,0.2661,-25.6785,Right,Tilt Down
22:20:21.064,29.8,27.7,555,1.1958,-25.7853,Right,Tilt Down
22:20:21.110,21.8,41.0,555,0.6086,-25.6233,Right,Tilt Down
22:20:21.153,23.2,37.4,555,1.4589,-25.2334,Right,Tilt Down
22:20:21.186,29.7,28.3,555,1.8006,-25.5705,Right,Tilt Down
22:20:21.226,25.4,33.7,555,1.4441,-25.3784,Right,Tilt Down
22:20:21.261,28.3,29.4,554,1.6558,-25.3548,Right,Tilt Down
22:20:21.297,27.4,30.8,553,1.0618,-25.6759,Right,Tilt Down
22:20:21.342,22.5,38.7,552,1.9822,-25.2860,Right,Tilt Down
22:20:21.384,23.8,37.1,552,1.7285,-25.4154,Right,Tilt Down
22:20:21.421,26.8,31.8,552,2.5044,-24.7872,Right,Tilt Down
22:20:21.463,24.1,36.3,552,1.7260,-25.4124,Right,Tilt Down
22:20:21.497,29.2,29.5,551,1.6738,-25.7150,Right,Tilt Down
22:20:21.535,26.1,33.1,551,0.8551,-26.2302,Right,Tilt Down
22:20:21.568,30.3,27.9,551,1.6971,-25.9574,Right,Tilt Down
22:20:21.607,25.8,33.8,551,1.6393,-26.8207,Right,Tilt Down
22:20:21.649,24.0,36.0,551,1.6550,-26.9410,Right,Pan Right
22:20:21.681,31.1,26.6,551,2.2478,-26.1602,Right,Pan Right
22:20:21.713,30.9,27.3,551,3.0013,-25.5092,Right,Pan Right
22:20:21.750,27.0,32.1,551,2.2260,-24.8882,Right,Pan Right
22:20:21.788,26.3,32.8,551,1.6399,-25.6983,Right,Pan Right
22:20:21.829,24.7,35.6,551,2.4703,-26.2518,Right,Pan Right
22:20:21.865,27.3,30.4,551,2.7518,-27.0342,Right,Pan Right
22:20:21.908,23.6,37.4,551,2.5773,-28.0151,Right,Pan Right
22:20:21.940,30.8,27.1,551,3.1646,-28.7715,Right,Pan Right
22:20:21.973,30.2,28.1,551,3.2339,-29.6456,Right,Pan Right
22:20:22.015,24.0,36.7,551,3.5006,-30.4014,Right,Pan Right
22:20:22.060,22.0,40.2,551,3.1214,-29.6394,Right,Pan Right
22:20:22.100,25.3,34.5,551,2.8092,-30.1600,Right,Pan Right
22:20:22.137,26.9,31.4,551,2.1027,-30.5720,Right,Pan Right
22:20:22.177,24.9,35.0,551,1.6019,-31.0285,Right,Pan Right
22:20:22.210,30.9,27.2,551,2.5074,-31.4373,Right,Pan Right
22:20:22.259,20.5,43.3,551,1.8181,-31.5443,Right,Pan Right
22:20:22.300,24.0,36.3,551,1.0174,-30.9457,Right,Pan Right
22:20:22.334,29.1,29.3,551,0.2119,-30.8399,Right,Pan Right
22:20:22.376,24.6,32.7,551,1.2079,-30.9265,Right,Pan Right
22:20:22.413,26.3,31.5,551,2.1842,-31.1302,Right,Pan Right
22:20:22.461,20.9,41.5,551,2.7447,-31.0152,Right,Pan Right
22:20:22.503,23.9,36.3,550,1.9873,-30.4845,Right,Pan Right
22:20:22.543,25.0,35.1,548,2.1143,-29.4965,Right,Pan Right
22:20:22.581,26.2,33.0,545,3.1028,-29.5594,Right,Pan Right
22:20:22.620,25.9,32.5,545,2.9880,-30.5525,Right,Pan Right
22:20:22.656,27.3,31.6,544,2.1331,-30.4636,Forward,Counter-Clockwise
22:20:22.699,23.0,38.2,544,1.2139,-30.0702,Forward,Counter-Clockwise
22:20:22.735,28.2,30.6,543,2.1653,-30.1531,Forward,Counter-Clockwise
22:20:22.770,28.3,29.7,543,1.4992,-29.8695,Forward,Counter-Clockwise
22:20:22.810,24.8,34.9,542,1.9449,-29.2563,Forward,Counter-Clockwise
22:20:22.848,26.6,32.8,542,1.7225,-28.4155,Forward,Counter-Clockwise
22:20:22.886,26.3,33.1,542,1.4795,-27.8450,Forward,Counter-Clockwise
22:20:22.930,22.9,38.1,542,1.5290,-26.8758,Forward,Counter-Clockwise
22:20:22.970,25.1,34.8,542,1.4242,-26.0018,Forward,Counter-Clockwise
22:20:23.011,24.5,35.4,542,1.5527,-25.2794,Forward,Counter-Clockwise
22:20:23.048,26.6,32.3,542,1.4073,-24.4035,Forward,Counter-Clockwise
22:20:23.083,28.4,29.5,542,1.2576,-23.5223,Forward,Counter-Clockwise
22:20:23.126,23.4,37.2,542,1.4162,-22.6292,Forward,Counter-Clockwise
22:20:23.167,24.3,35.4,542,0.5441,-22.1667,Forward,Counter-Clockwise
22:20:23.201,29.5,29.2,542,1.0624,-21.4431,Forward,Counter-Clockwise
22:20:23.241,25.6,33.4,542,0.9720,-20.5498,Forward,Counter-Clockwise
22:20:23.277,27.0,31.2,542,0.8460,-21.3090,Forward,Counter-Clockwise
22:20:23.315,26.7,32.4,542,0.2714,-20.6034,Forward,Counter-Clockwise
22:20:23.361,21.8,40.7,542,-0.3034,-21.3345,Forward,Counter-Clockwise
22:20:23.408,21.2,41.5,542,0.5488,-21.6989,Forward,Counter-Clockwise
22:20:23.451,23.2,37.5,542,1.1875,-22.1360,Forward,Counter-Clockwise
22:20:23.485,28.9,29.8,542,1.7666,-21.6586,Forward,Counter-Clockwise
22:20:23.527,24.0,36.8,542,2.4879,-20.9710,Forward,Counter-Clockwise
22:20:23.567,25.0,34.3,542,1.9568,-21.6644,Forward,Counter-Clockwise
22:20:23.603,27.6,30.3,542,2.5504,-21.9200,Forward,Counter-Clockwise
22:20:23.645,24.2,36.3,542,3.0089,-22.5204,Forward,Counter-Clockwise
22:20:23.688,22.9,38.8,542,3.5596,-22.0542,Forward,Counter-Clockwise
22:20:23.720,31.8,26.7,542,2.9768,-21.2610,Forward,Counter-Clockwise
22:20:23.759,25.3,33.2,542,3.7447,-21.8643,Forward,Counter-Clockwise
22:20:23.800,25.0,33.0,542,2.9194,-21.5910,Forward,Counter-Clockwise
22:20:23.846,21.7,40.5,542,2.0964,-21.3297,Forward,Counter-Clockwise
22:20:23.887,24.2,36.3,542,1.2879,-21.0440,Forward,Counter-Clockwise
22:20:23.929,24.0,35.7,542,0.4653,-20.7831,Forward,Counter-Clockwise
22:20:23.973,23.0,37.9,542,-0.1684,-20.9527,Forward,Counter-Clockwise
22:20:24.009,27.3,30.4,542,-0.9663,-20.7957,Forward,Counter-Clockwise
22:20:24.043,28.7,29.5,542,-1.7227,-20.6889,Forward,Counter-Clockwise
22:20:24.093,20.3,43.4,542,-1.9256,-21.1951,Forward,Counter-Clockwise
22:20:24.142,20.5,42.8,541,-1.8193,-21.8991,Forward,Counter-Clockwise
22:20:24.181,25.0,34.1,541,-2.6281,-21.9853,Forward,Counter-Clockwise
22:20:24.217,27.8,30.0,541,-2.5484,-21.3084,Forward,Counter-Clockwise
22:20:24.251,29.3,28.4,540,-2.2288,-20.6886,Forward,Counter-Clockwise
22:20:24.295,22.8,38.5,540,-1.9694,-20.0769,Forward,Counter-Clockwise
22:20:24.337,24.0,36.3,539,-1.9534,-19.5732,Forward,Counter-Clockwise
22:20:24.377,24.7,34.5,539,-2.5035,-19.4773,Forward,Counter-Clockwise
22:20:24.415,26.5,32.6,538,-2.0550,-18.8463,Forward,Counter-Clockwise
22:20:24.451,27.7,30.9,538,-1.8171,-17.8902,Forward,Counter-Clockwise
22:20:24.489,26.4,32.5,538,-1.1984,-17.8851,Forward,Counter-Clockwise
22:20:24.532,23.1,38.0,538,-0.4470,-17.8482,Forward,Counter-Clockwise
22:20:24.574,23.8,37.1,538,-0.7217,-18.4106,Forward,Counter-Clockwise
22:20:24.617,23.6,34.1,538,-0.2497,-18.0455,Forward,Counter-Clockwise
22:20:24.648,32.1,26.2,537,-1.0906,-18.0085,Forward,Counter-Clockwise
22:20:24.679,31.7,26.1,537,-0.4508,-17.7431,Forward,Counter-Clockwise
22:20:24.723,23.1,37.9,537,0.5416,-17.6214,Forward,Counter-Clockwise
22:20:24.764,24.3,35.9,534,1.1580,-17.2881,Forward,Counter-Clockwise
22:20:24.805,24.4,35.1,532,1.4827,-16.9443,Forward,Counter-Clockwise
22:20:24.839,29.1,28.8,529,0.5094,-17.1726,Forward,Counter-Clockwise
22:20:24.892,19.0,37.3,527,-0.2461,-17.1210,Forward,Counter-Clockwise
22:20:24.931,25.8,33.2,527,-0.9419,-17.1606,Forward,Counter-Clockwise
22:20:24.974,23.2,38.0,527,-1.4717,-17.5029,Forward,Counter-Clockwise
22:20:25.013,25.3,34.2,524,-2.4271,-17.5280,Forward,Counter-Clockwise
22:20:25.049,28.2,29.7,516,-3.0107,-17.2309,Forward,Counter-Clockwise
22:20:25.087,26.7,32.1,514,-3.3063,-16.3326,Forward,Counter-Clockwise
22:20:25.120,29.1,28.2,514,-2.3295,-16.2153,Forward,Counter-Clockwise
22:20:25.170,20.3,43.2,514,-2.5669,-15.3334,Forward,Counter-Clockwise
22:20:25.208,25.8,33.0,514,-2.9299,-16.2559,Forward,Counter-Clockwise
22:20:25.251,23.6,37.1,514,-2.9766,-17.1878,Forward,Counter-Clockwise
22:20:25.287,27.4,30.9,514,-2.9385,-17.9446,Forward,Counter-Clockwise
22:20:25.323,28.2,29.6,514,-3.3986,-18.4721,Forward,Counter-Clockwise
22:20:25.366,23.4,36.6,514,-3.6697,-19.3311,Forward,Counter-Clockwise
22:20:25.410,22.3,39.6,514,-4.4624,-19.2669,Forward,Counter-Clockwise
22:20:25.451,24.6,35.7,514,-5.2725,-19.2145,Forward,Counter-Clockwise
22:20:25.494,23.1,38.5,514,-5.3801,-18.2727,Forward,Counter-Clockwise
22:20:25.536,24.3,35.5,512,-5.5295,-17.3170,Forward,Counter-Clockwise
22:20:25.571,28.3,29.7,511,-5.2946,-16.5304,Forward,Counter-Clockwise
22:20:25.609,26.5,32.7,510,-4.6968,-17.3210,Forward,Counter-Clockwise
22:20:25.652,23.1,37.1,510,-4.1929,-18.1804,Forward,Counter-Clockwise
22:20:25.694,23.8,36.9,510,-3.9621,-17.3720,Forward,Counter-Clockwise
22:20:25.735,24.3,32.4,510,-3.1673,-17.8396,Right,Counter-Clockwise
22:20:25.771,27.5,30.9,509,-3.9848,-17.7182,Right,Counter-Clockwise
22:20:25.806,29.1,28.0,509,-4.8220,-17.5381,Right,Counter-Clockwise
22:20:25.846,25.0,35.0,509,-5.6025,-17.0447,Right,Counter-Clockwise
22:20:25.877,32.1,26.0,509,-6.4180,-16.9293,Right,Counter-Clockwise
22:20:25.922,22.2,40.6,509,-7.2317,-16.7958,Right,Counter-Clockwise
22:20:25.959,26.7,32.1,509,-7.9831,-17.3719,Right,Counter-Clockwise
22:20:26.007,21.4,31.5,509,-7.9232,-18.3396,Right,Counter-Clockwise
22:20:26.042,27.5,30.5,509,-8.7321,-18.1107,Right,Counter-Clockwise
22:20:26.076,29.3,29.1,509,-9.4695,-18.7059,Right,Counter-Clockwise
22:20:26.116,25.3,33.9,509,-10.1481,-19.3806,Right,Counter-Clockwise
22:20:26.159,23.2,37.8,509,-10.9130,-19.0248,Right,Counter-Clockwise
22:20:26.199,25.2,34.7,509,-10.3840,-19.8294,Right,Counter-Clockwise
22:20:26.234,28.6,29.0,509,-9.4804,-20.0347,Right,Counter-Clockwise
22:20:26.277,23.4,30.1,509,-9.0313,-19.1901,Right,Counter-Clockwise
22:20:26.317,24.9,33.8,509,-8.1660,-19.4383,Right,Counter-Clockwise
22:20:26.357,24.5,35.6,509,-9.0540,-19.2434,Right,Counter-Clockwise
22:20:26.399,24.4,35.3,509,-9.9284,-19.0250,Right,Counter-Clockwise
22:20:26.443,22.3,39.2,508,-10.8369,-19.1092,Right,Counter-Clockwise
22:20:26.484,24.8,35.2,508,-11.7559,-19.3054,Right,Counter-Clockwise
22:20:26.528,22.7,38.7,507,-11.6612,-20.1687,Right,Counter-Clockwise
22:20:26.567,25.6,33.1,507,-12.5213,-20.6781,Right,Counter-Clockwise
22:20:26.606,25.2,34.6,506,-12.0038,-21.2610,Right,Counter-Clockwise
22:20:26.640,29.5,28.5,506,-12.7296,-20.8164,Right,Counter-Clockwise
22:20:26.681,24.4,35.9,506,-13.6796,-20.9412,Right,Counter-Clockwise
22:20:26.717,27.9,31.1,505,-14.5062,-20.7825,Right,Counter-Clockwise
22:20:26.761,23.3,37.3,505,-13.7346,-20.4014,Right,Tilt Up
22:20:26.802,24.0,35.8,505,-14.5421,-20.7664,Right,Tilt Up
22:20:26.842,24.8,35.1,505,-15.3880,-21.0361,Right,Tilt Up
22:20:26.881,25.9,33.5,505,-16.1378,-21.6423,Right,Tilt Up
22:20:26.921,24.6,35.2,505,-16.5595,-20.9778,Right,Tilt Up
22:20:26.964,23.4,37.6,505,-16.9778,-21.7904,Right,Tilt Up
22:20:27.005,24.4,36.1,505,-17.1467,-20.8913,Right,Tilt Up
22:20:27.047,23.8,36.3,505,-16.9638,-21.7634,Right,Tilt Up
22:20:27.081,28.9,29.6,505,-16.2283,-22.2405,Right,Tilt Up
22:20:27.123,24.0,28.7,505,-15.4478,-22.7696,Right,Tilt Up
22:20:27.155,31.1,27.0,505,-14.6991,-23.1376,Right,Tilt Up
22:20:27.197,23.6,36.9,505,-14.0094,-22.6828,Right,Tilt Up
22:20:27.242,22.6,39.2,505,-13.7111,-21.7329,Right,Tilt Up
22:20:27.285,23.2,37.4,505,-13.5800,-20.8225,Right,Tilt Up
22:20:27.321,27.8,31.7,505,-12.7798,-20.6492,Right,Tilt Up
22:20:27.358,26.6,32.8,505,-11.9574,-20.6443,Right,Tilt Up
22:20:27.393,28.9,26.5,505,-12.7060,-20.7287,Right,Tilt Up
22:20:27.434,24.3,35.5,505,-13.6254,-20.6482,Right,Tilt Up
22:20:27.475,24.2,36.0,505,-13.1597,-19.9474,Right,Tilt Up
22:20:27.522,21.8,40.8,505,-12.5784,-19.7295,Right,Tilt Up
22:20:27.561,25.1,34.7,505,-13.0590,-18.8532,Right,Tilt Up
22:20:27.601,25.3,34.3,505,-13.0620,-17.9892,Right,Tilt Up
22:20:27.643,23.8,36.0,505,-13.8973,-18.4616,Right,Tilt Up
22:20:27.687,22.7,38.3,505,-14.6922,-19.0129,Right,Tilt Up
22:20:27.728,23.9,36.5,505,-14.7171,-19.9703,Right,Tilt Up
22:20:27.771,23.6,37.3,505,-15.5958,-20.3720,Forward,Counter-Clockwise
22:20:27.810,25.3,34.5,505,-15.4680,-21.3408,Forward,Counter-Clockwise
22:20:27.856,22.1,39.8,505,-16.0805,-21.5549,Forward,Counter-Clockwise
22:20:27.904,20.5,43.7,504,-15.9510,-22.5241,Forward,Counter-Clockwise
22:20:27.953,20.6,42.8,504,-16.5365,-21.8796,Forward,Counter-Clockwise
22:20:27.993,24.8,33.9,504,-15.8381,-21.2957,Forward,Counter-Clockwise
22:20:28.037,22.5,38.8,504,-15.5309,-22.1260,Forward,Counter-Clockwise
22:20:28.073,28.3,30.0,504,-16.4969,-22.3706,Forward,Counter-Clockwise
22:20:28.108,28.3,29.5,504,-16.0834,-22.7157,Forward,Counter-Clockwise
22:20:28.149,25.0,35.1,504,-16.4525,-23.0046,Forward,Counter-Clockwise
22:20:28.188,25.3,33.6,504,-15.8252,-23.6554,Forward,Counter-Clockwise
22:20:28.228,24.9,34.7,504,-15.5687,-23.2952,Forward,Counter-Clockwise
22:20:28.268,24.6,35.3,504,-16.3857,-23.2425,Forward,Counter-Clockwise
22:20:28.301,30.7,27.2,504,-16.5479,-23.8925,Forward,Counter-Clockwise
22:20:28.341,24.9,35.3,504,-17.3793,-24.0739,Forward,Counter-Clockwise
22:20:28.378,27.1,31.3,504,-17.8607,-24.9345,Forward,Counter-Clockwise
22:20:28.411,29.9,28.5,504,-18.2372,-25.6335,Forward,Counter-Clockwise
22:20:28.445,29.7,28.5,504,-17.6383,-25.3352,Forward,Counter-Clockwise
22:20:28.482,26.9,31.9,504,-17.2962,-25.3521,Forward,Counter-Clockwise
22:20:28.518,27.7,30.5,504,-16.6602,-25.9960,Forward,Counter-Clockwise
22:20:28.560,24.2,36.5,504,-17.3329,-26.4774,Forward,Counter-Clockwise
22:20:28.595,28.3,29.8,504,-16.5860,-26.3647,Forward,Counter-Clockwise
22:20:28.630,29.0,28.7,504,-16.2496,-25.5154,Forward,Counter-Clockwise
22:20:28.665,28.3,30.5,504,-15.4971,-26.0551,Forward,Counter-Clockwise
22:20:28.706,24.3,36.1,504,-15.4125,-26.5556,Forward,Counter-Clockwise
22:20:28.743,27.1,31.4,504,-16.3218,-26.7692,Forward,Counter-Clockwise
22:20:28.797,18.7,38.2,504,-17.2624,-27.0173,Right,Tilt Down
22:20:28.840,23.0,38.0,504,-18.1852,-26.7819,Right,Tilt Down
22:20:28.879,25.5,34.0,504,-19.1241,-27.1259,Right,Tilt Down
22:20:28.918,25.6,34.0,504,-20.0778,-27.4124,Right,Tilt Down
22:20:28.959,24.9,34.0,503,-20.2106,-26.8951,Right,Tilt Down
22:20:29.008,20.4,42.8,503,-20.8697,-26.5966,Right,Tilt Down
22:20:29.045,26.7,32.3,503,-21.8228,-26.7018,Right,Tilt Down
22:20:29.088,23.5,37.3,503,-22.7654,-26.8253,Right,Tilt Down
22:20:29.134,21.6,41.5,503,-23.7048,-26.9455,Right,Tilt Down
22:20:29.177,23.1,38.1,503,-24.6635,-27.0219,Right,Tilt Down
22:20:29.214,27.2,31.8,503,-25.1498,-27.6068,Right,Tilt Down
22:20:29.259,23.2,37.5,503,-26.0325,-27.8080,Right,Tilt Down
22:20:29.296,25.6,32.8,503,-26.6728,-27.2545,Right,Tilt Down
22:20:29.329,30.6,27.2,503,-27.6153,-27.2579,Right,Tilt Down
22:20:29.364,28.5,29.7,503,-28.5322,-27.2244,Right,Tilt Down
22:20:29.401,27.2,32.0,503,-29.4953,-27.2101,Right,Tilt Down
22:20:29.440,25.4,34.2,503,-30.4779,-27.1329,Right,Tilt Down
22:20:29.479,25.5,33.9,502,-30.8456,-27.5353,Right,Tilt Down
22:20:29.520,24.9,34.7,502,-30.2783,-27.1726,Right,Tilt Down
22:20:29.554,29.3,28.6,502,-30.1873,-27.6948,Right,Tilt Down
22:20:29.599,22.1,39.5,502,-30.1100,-28.2147,Right,Tilt Down
22:20:29.640,24.4,33.5,502,-30.6284,-27.6847,Right,Tilt Down
22:20:29.673,30.0,28.0,502,-30.1360,-28.2047,Right,Tilt Down
22:20:29.708,28.6,30.1,502,-31.0466,-28.0919,Right,Tilt Down
22:20:29.743,28.8,30.0,502,-31.1762,-27.6220,Right,Tilt Down
22:20:29.784,24.5,35.2,501,-31.4343,-27.7254,Right,Tilt Down
22:20:29.821,26.7,32.6,501,-30.7149,-28.1748,Right,Tilt Up
22:20:29.857,27.9,30.2,501,-30.2053,-27.5169,Right,Tilt Up
22:20:29.895,26.2,33.2,501,-29.8302,-26.7913,Right,Tilt Up
22:20:29.934,25.9,33.3,501,-29.4222,-26.9516,Right,Tilt Up
22:20:29.973,25.5,34.5,501,-28.9974,-27.8354,Right,Tilt Up
22:20:30.010,27.0,31.3,501,-28.5697,-26.9331,Right,Tilt Up
22:20:30.043,30.2,28.2,501,-28.1966,-27.1051,Right,Tilt Up
22:20:30.089,21.9,39.7,501,-28.3278,-28.0903,Right,Tilt Up
22:20:30.132,23.4,37.5,501,-28.2703,-28.2713,Right,Tilt Up
22:20:30.168,27.4,30.8,501,-29.1597,-28.3021,Right,Tilt Up
22:20:30.212,22.6,29.8,501,-30.0991,-28.0332,Right,Tilt Up
22:20:30.250,26.3,32.5,501,-30.1680,-28.6247,Right,Tilt Up
22:20:30.300,20.6,43.0,501,-30.4499,-29.0590,Right,Tilt Up
22:20:30.343,22.9,37.4,501,-30.2080,-29.1675,Right,Tilt Up
22:20:30.381,26.2,32.9,501,-30.7533,-28.9829,Right,Tilt Up
22:20:30.420,25.3,34.3,501,-31.3166,-28.5497,Right,Tilt Up
22:20:30.459,26.2,32.9,501,-31.5632,-27.6555,Right,Tilt Up
22:20:30.498,25.0,35.3,501,-32.1671,-27.3707,Right,Tilt Up
22:20:30.540,24.0,35.8,501,-32.9914,-27.1273,Right,Tilt Up
22:20:30.580,25.8,33.3,501,-32.8548,-27.5022,Right,Tilt Up
22:20:30.622,24.0,35.3,501,-33.1271,-27.0518,Right,Tilt Up
22:20:30.654,29.9,26.5,501,-33.8988,-26.7593,Right,Tilt Up
22:20:30.691,26.9,32.3,501,-34.8516,-26.4563,Right,Tilt Up
22:20:30.728,27.4,31.5,501,-34.0176,-26.1476,Right,Tilt Up
22:20:30.767,25.5,34.1,501,-33.1098,-25.8045,Right,Tilt Up
22:20:30.806,25.4,33.3,501,-32.9383,-25.9587,Right,Tilt Up
22:20:30.842,28.2,29.6,501,-33.1105,-24.9814,Right,Tilt Up
22:20:30.881,25.5,33.6,501,-32.1525,-25.1785,Right,Tilt Up
22:20:30.914,30.3,27.8,501,-31.1660,-25.1666,Right,Tilt Up
22:20:30.953,25.8,33.8,501,-30.2266,-25.5057,Right,Tilt Up
22:20:30.988,28.2,29.4,501,-30.1205,-25.6979,Right,Tilt Up
22:20:31.025,26.9,26.8,501,-29.1262,-25.7985,Right,Tilt Up
22:20:31.064,25.8,33.1,501,-28.5257,-25.5871,Right,Tilt Up
22:20:31.100,27.2,31.8,501,-29.0364,-25.5119,Right,Tilt Up
22:20:31.132,31.7,26.9,501,-28.8226,-25.3015,Right,Tilt Up
22:20:31.163,32.6,25.4,501,-28.8077,-26.2100,Right,Tilt Up
22:20:31.201,26.1,32.7,501,-28.7238,-26.7669,Right,Tilt Up
22:20:31.242,24.5,34.8,501,-28.9101,-27.3800,Right,Tilt Up
22:20:31.281,25.4,34.1,501,-28.9694,-27.7662,Right,Tilt Up
22:20:31.321,25.3,34.5,501,-28.4915,-27.4413,Right,Tilt Up
22:20:31.357,27.8,30.7,501,-28.4328,-26.8183,Right,Tilt Up
22:20:31.393,27.7,31.4,501,-27.8858,-26.4899,Right,Tilt Up
22:20:31.432,25.5,34.0,501,-27.4052,-27.3206,Right,Tilt Up
22:20:31.477,22.2,39.0,501,-27.3539,-27.4681,Right,Tilt Up
22:20:31.521,22.8,38.2,501,-27.8165,-26.6857,Right,Tilt Up
22:20:31.563,23.9,36.9,501,-28.2714,-25.9500,Right,Tilt Up
22:20:31.601,26.1,32.4,501,-28.0347,-25.9326,Right,Tilt Up
22:20:31.637,27.6,31.7,501,-27.6671,-26.8163,Right,Tilt Up
22:20:31.679,24.3,35.7,501,-28.0639,-25.9869,Right,Tilt Up
22:20:31.716,26.7,30.8,500,-27.5902,-26.8468,Right,Tilt Up
22:20:31.761,22.6,38.7,646,-27.4254,-26.6010,Right,Tilt Up
22:20:31.798,26.5,32.5,646,-28.0290,-25.9607,Right,Tilt Up
22:20:31.836,26.6,31.8,646,-28.0184,-26.4860,Right,Tilt Up
22:20:31.885,20.6,37.5,646,-27.5015,-27.1087,Right,Clockwise
22:20:31.930,22.2,39.5,646,-27.9316,-26.2139,Right,Clockwise
22:20:31.977,21.5,41.3,646,-27.7361,-25.8276,Right,Clockwise
22:20:32.018,23.9,35.9,646,-27.9835,-25.8763,Right,Clockwise
22:20:32.057,25.5,34.0,646,-27.4108,-26.5329,Right,Clockwise
22:20:32.099,23.7,36.8,646,-28.1053,-26.0269,Right,Clockwise
22:20:32.143,22.7,38.7,646,-28.0721,-25.5677,Right,Clockwise
22:20:32.185,24.0,35.8,646,-28.2016,-24.9629,Right,Clockwise
22:20:32.228,23.1,37.9,646,-28.3688,-23.9927,Right,Clockwise
22:20:32.267,25.9,33.3,646,-28.5012,-23.0037,Right,Clockwise
22:20:32.302,28.5,29.5,645,-28.5154,-23.9217,Right,Clockwise
22:20:32.341,25.9,33.0,645,-28.6966,-22.9611,Right,Clockwise
22:20:32.380,25.4,32.9,644,-28.3284,-23.8474,Right,Clockwise
22:20:32.430,19.9,39.5,644,-28.4051,-23.1294,Right,Clockwise
22:20:32.474,22.7,38.2,644,-28.2249,-22.6902,Right,Clockwise
22:20:32.512,26.4,31.9,644,-28.4687,-21.8405,Right,Clockwise
22:20:32.552,25.0,34.1,644,-28.7061,-20.9492,Right,Clockwise
22:20:32.592,25.0,34.7,644,-28.9707,-21.4797,Right,Clockwise
22:20:32.630,26.6,32.1,644,-28.9289,-20.5582,Right,Clockwise
22:20:32.672,23.5,36.8,643,-29.1806,-19.6030,Right,Clockwise
22:20:32.713,24.7,35.2,642,-30.0018,-19.4897,Right,Clockwise
22:20:32.752,25.4,34.0,640,-30.0009,-19.1140,Right,Clockwise
22:20:32.794,24.1,35.9,640,-29.8981,-18.1308,Right,Clockwise
22:20:32.830,27.4,30.5,640,-30.0533,-19.0736,Right,Clockwise
22:20:32.869,25.9,33.1,640,-30.1868,-19.9224,Right,Clockwise
22:20:32.913,22.5,38.8,640,-30.9934,-20.2305,Forward,Pan Left
22:20:32.957,22.8,38.0,640,-31.9053,-20.5961,Forward,Pan Left
22:20:32.996,25.8,33.6,639,-32.1200,-19.8592,Forward,Pan Left
22:20:33.038,23.6,36.2,639,-33.0214,-19.9812,Forward,Pan Left
22:20:33.073,28.4,30.0,639,-33.8377,-19.6889,Forward,Pan Left
22:20:33.107,29.6,28.2,639,-34.7518,-19.8024,Forward,Pan Left
22:20:33.153,21.9,39.8,639,-34.2752,-20.6814,Forward,Pan Left
22:20:33.195,24.1,35.1,639,-33.3247,-20.4239,Forward,Pan Left
22:20:33.232,26.6,30.9,639,-33.0804,-19.4730,Forward,Pan Left
22:20:33.276,22.6,37.4,639,-32.9879,-19.6129,Forward,Pan Left
22:20:33.312,28.4,29.5,639,-32.5095,-19.9945,Forward,Pan Left
22:20:33.352,24.9,34.8,639,-31.5855,-20.3517,Forward,Pan Left
22:20:33.400,21.0,41.4,639,-31.5862,-20.3253,Forward,Pan Left
22:20:33.442,23.6,36.6,639,-31.5912,-19.7591,Forward,Pan Left
22:20:33.491,20.8,40.9,639,-32.0946,-20.4270,Forward,Pan Left
22:20:33.537,21.0,40.7,639,-32.4577,-20.2665,Forward,Pan Left
22:20:33.580,23.5,37.2,639,-32.7127,-19.6740,Forward,Pan Left
22:20:33.624,22.9,37.7,639,-32.6108,-18.9262,Forward,Pan Left
22:20:33.664,25.0,34.5,639,-32.8665,-18.1009,Forward,Pan Left
22:20:33.704,25.1,33.8,639,-33.5827,-18.3509,Forward,Pan Left
22:20:33.754,21.3,40.1,639,-33.8658,-18.4224,Forward,Pan Left
22:20:33.796,22.0,36.6,639,-33.6546,-19.1556,Forward,Pan Left
22:20:33.837,24.6,34.5,639,-34.0848,-19.4832,Forward,Pan Left
22:20:33.879,23.8,35.8,639,-34.4273,-18.5454,Forward,Pan Left
22:20:33.915,27.5,30.5,639,-34.9773,-19.2340,Right,Counter-Clockwise
22:20:33.954,25.7,33.3,639,-34.4685,-18.5745,Right,Counter-Clockwise
22:20:33.999,22.0,39.4,639,-33.8796,-17.9655,Right,Counter-Clockwise
22:20:34.042,23.6,36.6,639,-34.6529,-18.1325,Right,Counter-Clockwise
22:20:34.083,24.4,34.9,639,-34.7788,-19.0696,Right,Counter-Clockwise
22:20:34.127,22.8,38.1,639,-34.0245,-19.7204,Right,Counter-Clockwise
22:20:34.168,24.3,34.7,612,-34.5702,-20.4481,Right,Counter-Clockwise
22:20:34.213,22.6,38.7,612,-34.8886,-21.3398,Right,Counter-Clockwise
22:20:34.258,21.8,39.6,612,-34.0968,-21.1867,Right,Counter-Clockwise
22:20:34.300,23.5,37.3,612,-33.3954,-20.9834,Right,Counter-Clockwise
22:20:34.340,25.4,34.0,612,-32.9927,-20.8666,Right,Counter-Clockwise
22:20:34.375,28.7,29.7,611,-32.0453,-20.8635,Right,Counter-Clockwise
22:20:34.417,23.8,36.1,611,-32.3290,-21.7772,Right,Counter-Clockwise
22:20:34.456,25.6,33.4,611,-32.8893,-22.0940,Right,Counter-Clockwise
22:20:34.497,24.5,35.2,611,-33.5263,-22.6145,Right,Counter-Clockwise
22:20:34.533,27.8,30.5,610,-33.2079,-23.4463,Right,Counter-Clockwise
22:20:34.576,22.9,37.9,610,-33.3057,-22.4939,Right,Counter-Clockwise
22:20:34.617,24.3,35.4,610,-33.2061,-23.4595,Right,Counter-Clockwise
22:20:34.660,23.6,36.6,610,-33.0384,-24.4222,Right,Counter-Clockwise
22:20:34.702,23.8,35.8,610,-32.3266,-24.5410,Right,Counter-Clockwise
22:20:34.742,24.5,34.6,610,-31.6430,-24.2234,Right,Counter-Clockwise
22:20:34.794,19.3,46.2,610,-30.7873,-24.0935,Right,Counter-Clockwise
22:20:34.834,25.4,34.3,610,-30.0208,-24.0124,Right,Counter-Clockwise
22:20:34.870,27.3,30.8,610,-29.2243,-24.0575,Right,Counter-Clockwise
22:20:34.908,26.6,32.2,610,-28.4362,-24.2222,Right,Counter-Clockwise
22:20:34.955,21.0,42.1,610,-27.9943,-25.1006,Up,Tilt Down
22:20:34.995,25.0,34.9,610,-27.3317,-24.8757,Up,Tilt Down
22:20:35.034,26.0,33.3,610,-28.0417,-25.3713,Up,Tilt Down
22:20:35.076,23.7,37.4,607,-28.8006,-25.6736,Up,Tilt Down
22:20:35.113,27.2,30.9,605,-29.6080,-26.1758,Up,Tilt Down
22:20:35.151,26.1,32.5,597,-30.0251,-26.4693,Up,Tilt Down
22:20:35.188,27.0,31.7,590,-30.2072,-26.6249,Up,Tilt Down
22:20:35.239,19.6,44.9,585,-30.9429,-27.0955,Up,Tilt Down
22:20:35.278,25.8,33.0,585,-31.7001,-27.5448,Up,Tilt Down
22:20:35.316,26.3,32.7,578,-32.6607,-27.8226,Up,Tilt Down
22:20:35.348,30.7,27.6,576,-33.5922,-27.9147,Up,Tilt Down
22:20:35.387,25.5,34.2,570,-32.7689,-27.9580,Up,Tilt Down
22:20:35.433,21.8,39.8,568,-32.4653,-27.5502,Up,Tilt Down
22:20:35.473,24.9,34.8,567,-33.0176,-27.5913,Up,Tilt Down
22:20:35.511,26.6,32.1,565,-32.1544,-27.5644,Up,Tilt Down
22:20:35.549,26.1,33.1,565,-31.6267,-27.2394,Up,Tilt Down
22:20:35.591,23.9,36.1,565,-32.1172,-26.9080,Up,Tilt Down
22:20:35.628,27.2,31.3,565,-32.1273,-26.8340,Up,Tilt Down
22:20:35.668,24.8,35.0,565,-32.3095,-26.1294,Up,Tilt Down
22:20:35.705,27.3,31.5,565,-32.3075,-26.0418,Up,Tilt Down
22:20:35.744,25.5,33.4,561,-32.5694,-25.1139,Up,Tilt Down
22:20:35.785,24.1,34.5,559,-32.2396,-25.2029,Up,Tilt Down
22:20:35.825,25.1,34.7,557,-32.1226,-24.6579,Up,Tilt Down
22:20:35.868,23.1,38.3,557,-32.3503,-24.7076,Up,Tilt Down
22:20:35.903,29.1,28.6,554,-32.4346,-24.7616,Up,Tilt Down
22:20:35.942,25.7,33.7,554,-31.7521,-24.0755,Up,Tilt Down
22:20:35.978,27.4,31.6,554,-32.3914,-24.1886,Up,Tilt Down
22:20:36.020,23.9,36.1,553,-31.7216,-24.0280,Up,Tilt Down
22:20:36.064,22.9,38.0,551,-32.7146,-23.9099,Up,Tilt Down
22:20:36.107,23.1,37.4,551,-33.6912,-24.1028,Up,Tilt Down
22:20:36.144,27.2,31.4,551,-33.7984,-25.0679,Up,Tilt Down
22:20:36.185,24.5,35.6,551,-33.6524,-25.9674,Up,Tilt Down
22:20:36.225,24.6,34.9,551,-33.5147,-26.1475,Up,Tilt Down
22:20:36.269,23.2,37.8,551,-33.2063,-25.3755,Up,Tilt Down
22:20:36.306,26.6,31.5,551,-32.3494,-25.8907,Up,Tilt Down
22:20:36.345,25.5,33.4,551,-33.3100,-26.1029,Up,Tilt Down
22:20:36.387,24.1,35.8,551,-34.3027,-26.1862,Up,Tilt Down
22:20:36.423,27.6,29.9,550,-34.8046,-27.0335,Up,Tilt Down
22:20:36.459,27.3,30.8,550,-34.0830,-26.4002,Up,Tilt Down
22:20:36.501,24.1,35.7,550,-33.3135,-27.0315,Up,Tilt Down
22:20:36.540,25.6,34.1,550,-32.8763,-26.2416,Up,Tilt Down
22:20:36.580,24.9,35.3,550,-32.7563,-26.6902,Up,Tilt Down
22:20:36.618,26.6,32.6,550,-32.4263,-27.2668,Up,Tilt Down
22:20:36.650,31.4,26.8,550,-31.5377,-27.0670,Up,Tilt Down
22:20:36.686,27.3,31.8,550,-32.3917,-27.5824,Up,Tilt Down
22:20:36.719,30.2,28.3,550,-31.5598,-27.0847,Up,Tilt Down
22:20:36.756,27.4,31.2,550,-30.7618,-26.7359,Up,Tilt Down
22:20:36.793,26.8,32.3,550,-29.9366,-26.1733,Up,Tilt Down
22:20:36.833,25.4,33.8,550,-29.4765,-27.0422,Up,Tilt Down
22:20:36.874,24.3,35.6,550,-29.9854,-26.1997,Up,Tilt Down
22:20:36.911,26.7,32.5,550,-30.4667,-25.3280,Up,Tilt Down
22:20:36.943,31.3,27.0,550,-31.1985,-24.8055,Up,Tilt Down
22:20:36.984,24.7,35.5,550,-30.7198,-25.6070,Up,Tilt Down
22:20:37.027,22.8,38.5,550,-30.1888,-24.7659,Up,Tilt Down
22:20:37.062,28.7,29.2,550,-30.7360,-25.5958,Up,Tilt Down
22:20:37.098,28.3,29.7,550,-30.4595,-24.6535,Up,Tilt Down
22:20:37.137,25.3,34.2,549,-30.2092,-23.7014,Up,Tilt Down
22:20:37.180,23.7,36.2,549,-30.2751,-23.8156,Up,Tilt Down
22:20:37.219,25.1,32.9,549,-30.1996,-22.8373,Up,Tilt Down
22:20:37.258,25.9,33.8,548,-30.8629,-23.1084,Up,Tilt Down
22:20:37.296,26.1,33.0,547,-31.7571,-23.0051,Up,Tilt Down
22:20:37.329,30.8,27.4,536,-31.7891,-23.9242,Up,Tilt Down
22:20:37.365,27.5,30.2,533,-32.0427,-24.8495,Up,Tilt Down
22:20:37.408,23.5,37.2,522,-32.5622,-25.3787,Up,Tilt Down
22:20:37.454,21.9,40.3,515,-33.3797,-25.3469,Up,Tilt Down
22:20:37.496,23.6,37.1,510,-33.5480,-26.0550,Up,Tilt Down
22:20:37.540,23.0,37.7,503,-33.6691,-27.0125,Up,Tilt Down
22:20:37.585,22.1,39.8,547,-33.6116,-28.0108,Up,Tilt Down
22:20:37.633,20.9,42.4,501,-34.0529,-28.8468,Up,Tilt Down
22:20:37.679,21.7,39.4,538,-34.1676,-27.8601,Up,Tilt Down
22:20:37.720,24.6,34.5,531,-34.2854,-26.8672,Up,Tilt Down
22:20:37.760,24.9,33.6,504,-33.4499,-27.1180,Up,Tilt Down
22:20:37.804,22.4,37.7,528,-33.1239,-26.2108,Up,Tilt Down
22:20:37.842,26.2,32.2,514,-33.2138,-27.1667,Up,Tilt Down
22:20:37.884,23.7,36.6,511,-33.3943,-28.1371,Up,Tilt Down
22:20:37.924,25.6,33.6,510,-33.0089,-28.6996,Up,Tilt Down
22:20:37.969,22.1,39.0,509,-32.8439,-29.6390,Up,Tilt Down
22:20:38.010,24.4,34.8,508,-32.8884,-30.4369,Forward,Counter-Clockwise
22:20:38.056,21.9,32.7,508,-32.8927,-31.4282,Forward,Counter-Clockwise
22:20:38.099,23.3,36.5,508,-32.9722,-32.3423,Forward,Counter-Clockwise
22:20:38.143,22.8,37.4,507,-33.0937,-33.3335,Forward,Counter-Clockwise
22:20:38.181,25.8,33.3,506,-32.2888,-33.0347,Forward,Counter-Clockwise
22:20:38.217,28.2,29.6,505,-32.6665,-33.4025,Forward,Counter-Clockwise
22:20:38.260,23.6,36.5,505,-32.6784,-32.4447,Forward,Counter-Clockwise
22:20:38.300,24.1,34.5,504,-32.5622,-33.3662,Forward,Counter-Clockwise
22:20:38.346,21.9,39.5,502,-32.3690,-34.3275,Forward,Counter-Clockwise
22:20:38.386,24.8,35.2,502,-32.4987,-33.3363,Forward,Counter-Clockwise
22:20:38.432,22.2,39.2,537,-32.7318,-32.3725,Forward,Counter-Clockwise
22:20:38.479,21.3,41.5,505,-32.7628,-33.2976,Forward,Counter-Clockwise
22:20:38.527,20.8,41.8,547,-32.6847,-33.6291,Forward,Counter-Clockwise
22:20:38.572,21.9,38.6,532,-32.5591,-34.0427,Forward,Counter-Clockwise
22:20:38.614,23.7,37.0,520,-32.3908,-35.0283,Forward,Counter-Clockwise
22:20:38.654,25.2,33.7,513,-32.4701,-34.0770,Forward,Counter-Clockwise
22:20:38.693,25.5,34.0,510,-32.4309,-35.0741,Forward,Counter-Clockwise
22:20:38.726,30.6,27.7,500,-32.1978,-35.4987,Forward,Counter-Clockwise
22:20:38.772,21.7,40.1,511,-31.8956,-36.1282,Forward,Counter-Clockwise
22:20:38.811,25.4,34.7,502,-31.9036,-37.0769,Forward,Counter-Clockwise
22:20:38.854,23.6,36.5,501,-31.6564,-37.5998,Forward,Counter-Clockwise
22:20:38.892,25.7,33.2,501,-31.4304,-38.0182,Forward,Counter-Clockwise
22:20:38.931,25.7,33.5,500,-31.5073,-37.0239,Forward,Counter-Clockwise
22:20:38.967,28.1,30.2,523,-31.1869,-36.2521,Forward,Counter-Clockwise
22:20:39.001,29.5,28.6,523,-31.0506,-36.1060,Forward,Counter-Clockwise
22:20:39.039,26.5,32.2,523,-31.6153,-35.4347,Left,Tilt Down
22:20:39.082,22.9,37.8,523,-32.1515,-34.9038,Left,Tilt Down
22:20:39.126,23.1,38.2,523,-31.9712,-35.3113,Left,Tilt Down
22:20:39.166,24.9,34.7,523,-31.7223,-35.2854,Left,Tilt Down
22:20:39.214,21.0,38.9,523,-32.1068,-35.4330,Left,Tilt Down
22:20:39.247,30.2,27.9,523,-32.3716,-35.7614,Left,Tilt Down
22:20:39.287,24.4,35.2,523,-32.0593,-35.8301,Left,Tilt Down
22:20:39.334,21.7,39.9,523,-31.6358,-35.5828,Left,Tilt Down
22:20:39.369,28.2,29.8,523,-32.0498,-35.8700,Left,Tilt Down
22:20:39.407,26.0,32.7,522,-32.3655,-35.8719,Left,Tilt Down
22:20:39.442,28.9,29.6,521,-32.1407,-35.8744,Left,Tilt Down
22:20:39.474,30.9,26.7,521,-31.9235,-35.7014,Left,Tilt Down
22:20:39.522,21.1,41.4,521,-32.7765,-35.9451,Left,Tilt Down
22:20:39.557,28.4,30.0,521,-33.6331,-36.3778,Left,Tilt Down
22:20:39.600,23.2,37.8,521,-32.7505,-36.7318,Left,Tilt Down
22:20:39.636,27.5,31.1,521,-33.0828,-36.5948,Left,Tilt Down
22:20:39.674,26.3,32.5,520,-34.0363,-36.2940,Left,Tilt Down
22:20:39.719,22.3,38.8,520,-33.9218,-36.4811,Left,Tilt Down
22:20:39.759,25.1,33.2,520,-33.9500,-36.2856,Left,Tilt Down
22:20:39.799,25.4,33.9,520,-34.0968,-36.2019,Left,Tilt Down
22:20:39.834,27.8,30.6,520,-33.9590,-36.0757,Left,Tilt Down
22:20:39.876,24.0,36.3,520,-34.8571,-35.6534,Left,Tilt Down
22:20:39.911,29.0,30.1,520,-35.0998,-36.5520,Left,Tilt Down
22:20:39.956,22.0,39.5,520,-36.0848,-36.4844,Left,Tilt Down
22:20:39.993,27.2,32.1,520,-37.0645,-36.3194,Left,Tilt Down
22:20:40.033,25.1,34.5,520,-37.9591,-36.0217,Left,Tilt Down
22:20:40.076,23.3,37.8,520,-36.9758,-36.1323,Forward,Counter-Clockwise
22:20:40.117,24.0,36.0,520,-37.9569,-35.9859,Forward,Counter-Clockwise
22:20:40.161,23.0,37.1,520,-36.9674,-35.9658,Forward,Counter-Clockwise
22:20:40.203,23.6,36.1,520,-36.0100,-36.2161,Forward,Counter-Clockwise
22:20:40.240,26.9,30.5,520,-36.9963,-36.0958,Forward,Counter-Clockwise
22:20:40.281,24.8,34.9,520,-37.9931,-36.1304,Forward,Counter-Clockwise
22:20:40.323,23.6,35.6,520,-37.7954,-36.1839,Forward,Counter-Clockwise
22:20:40.359,27.8,29.8,520,-37.0268,-36.1108,Forward,Counter-Clockwise
22:20:40.403,22.5,38.1,515,-36.3920,-36.2758,Forward,Counter-Clockwise
22:20:40.447,23.0,37.7,512,-35.6812,-36.5286,Forward,Counter-Clockwise
22:20:40.491,22.6,37.6,509,-34.9874,-36.8069,Forward,Counter-Clockwise
22:20:40.533,24.2,34.9,505,-34.3556,-37.1226,Forward,Counter-Clockwise
22:20:40.576,23.3,37.0,537,-34.3452,-37.2490,Forward,Counter-Clockwise
22:20:40.618,24.2,34.5,535,-33.6500,-37.5259,Forward,Counter-Clockwise
22:20:40.664,21.4,38.9,532,-33.0742,-37.5602,Forward,Counter-Clockwise
22:20:40.706,23.9,35.7,529,-32.5236,-37.9209,Forward,Counter-Clockwise
22:20:40.744,26.1,31.6,514,-31.9980,-38.1155,Forward,Counter-Clockwise
22:20:40.785,24.7,33.5,508,-32.5348,-37.7147,Forward,Counter-Clockwise
22:20:40.832,21.4,40.6,543,-31.8892,-38.2962,Forward,Counter-Clockwise
22:20:40.878,21.7,39.8,518,-32.3506,-37.7106,Forward,Counter-Clockwise
22:20:40.936,17.0,51.7,499,-32.9449,-37.1894,Forward,Counter-Clockwise
22:20:40.979,23.4,36.5,504,-33.5595,-36.8791,Forward,Counter-Clockwise
22:20:41.016,27.2,30.2,503,-33.7134,-37.0737,Forward,Counter-Clockwise
22:20:41.066,20.8,42.2,502,-34.4245,-36.7452,Forward,Counter-Clockwise
22:20:41.109,22.4,36.5,502,-35.0736,-36.5331,Right,Tilt Down
22:20:41.151,23.9,35.1,502,-35.6358,-36.1370,Right,Tilt Down
22:20:41.189,25.9,31.8,502,-35.9914,-35.6345,Right,Tilt Down
22:20:41.229,25.1,32.9,534,-35.3225,-35.6754,Right,Tilt Down
22:20:41.269,24.8,33.8,532,-35.8929,-35.5110,Right,Tilt Down
22:20:41.313,22.6,37.3,532,-36.6589,-35.4593,Right,Tilt Down
22:20:41.359,22.5,38.0,532,-37.0043,-35.2665,Right,Tilt Down
22:20:41.403,22.3,36.8,532,-37.4978,-34.9972,Right,Tilt Down
22:20:41.439,27.7,29.4,532,-37.6982,-34.0398,Right,Tilt Down
22:20:41.477,26.4,29.1,532,-36.8308,-34.2092,Right,Tilt Down
22:20:41.519,23.7,36.0,531,-37.4062,-34.9143,Right,Tilt Down
22:20:41.564,22.5,37.2,531,-37.4976,-34.6263,Right,Tilt Down
22:20:41.607,22.8,37.2,531,-36.9608,-35.1007,Right,Tilt Down
22:20:41.646,25.5,33.4,531,-37.1919,-34.4547,Right,Tilt Down
22:20:41.686,24.7,34.5,530,-37.0908,-34.0964,Right,Tilt Down
22:20:41.730,23.3,37.4,529,-37.0977,-33.8597,Right,Tilt Down
22:20:41.774,22.4,38.3,528,-37.4050,-33.7855,Right,Tilt Down
22:20:41.814,24.8,34.1,528,-37.1692,-33.3916,Right,Tilt Down
22:20:41.852,26.2,33.3,528,-37.3963,-33.6810,Right,Tilt Down
22:20:41.895,23.4,36.7,510,-37.0969,-33.7752,Right,Tilt Down
22:20:41.942,22.0,39.5,506,-37.2595,-32.9189,Right,Tilt Down
22:20:41.990,20.4,42.1,502,-37.2229,-32.5632,Right,Tilt Down
22:20:42.035,22.0,39.6,563,-36.9804,-32.6161,Right,Tilt Down
22:20:42.074,25.7,33.1,558,-37.3700,-32.2106,Right,Tilt Down
22:20:42.113,25.7,33.0,550,-37.8093,-31.7296,Right,Pan Right
22:20:42.157,22.6,38.6,548,-37.9736,-31.7185,Right,Pan Right
22:20:42.197,25.3,34.0,547,-38.4115,-31.4959,Right,Pan Right
22:20:42.243,21.7,38.9,547,-37.9347,-31.8758,Right,Pan Right
22:20:42.284,24.3,34.5,546,-37.4463,-32.1345,Right,Pan Right
22:20:42.328,22.7,32.7,545,-36.9923,-32.4343,Right,Pan Right
22:20:42.370,24.0,35.3,544,-36.4296,-32.8543,Right,Pan Right
22:20:42.418,21.0,41.2,544,-35.8827,-33.3015,Right,Pan Right
22:20:42.456,25.8,32.5,542,-35.3180,-33.7164,Right,Pan Right
22:20:42.504,20.9,41.4,542,-35.3862,-32.8839,Right,Pan Right
22:20:42.546,23.7,36.1,542,-35.1552,-33.0565,Right,Pan Right
22:20:42.588,23.8,35.8,541,-35.6628,-32.1949,Right,Pan Right
22:20:42.631,23.5,36.6,540,-35.2270,-33.0948,Right,Pan Right
22:20:42.678,21.5,39.8,540,-35.6115,-32.2553,Right,Pan Right
22:20:42.724,21.5,40.1,540,-35.5085,-33.2082,Right,Pan Right
22:20:42.768,22.7,37.4,540,-34.9467,-33.8456,Right,Pan Right
22:20:42.810,23.9,35.9,521,-35.3072,-33.1575,Right,Pan Right
22:20:42.847,28.1,29.4,509,-35.7048,-32.4437,Right,Pan Right
22:20:42.899,18.8,46.2,539,-35.3696,-33.1499,Right,Pan Right
22:20:42.947,21.1,40.6,524,-36.1647,-32.7994,Right,Pan Right
22:20:43.002,18.2,48.5,521,-37.1265,-32.6704,Right,Pan Right
22:20:43.049,20.9,40.6,481,-37.7492,-32.0435,Right,Pan Right
22:20:43.101,19.5,44.5,523,-38.2398,-31.3772,Right,Pan Right
22:20:43.158,17.5,50.3,516,-38.7804,-30.7585,Right,Stable
22:20:43.193,28.5,28.5,512,-39.2641,-30.0367,Right,Stable
22:20:43.234,24.9,33.6,509,-38.7984,-30.7802,Right,Stable
22:20:43.268,29.1,28.1,509,-38.6587,-30.1352,Right,Stable
22:20:43.308,24.9,33.6,508,-38.2181,-30.7150,Right,Stable
22:20:43.350,23.6,35.7,504,-39.0501,-31.1856,Right,Stable
22:20:43.395,22.3,37.7,504,-39.0247,-30.3988,Right,Stable
22:20:43.439,23.2,36.9,503,-38.3899,-29.8106,Right,Stable
22:20:43.483,22.0,38.2,502,-37.6359,-29.2865,Right,Stable
22:20:43.528,22.5,38.2,502,-36.9371,-28.9333,Right,Stable
22:20:43.574,21.8,39.2,514,-37.6178,-29.5427,Right,Stable
22:20:43.617,22.9,36.6,513,-37.0605,-28.8998,Right,Stable
22:20:43.666,20.8,41.1,507,-37.7948,-29.4157,Right,Stable
22:20:43.707,24.0,34.7,505,-37.1761,-29.6851,Right,Stable
22:20:43.758,19.5,38.3,495,-37.9053,-29.1838,Right,Stable
22:20:43.813,18.4,48.2,576,-38.6333,-28.6611,Right,Stable
22:20:43.861,20.9,42.2,549,-39.3123,-29.2993,Right,Stable
22:20:43.909,20.7,42.1,522,-38.3458,-29.3182,Right,Stable
22:20:43.945,27.3,30.0,506,-39.0376,-29.9058,Right,Stable
22:20:43.985,24.9,33.9,502,-38.7979,-29.2260,Right,Stable
22:20:44.029,23.2,36.3,500,-38.3099,-28.9616,Right,Stable
22:20:44.068,25.2,33.7,500,-38.3164,-28.3332,Right,Stable
22:20:44.113,22.2,39.0,500,-37.7085,-27.7925,Right,Stable
22:20:44.148,27.8,29.0,500,-38.0941,-27.0608,Right,Stable
22:20:44.184,29.2,28.0,500,-37.7776,-27.4524,Forward,Tilt Down
22:20:44.236,19.3,45.8,520,-38.2515,-28.2212,Forward,Tilt Down
22:20:44.285,19.9,43.6,520,-39.1569,-28.6438,Forward,Tilt Down
22:20:44.330,22.5,37.9,517,-39.4413,-29.3937,Forward,Tilt Down
22:20:44.365,28.5,29.0,510,-40.1276,-29.2716,Forward,Tilt Down
22:20:44.415,20.3,43.0,494,-40.9971,-28.7781,Forward,Tilt Down
22:20:44.465,19.8,43.9,499,-40.5228,-27.9846,Forward,Tilt Down
22:20:44.507,23.7,36.0,506,-40.1469,-27.1170,Forward,Tilt Down
22:20:44.542,28.2,28.6,501,-40.5953,-27.7326,Forward,Tilt Down
22:20:44.578,27.3,31.2,501,-40.2577,-27.1068,Forward,Tilt Down
22:20:44.620,24.8,35.1,500,-39.8676,-26.9724,Forward,Tilt Down
22:20:44.669,20.3,43.1,500,-39.5054,-26.4195,Forward,Tilt Down
22:20:44.717,20.9,41.4,500,-39.8091,-26.5603,Forward,Tilt Down
22:20:44.758,24.5,33.5,500,-39.2993,-25.7262,Forward,Tilt Down
22:20:44.797,25.1,33.2,501,-38.9394,-26.4364,Forward,Tilt Down
22:20:44.841,23.1,36.5,501,-38.4193,-25.8920,Forward,Tilt Down
22:20:44.892,19.7,44.5,496,-38.0254,-26.2786,Forward,Tilt Down
22:20:44.938,21.7,39.0,489,-38.4720,-26.8973,Forward,Tilt Down
22:20:44.980,23.4,35.9,491,-38.0384,-26.0772,Forward,Tilt Down
22:20:45.027,21.4,39.8,499,-37.1079,-25.9568,Forward,Tilt Down
22:20:45.076,20.6,42.1,524,-37.7820,-26.6721,Forward,Tilt Down
22:20:45.126,20.0,43.7,521,-37.1314,-25.9797,Forward,Tilt Down
22:20:45.171,21.9,38.8,518,-36.7802,-25.8000,Forward,Tilt Down
22:20:45.215,23.1,37.0,518,-36.2600,-24.9978,Backward,Tilt Down
22:20:45.261,21.6,39.3,510,-35.5243,-25.4395,Backward,Tilt Down
22:20:45.304,23.7,35.5,509,-35.8140,-26.3144,Backward,Tilt Down
22:20:45.346,23.6,35.7,508,-35.5316,-26.3507,Backward,Tilt Down
22:20:45.393,21.1,40.4,507,-34.8929,-25.6380,Backward,Tilt Down
22:20:45.436,23.4,35.2,505,-34.5815,-24.7732,Backward,Tilt Down
22:20:45.477,24.2,34.2,503,-35.2160,-24.0011,Backward,Tilt Down
22:20:45.521,22.8,37.4,502,-34.5364,-23.3263,Backward,Tilt Down
22:20:45.602,12.3,75.0,538,-34.6605,-24.3167,Backward,Tilt Down
22:20:45.647,22.1,39.1,534,-34.9787,-25.1300,Backward,Tilt Down
22:20:45.710,15.8,57.1,516,-34.2122,-25.7678,Backward,Tilt Down
22:20:45.756,21.8,39.6,504,-34.8473,-26.3847,Backward,Tilt Down
22:20:45.801,22.1,39.5,504,-33.8791,-26.2577,Backward,Tilt Down
22:20:45.846,22.5,38.7,502,-33.2240,-26.8417,Backward,Tilt Down
22:20:45.894,20.9,41.3,501,-32.6970,-26.0666,Backward,Tilt Down
22:20:45.942,20.7,41.4,591,-33.3809,-25.3544,Backward,Tilt Down
22:20:45.985,23.2,37.3,590,-32.4655,-25.6971,Backward,Tilt Down
22:20:46.037,19.3,44.9,587,-33.3898,-25.3539,Backward,Tilt Down
22:20:46.080,23.1,35.8,586,-34.0321,-25.2317,Backward,Tilt Down
22:20:46.122,24.1,35.3,585,-33.4196,-24.5130,Backward,Tilt Down
22:20:46.166,22.5,38.4,585,-33.8250,-25.3637,Backward,Tilt Down
22:20:46.204,26.1,31.5,585,-34.0055,-26.2916,Backward,Tilt Down
22:20:46.251,21.2,40.4,585,-33.5705,-27.0863,Backward,Tilt Up
22:20:46.297,21.9,39.5,585,-33.5293,-26.3222,Backward,Tilt Up
22:20:46.335,26.4,30.8,583,-33.5726,-26.9519,Backward,Tilt Up
22:20:46.376,24.7,33.9,571,-33.7028,-27.7567,Backward,Tilt Up
22:20:46.413,27.0,30.6,568,-33.8165,-27.3842,Backward,Tilt Up
22:20:46.446,30.2,26.6,566,-33.9439,-26.7075,Backward,Tilt Up
22:20:46.483,27.0,30.6,563,-33.1472,-27.3117,Backward,Tilt Up
22:20:46.526,22.9,37.5,560,-33.2587,-26.4739,Backward,Tilt Up
22:20:46.570,22.7,36.8,558,-33.2723,-27.4001,Backward,Tilt Up
22:20:46.609,26.1,32.5,557,-33.5229,-28.3009,Backward,Tilt Up
22:20:46.654,22.0,38.7,557,-33.5242,-29.0173,Backward,Tilt Up
22:20:46.689,28.4,28.3,557,-33.6135,-28.3562,Backward,Tilt Up
22:20:46.733,22.8,37.6,557,-33.2064,-28.9563,Backward,Tilt Up
22:20:46.781,21.3,40.3,557,-32.5977,-29.7477,Backward,Tilt Up
22:20:46.823,23.4,36.3,557,-32.8430,-30.6617,Backward,Tilt Up
22:20:46.864,24.2,34.3,557,-33.6955,-30.4227,Backward,Tilt Up
22:20:46.904,25.1,33.2,557,-32.7956,-30.6526,Backward,Tilt Up
22:20:46.957,18.9,47.1,557,-32.6706,-31.3615,Backward,Tilt Up
22:20:46.999,23.7,35.9,557,-32.1802,-32.2115,Backward,Tilt Up
22:20:47.042,23.5,36.6,557,-31.3744,-32.7451,Backward,Tilt Up
22:20:47.085,23.2,36.6,557,-32.2711,-32.4592,Backward,Tilt Up
22:20:47.121,28.2,29.5,557,-33.1403,-32.1123,Backward,Tilt Up
22:20:47.161,24.8,33.5,552,-32.6531,-31.9672,Backward,Tilt Up
22:20:47.205,22.8,37.5,552,-33.0301,-32.5247,Backward,Tilt Up
22:20:47.248,23.1,36.9,552,-33.7307,-31.9009,Backward,Tilt Up
22:20:47.293,22.3,38.8,552,-33.1236,-32.6524,Forward,Tilt Down
22:20:47.333,25.0,33.6,552,-33.0168,-33.6240,Forward,Tilt Down
22:20:47.370,26.7,31.7,552,-32.7593,-34.5657,Forward,Tilt Down
22:20:47.419,20.6,41.6,552,-32.9703,-33.6548,Forward,Tilt Down
22:20:47.461,23.6,35.3,552,-32.7508,-33.1560,Forward,Tilt Down
22:20:47.496,28.3,29.0,552,-32.2840,-34.0331,Forward,Tilt Down
22:20:47.536,25.2,33.2,552,-32.5940,-33.1084,Forward,Tilt Down
22:20:47.577,24.7,33.9,552,-32.1158,-33.8898,Forward,Tilt Down
22:20:47.613,27.7,29.5,552,-32.5254,-32.9930,Forward,Tilt Down
22:20:47.659,21.5,39.9,552,-33.0764,-32.1725,Forward,Tilt Down
22:20:47.700,24.9,34.0,551,-33.4764,-31.3054,Forward,Tilt Down
22:20:47.740,24.6,34.4,551,-33.4666,-30.3144,Forward,Tilt Down
22:20:47.786,21.6,39.4,551,-32.9217,-29.7671,Forward,Tilt Down
22:20:47.826,25.0,33.9,551,-33.1633,-30.6419,Forward,Tilt Down
22:20:47.870,23.0,37.0,549,-32.5856,-29.8632,Forward,Tilt Down
22:20:47.911,24.4,34.7,547,-33.2429,-30.6027,Forward,Tilt Down
22:20:47.952,24.0,35.2,543,-32.4642,-30.2951,Forward,Tilt Down
22:20:47.991,26.0,32.1,502,-32.7286,-31.2492,Forward,Tilt Down
22:20:48.030,25.7,33.3,539,-33.0757,-30.7663,Forward,Tilt Down
22:20:48.070,24.5,35.1,509,-32.2935,-30.3360,Forward,Tilt Down
22:20:48.118,21.0,42.4,514,-33.0990,-29.7942,Forward,Tilt Down
22:20:48.166,20.9,42.0,524,-32.9145,-28.8150,Forward,Tilt Down
22:20:48.218,19.3,44.7,500,-32.0511,-29.3128,Forward,Tilt Down
22:20:48.263,21.9,39.5,544,-31.9544,-28.4780,Forward,Tilt Down
22:20:48.316,18.7,47.2,536,-32.6081,-27.9155,Forward,Clockwise
22:20:48.354,26.1,32.7,536,-32.7007,-27.0972,Forward,Clockwise
22:20:48.399,22.1,39.8,536,-32.8397,-27.9984,Forward,Clockwise
22:20:48.442,24.1,36.2,535,-32.8984,-28.8806,Forward,Clockwise
22:20:48.498,17.8,44.3,535,-32.8793,-28.0163,Forward,Clockwise
22:20:48.539,23.9,36.7,534,-33.0361,-28.8979,Forward,Clockwise
22:20:48.586,21.3,42.5,533,-33.2313,-29.7992,Forward,Clockwise
22:20:48.628,23.9,36.8,533,-33.3578,-30.6828,Forward,Clockwise
22:20:48.671,23.6,38.0,533,-33.5064,-31.5648,Forward,Clockwise
22:20:48.718,21.1,41.6,531,-33.6686,-32.4634,Forward,Clockwise
22:20:48.761,23.0,36.3,529,-33.9647,-33.3699,Forward,Clockwise
22:20:48.802,24.3,36.7,529,-33.9245,-34.3441,Forward,Clockwise
22:20:48.843,24.6,36.4,528,-33.6550,-35.2187,Forward,Clockwise
22:20:48.884,24.4,36.4,528,-33.4378,-36.1306,Forward,Clockwise
22:20:48.929,22.1,40.0,527,-32.5489,-35.8873,Forward,Clockwise
22:20:48.973,23.0,38.2,526,-32.5593,-36.8048,Forward,Clockwise
22:20:49.020,21.4,41.3,526,-32.7318,-35.8799,Forward,Clockwise
22:20:49.062,23.6,38.2,526,-32.9103,-34.9884,Forward,Clockwise
22:20:49.105,23.3,37.6,526,-32.0771,-34.6955,Forward,Clockwise
22:20:49.143,26.0,33.5,525,-32.8599,-35.1430,Forward,Clockwise
22:20:49.188,22.5,40.3,524,-32.0628,-35.6397,Forward,Clockwise
22:20:49.230,24.3,36.2,524,-33.0358,-35.4350,Forward,Clockwise
22:20:49.270,24.5,34.4,524,-32.9125,-36.3012,Forward,Clockwise
22:20:49.306,27.3,31.4,524,-33.0784,-37.0702,Forward,Clockwise
22:20:49.348,24.3,35.4,524,-32.6404,-37.2052,Backward,Pan Right
22:20:49.389,24.3,36.0,523,-32.9637,-37.5820,Backward,Pan Right
22:20:49.428,25.2,34.2,523,-33.0884,-38.2945,Backward,Pan Right
22:20:49.467,25.7,34.8,523,-33.3030,-38.4313,Backward,Pan Right
22:20:49.502,28.5,30.2,523,-33.1652,-39.3127,Backward,Pan Right
22:20:49.543,24.6,34.6,523,-32.7003,-38.4377,Backward,Pan Right
22:20:49.578,28.6,29.3,523,-32.9742,-38.6586,Backward,Pan Right
22:20:49.621,22.9,38.4,523,-32.8954,-38.6705,Backward,Pan Right
22:20:49.661,25.1,34.7,523,-33.1872,-39.6153,Backward,Pan Right
22:20:49.703,23.9,36.2,523,-32.8600,-40.1087,Backward,Pan Right
22:20:49.743,25.0,34.6,523,-32.9256,-39.6155,Backward,Pan Right
22:20:49.776,30.1,27.1,523,-33.1507,-38.6569,Backward,Pan Right
22:20:49.817,24.7,35.5,523,-32.8915,-38.7037,Backward,Pan Right
22:20:49.861,22.6,39.5,523,-33.2069,-38.6712,Backward,Pan Right
22:20:49.902,24.7,35.8,523,-33.6403,-38.7007,Backward,Pan Right
22:20:49.935,30.1,28.4,523,-34.1364,-38.8052,Backward,Pan Right
22:20:49.974,25.6,34.3,523,-34.5311,-39.0241,Backward,Pan Right
22:20:50.008,28.8,29.1,523,-34.7708,-38.7952,Backward,Pan Right
22:20:50.051,23.8,28.2,523,-34.4578,-38.8066,Backward,Pan Right
22:20:50.097,21.4,41.8,523,-35.3282,-39.0727,Backward,Pan Right
22:20:50.140,23.3,37.4,523,-35.8628,-39.1910,Backward,Pan Right
22:20:50.184,22.8,38.9,523,-36.0441,-39.1127,Backward,Pan Right
22:20:50.224,25.3,33.4,523,-35.7347,-38.7972,Backward,Pan Right
22:20:50.256,30.8,28.5,523,-35.4148,-38.7973,Backward,Pan Right
22:20:50.291,28.6,30.7,523,-34.6017,-38.2605,Backward,Pan Right
22:20:50.331,25.3,34.8,523,-34.2077,-38.4200,Backward,Pan Right
22:20:50.373,23.8,36.7,523,-34.0252,-37.4408,Forward,Tilt Up
22:20:50.417,22.7,38.9,523,-33.9047,-36.4482,Forward,Tilt Up
22:20:50.453,27.6,31.6,523,-33.5870,-36.4600,Forward,Tilt Up
22:20:50.485,30.8,28.6,523,-33.2335,-36.6615,Forward,Tilt Up
22:20:50.522,27.2,32.8,523,-33.3279,-36.0038,Forward,Tilt Up
22:20:50.565,23.2,37.9,522,-33.0405,-36.2012,Forward,Tilt Up
22:20:50.603,26.9,31.6,522,-32.8464,-36.5434,Forward,Tilt Up
22:20:50.638,28.1,30.7,522,-32.7755,-36.0807,Forward,Tilt Up
22:20:50.674,27.9,30.9,522,-32.7433,-36.7392,Forward,Tilt Up
22:20:50.710,27.8,31.3,522,-32.3428,-36.9262,Forward,Tilt Up
22:20:50.753,23.3,37.4,522,-31.9931,-37.1807,Forward,Tilt Up
22:20:50.789,27.5,32.3,520,-32.6294,-36.4218,Forward,Tilt Up
22:20:50.830,24.6,36.4,520,-33.4262,-36.7282,Forward,Tilt Up
22:20:50.875,22.0,36.5,519,-34.1265,-37.4019,Forward,Tilt Up
22:20:50.910,29.1,30.1,519,-34.3304,-37.4585,Forward,Tilt Up
22:20:50.947,26.6,32.7,519,-34.5240,-37.5012,Forward,Tilt Up
22:20:50.992,22.4,40.4,519,-34.6699,-37.5147,Forward,Tilt Up
22:20:51.041,20.3,44.3,519,-34.7659,-37.4847,Forward,Tilt Up
22:20:51.081,25.3,34.2,519,-34.9749,-37.2430,Forward,Tilt Up
22:20:51.119,26.2,32.8,519,-35.7504,-37.5183,Forward,Tilt Up
22:20:51.159,25.1,34.5,519,-36.0040,-37.4629,Forward,Tilt Up
22:20:51.190,31.4,26.8,519,-36.3197,-37.4753,Forward,Tilt Up
22:20:51.223,30.2,28.0,519,-36.3636,-37.9998,Forward,Tilt Up
22:20:51.264,24.9,35.1,519,-37.0306,-37.2720,Forward,Tilt Up
22:20:51.302,26.5,32.2,519,-36.9024,-36.9271,Forward,Tilt Up
22:20:51.337,28.1,30.7,519,-37.2256,-36.2012,Forward,Tilt Up
22:20:51.374,27.0,31.9,519,-37.5345,-35.9970,Forward,Counter-Clockwise
22:20:51.418,22.9,37.9,519,-38.1189,-36.1837,Forward,Counter-Clockwise
22:20:51.451,29.6,28.6,519,-37.5548,-35.9595,Forward,Counter-Clockwise
22:20:51.496,22.3,39.7,519,-36.9726,-35.6979,Forward,Counter-Clockwise
22:20:51.533,27.9,30.6,519,-36.4204,-34.8645,Forward,Counter-Clockwise
22:20:51.572,25.1,34.4,519,-37.0036,-35.0372,Forward,Counter-Clockwise
22:20:51.611,26.5,32.6,519,-36.4168,-34.7932,Forward,Counter-Clockwise
22:20:51.658,21.0,41.1,517,-35.9502,-34.6212,Forward,Counter-Clockwise
22:20:51.695,26.6,32.0,512,-36.5429,-35.4101,Forward,Counter-Clockwise
22:20:51.735,25.3,34.3,502,-37.0890,-35.7028,Forward,Counter-Clockwise
22:20:51.777,23.9,36.5,590,-37.5804,-35.9504,Forward,Counter-Clockwise
22:20:51.817,25.6,34.0,582,-37.1435,-35.7900,Forward,Counter-Clockwise
22:20:51.852,28.4,28.9,580,-37.8776,-36.0286,Forward,Counter-Clockwise
22:20:51.895,22.8,37.9,579,-37.3233,-35.7721,Forward,Counter-Clockwise
22:20:51.938,23.2,37.4,579,-37.9184,-36.1528,Forward,Counter-Clockwise
22:20:51.983,22.5,37.4,577,-38.5090,-36.4224,Forward,Counter-Clockwise
22:20:52.028,22.3,36.3,566,-39.1467,-36.6591,Forward,Counter-Clockwise
22:20:52.068,25.6,31.9,561,-39.9307,-36.9651,Forward,Counter-Clockwise
22:20:52.108,24.8,33.1,560,-38.9982,-36.6276,Forward,Counter-Clockwise
22:20:52.153,22.0,38.9,556,-38.2421,-36.2844,Forward,Counter-Clockwise
22:20:52.195,24.0,35.0,554,-37.7581,-36.1571,Forward,Counter-Clockwise
22:20:52.241,21.8,39.4,550,-37.0109,-35.7083,Forward,Counter-Clockwise
22:20:52.278,26.7,30.7,549,-36.3513,-35.2615,Forward,Counter-Clockwise
22:20:52.321,23.7,36.1,548,-36.9137,-35.8784,Forward,Counter-Clockwise
22:20:52.356,28.4,29.1,548,-36.6329,-35.6630,Forward,Counter-Clockwise
22:20:52.403,21.1,41.3,548,-36.4503,-35.5622,Forward,Stable
22:20:52.446,23.1,36.7,548,-36.5210,-35.5249,Forward,Stable
22:20:52.489,23.5,36.1,548,-35.9310,-34.9950,Forward,Stable
22:20:52.527,26.1,32.2,548,-35.3300,-34.6128,Forward,Stable
22:20:52.565,25.7,33.4,548,-34.7985,-34.0945,Forward,Stable
22:20:52.600,29.7,27.5,548,-35.3461,-34.5847,Forward,Stable
22:20:52.636,27.4,29.8,547,-34.7657,-34.1334,Forward,Stable
22:20:52.686,20.1,44.1,539,-34.9910,-33.2762,Forward,Stable
22:20:52.736,20.2,42.5,509,-34.1522,-33.8205,Forward,Stable
22:20:52.789,18.7,47.6,538,-33.1687,-33.9087,Forward,Stable
22:20:52.823,28.7,28.8,535,-33.4658,-34.3863,Forward,Stable
22:20:52.857,29.4,28.2,535,-32.9426,-33.8669,Forward,Stable
22:20:52.899,24.1,27.2,535,-32.7919,-33.1830,Forward,Stable
22:20:52.941,24.3,34.7,535,-31.9004,-33.2602,Forward,Stable
22:20:52.981,24.5,34.1,535,-32.6266,-33.3182,Forward,Stable
22:20:53.022,24.5,34.2,535,-32.1501,-33.7604,Forward,Stable
22:20:53.060,26.3,30.4,535,-32.4948,-33.8054,Forward,Stable
22:20:53.095,28.7,28.3,535,-31.6327,-33.9164,Forward,Stable
22:20:53.130,28.6,29.1,535,-31.0958,-33.4322,Forward,Stable
22:20:53.178,21.2,40.6,535,-31.0216,-32.4861,Forward,Stable
22:20:53.224,21.3,39.6,535,-31.7819,-32.6066,Forward,Stable
22:20:53.261,26.7,30.9,535,-31.1208,-32.4678,Forward,Stable
22:20:53.299,26.3,31.2,535,-31.9131,-32.2468,Forward,Stable
22:20:53.339,25.0,34.6,535,-32.7333,-31.9887,Forward,Stable
22:20:53.379,24.9,34.5,535,-33.2836,-31.8898,Forward,Stable
22:20:53.426,21.8,40.1,535,-33.9099,-31.8283,Forward,Tilt Down
22:20:53.467,24.0,34.3,535,-34.4224,-30.9702,Forward,Tilt Down
22:20:53.511,22.4,37.7,535,-34.8175,-31.4056,Forward,Tilt Down
22:20:53.554,23.4,36.8,535,-35.4813,-30.6638,Forward,Tilt Down
22:20:53.589,28.6,29.5,532,-35.6192,-29.9223,Forward,Tilt Down
22:20:53.630,24.3,34.8,530,-35.7861,-29.0476,Forward,Tilt Down
22:20:53.672,24.0,35.3,523,-35.4797,-28.7933,Forward,Tilt Down
22:20:53.720,20.9,42.9,513,-35.1150,-28.3238,Forward,Tilt Down
22:20:53.773,18.8,46.7,564,-34.7902,-27.8938,Forward,Tilt Down
22:20:53.823,19.9,44.8,551,-34.2998,-27.5278,Forward,Tilt Down
22:20:53.866,23.2,36.5,546,-34.9237,-28.2695,Forward,Tilt Down
22:20:53.908,24.1,35.9,543,-34.3964,-27.9860,Forward,Tilt Down
22:20:53.952,22.4,38.2,542,-33.8447,-27.7530,Forward,Tilt Down
22:20:53.993,24.2,35.8,540,-33.3348,-27.7137,Forward,Tilt Down
22:20:54.034,24.6,34.7,539,-32.7986,-27.5451,Forward,Tilt Down
22:20:54.075,24.1,37.2,539,-32.3742,-27.4513,Forward,Tilt Down
22:20:54.113,26.3,31.8,539,-31.9147,-27.3789,Forward,Tilt Down
22:20:54.154,24.3,35.3,539,-31.4269,-27.1870,Forward,Tilt Down
22:20:54.196,24.5,35.2,539,-31.0289,-27.0338,Forward,Tilt Down
22:20:54.239,22.9,37.6,539,-30.4915,-26.8531,Forward,Tilt Down
22:20:54.279,25.4,33.9,539,-30.1054,-26.6947,Forward,Tilt Down
22:20:54.315,27.0,32.0,539,-29.7536,-26.5020,Forward,Tilt Down
22:20:54.355,24.9,28.9,539,-29.4291,-26.2998,Forward,Tilt Down
22:20:54.400,22.5,39.9,539,-29.1934,-26.0318,Forward,Tilt Down
22:20:54.441,24.1,35.6,539,-28.7998,-25.9013,Backward,Tilt Up
22:20:54.474,30.5,27.7,539,-28.6739,-26.2113,Backward,Tilt Up
22:20:54.513,25.7,33.5,539,-28.2291,-25.9892,Backward,Tilt Up
22:20:54.555,24.0,36.5,539,-28.7345,-26.7585,Backward,Tilt Up
22:20:54.595,24.6,34.8,539,-29.0268,-27.2885,Backward,Tilt Up
22:20:54.633,26.2,33.0,539,-28.0374,-27.1884,Backward,Tilt Up
22:20:54.679,21.7,40.9,539,-27.0412,-27.1182,Backward,Tilt Up
22:20:54.715,27.9,30.5,539,-28.0384,-27.1898,Backward,Tilt Up
22:20:54.756,24.6,34.9,539,-27.0427,-27.1110,Backward,Tilt Up
22:20:54.797,24.5,36.0,539,-28.0260,-27.1574,Backward,Tilt Up
22:20:54.839,23.8,36.9,539,-29.0199,-27.0490,Backward,Tilt Up
22:20:54.886,21.6,41.4,539,-28.0288,-26.9527,Backward,Tilt Up
22:20:54.928,23.6,37.6,539,-29.0070,-26.9626,Backward,Tilt Up
22:20:54.972,23.4,38.3,539,-28.2437,-26.5971,Backward,Tilt Up
22:20:55.011,24.4,33.5,539,-27.2528,-26.4932,Backward,Tilt Up
22:20:55.054,23.4,37.7,539,-26.2614,-26.3906,Backward,Tilt Up
22:20:55.089,28.7,29.8,539,-27.2477,-26.5410,Backward,Tilt Up
22:20:55.131,23.6,36.1,539,-28.2372,-26.6563,Backward,Tilt Up
22:20:55.169,26.2,32.0,539,-27.2494,-26.5143,Backward,Tilt Up
22:20:55.203,29.8,28.4,539,-26.2532,-26.4433,Backward,Tilt Up
22:20:55.236,30.2,27.5,539,-25.2676,-26.3862,Backward,Tilt Up
22:20:55.276,24.7,34.4,539,-26.2449,-26.4527,Backward,Tilt Up
22:20:55.323,21.5,40.3,539,-25.2588,-26.3505,Backward,Tilt Up
22:20:55.365,23.7,36.2,539,-26.2504,-26.2636,Backward,Tilt Up
22:20:55.403,26.5,32.7,539,-25.2674,-26.1683,Backward,Tilt Up
22:20:55.442,25.5,33.6,539,-24.2869,-26.1125,Forward,Counter-Clockwise
22:20:55.478,27.9,30.9,539,-25.2583,-25.9426,Forward,Counter-Clockwise
22:20:55.513,28.8,29.5,539,-24.2822,-25.8459,Forward,Counter-Clockwise
22:20:55.557,22.7,39.1,539,-23.2925,-25.7584,Forward,Counter-Clockwise
22:20:55.600,23.2,38.0,539,-22.3366,-25.6380,Forward,Counter-Clockwise
22:20:55.640,24.6,34.9,539,-22.4257,-24.8693,Forward,Counter-Clockwise
22:20:55.677,27.3,31.3,539,-21.5541,-24.8387,Forward,Counter-Clockwise
22:20:55.709,31.3,26.1,539,-22.4926,-24.9798,Forward,Counter-Clockwise
22:20:55.749,25.1,34.3,539,-22.0352,-25.8647,Forward,Counter-Clockwise
22:20:55.792,24.1,35.6,539,-21.3416,-25.7469,Forward,Counter-Clockwise
22:20:55.833,23.9,36.0,539,-21.8475,-25.7693,Forward,Counter-Clockwise
22:20:55.872,25.2,33.6,539,-21.1405,-25.6600,Forward,Counter-Clockwise
22:20:55.907,28.7,29.5,539,-21.8291,-25.7818,Forward,Counter-Clockwise
22:20:55.940,30.5,27.5,539,-22.5320,-25.9198,Forward,Counter-Clockwise
22:20:55.990,20.3,43.5,538,-23.1202,-26.0738,Forward,Counter-Clockwise
22:20:56.037,21.1,41.0,532,-23.6899,-26.3146,Forward,Counter-Clockwise
22:20:56.076,25.4,32.9,526,-23.3892,-25.9330,Forward,Counter-Clockwise
22:20:56.111,28.1,29.7,522,-24.0645,-26.2110,Forward,Counter-Clockwise
22:20:56.146,28.7,29.4,518,-24.7785,-26.3616,Forward,Counter-Clockwise
22:20:56.184,26.8,32.1,517,-25.5281,-26.5190,Forward,Counter-Clockwise
22:20:56.231,21.1,41.3,517,-26.2801,-26.6833,Forward,Counter-Clockwise
22:20:56.271,24.7,35.4,516,-25.5128,-26.6254,Forward,Counter-Clockwise
22:20:56.307,28.3,29.1,513,-25.5651,-26.8284,Forward,Counter-Clockwise
22:20:56.341,29.5,28.8,513,-26.4362,-26.9344,Forward,Counter-Clockwise
22:20:56.383,23.5,36.2,512,-25.6738,-26.8546,Forward,Counter-Clockwise
22:20:56.424,24.7,35.0,512,-24.9098,-26.8030,Forward,Counter-Clockwise
22:20:56.462,26.5,32.0,512,-24.0525,-26.9507,Forward,Pan Right
22:20:56.500,26.2,32.6,512,-24.9335,-26.9503,Forward,Pan Right
22:20:56.537,26.4,32.2,512,-25.7915,-27.0680,Forward,Pan Right
22:20:56.572,28.6,29.5,512,-26.6873,-27.1389,Forward,Pan Right
22:20:56.607,28.8,29.3,512,-27.5929,-27.2497,Forward,Pan Right
22:20:56.650,23.0,38.2,511,-28.3857,-27.1381,Forward,Pan Right
22:20:56.691,24.6,35.1,511,-29.2234,-27.6722,Forward,Pan Right
22:20:56.729,26.4,32.7,511,-28.3648,-27.4407,Forward,Pan Right
22:20:56.769,24.9,34.7,511,-27.5956,-27.0751,Forward,Pan Right
22:20:56.805,28.1,30.3,511,-26.6517,-26.9669,Forward,Pan Right
22:20:56.842,26.6,32.6,509,-26.2997,-27.5914,Forward,Pan Right
22:20:56.884,24.0,36.1,502,-27.2860,-27.4610,Forward,Pan Right
22:20:56.925,24.7,34.9,617,-27.4924,-26.8536,Forward,Pan Right
22:20:56.962,27.3,30.9,613,-27.6396,-26.5631,Forward,Pan Right
22:20:57.002,24.6,35.3,609,-26.6521,-26.4449,Forward,Pan Right
22:20:57.044,24.2,35.5,609,-26.2545,-26.1713,Forward,Pan Right
22:20:57.081,26.4,32.2,606,-26.9809,-26.4890,Forward,Pan Right
22:20:57.117,28.3,29.1,606,-27.2633,-26.0045,Forward,Pan Right
22:20:57.163,22.1,39.3,605,-28.2262,-26.1037,Forward,Pan Right
22:20:57.200,26.3,31.8,605,-27.2381,-26.0791,Forward,Pan Right
22:20:57.239,25.9,32.7,605,-26.3938,-25.8853,Forward,Pan Right
22:20:57.276,27.2,30.7,605,-26.5988,-25.5531,Forward,Pan Right
22:20:57.321,22.3,37.7,605,-25.6965,-25.2340,Forward,Pan Right
22:20:57.360,25.6,33.2,605,-24.9162,-24.9921,Forward,Pan Right
22:20:57.402,23.7,35.9,605,-25.6176,-25.4400,Forward,Pan Right
22:20:57.444,24.2,35.0,605,-24.8873,-25.0227,Forward,Pan Right
22:20:57.481,26.4,30.0,605,-25.4440,-24.4564,Forward,Pan Left
22:20:57.522,24.5,34.7,605,-26.0548,-24.9531,Forward,Pan Left
22:20:57.560,26.2,32.5,605,-26.7310,-25.3686,Forward,Pan Left
22:20:57.600,25.4,32.9,605,-27.5824,-25.5493,Forward,Pan Left
22:20:57.641,24.3,34.5,605,-28.3006,-26.0134,Forward,Pan Left
22:20:57.675,29.4,27.3,604,-27.4297,-25.7014,Forward,Pan Left
22:20:57.714,25.8,32.3,604,-28.2098,-25.7329,Forward,Pan Left
22:20:57.757,23.1,37.3,604,-27.4405,-25.8715,Forward,Pan Left
22:20:57.805,21.3,41.0,604,-26.4706,-26.0461,Forward,Pan Left
22:20:57.848,22.5,36.9,604,-27.3484,-26.0656,Forward,Pan Left
22:20:57.887,25.6,33.3,603,-28.1561,-25.6674,Forward,Pan Left
22:20:57.927,26.1,31.8,603,-29.0274,-25.4216,Forward,Pan Left
22:20:57.968,23.9,33.7,603,-29.5274,-24.6378,Forward,Pan Left
22:20:58.016,20.8,41.6,603,-30.0972,-25.0441,Forward,Pan Left
22:20:58.064,21.0,41.0,603,-31.0946,-25.0851,Forward,Pan Left
22:20:58.101,26.8,30.6,603,-32.0658,-25.1737,Forward,Pan Left
22:20:58.137,27.0,31.2,603,-32.9323,-25.5021,Forward,Pan Left
22:20:58.173,28.4,29.7,603,-32.5735,-24.7213,Forward,Pan Left
22:20:58.216,23.0,37.3,603,-32.2174,-23.7909,Forward,Pan Left
22:20:58.261,22.5,38.7,603,-32.8728,-23.2859,Forward,Pan Left
22:20:58.307,21.8,40.9,603,-33.8403,-23.3143,Forward,Pan Left
22:20:58.347,24.9,33.4,603,-34.8402,-23.3239,Forward,Pan Left
22:20:58.390,23.1,30.9,603,-34.2156,-22.9767,Forward,Pan Left
22:20:58.424,29.3,28.7,603,-34.4333,-22.4685,Forward,Pan Left
22:20:58.471,21.2,40.7,603,-34.3757,-21.7895,Forward,Pan Left
22:20:58.520,21.1,41.7,603,-35.2416,-21.7567,Forward,Tilt Down
22:20:58.560,24.4,33.5,603,-35.8694,-22.4978,Forward,Tilt Down
22:20:58.595,28.8,28.9,602,-36.0317,-23.4123,Forward,Tilt Down
22:20:58.631,28.0,29.5,602,-36.3188,-24.3502,Forward,Tilt Down
22:20:58.666,27.8,29.3,602,-36.4528,-25.3074,Forward,Tilt Down
22:20:58.709,23.4,36.3,599,-36.3932,-25.4422,Forward,Tilt Down
22:20:58.751,23.8,35.5,594,-35.9327,-24.5904,Forward,Tilt Down
22:20:58.796,22.7,37.5,594,-35.2598,-24.7617,Forward,Tilt Down
22:20:58.839,23.1,36.9,594,-34.8678,-24.9397,Forward,Tilt Down
22:20:58.878,26.1,31.7,594,-34.8615,-25.8897,Forward,Tilt Down
22:20:58.921,22.7,37.2,594,-34.0102,-26.2880,Forward,Tilt Down
22:20:58.959,26.5,31.1,594,-34.0057,-27.2805,Forward,Tilt Down
22:20:59.008,20.4,40.3,594,-34.1987,-28.2571,Forward,Tilt Down
22:20:59.045,27.0,30.7,594,-34.6516,-29.0958,Forward,Tilt Down
22:20:59.080,28.5,28.5,592,-34.4323,-28.4304,Forward,Tilt Down
22:20:59.123,23.4,36.2,592,-34.0395,-28.9464,Forward,Tilt Down
22:20:59.167,22.7,36.9,592,-33.1433,-29.1127,Forward,Tilt Down
22:20:59.210,23.3,36.3,592,-32.4101,-29.4859,Forward,Tilt Down
22:20:59.248,26.1,32.1,591,-31.4882,-29.6095,Forward,Tilt Down
22:20:59.292,22.8,37.6,591,-31.7865,-29.4566,Forward,Tilt Down
22:20:59.338,22.4,38.5,591,-31.6295,-29.1472,Forward,Tilt Down
22:20:59.382,22.2,38.7,590,-31.2025,-28.7176,Forward,Tilt Down
22:20:59.423,24.6,33.4,590,-32.0054,-28.7470,Forward,Tilt Down
22:20:59.467,22.4,38.0,590,-31.3611,-28.7983,Forward,Tilt Down
22:20:59.511,23.2,36.2,590,-32.2479,-28.6252,Forward,Tilt Down
22:20:59.547,27.0,29.4,589,-33.0338,-28.6042,Right,Tilt Down
22:20:59.593,22.2,37.9,589,-32.4693,-28.5687,Right,Tilt Down
22:20:59.630,26.1,32.0,586,-31.5144,-28.8007,Right,Tilt Down
22:20:59.671,24.6,34.5,583,-32.4590,-28.5568,Right,Tilt Down
22:20:59.715,22.9,37.1,578,-33.3941,-28.2759,Right,Tilt Down
22:20:59.762,20.9,41.2,567,-32.5621,-28.2287,Right,Tilt Down
22:20:59.805,23.2,37.2,543,-31.9130,-28.1044,Right,Tilt Down
22:20:59.856,19.8,40.3,519,-30.9339,-28.1364,Right,Tilt Down
22:20:59.901,22.2,39.8,515,-31.7397,-27.9844,Right,Tilt Down
22:20:59.944,23.1,36.8,515,-31.9802,-28.1182,Right,Tilt Down
22:20:59.986,23.9,35.9,514,-31.4458,-28.1051,Right,Tilt Down
22:21:00.029,22.9,37.6,514,-32.3270,-27.8343,Right,Tilt Down
22:21:00.072,23.4,36.0,514,-32.7347,-28.5069,Right,Tilt Down
22:21:00.119,21.2,41.1,514,-32.3724,-28.4165,Right,Tilt Down
22:21:00.164,22.8,38.5,513,-33.2302,-28.2710,Right,Tilt Down
22:21:00.200,27.2,30.2,512,-33.8341,-28.2491,Right,Tilt Down
22:21:00.240,25.0,34.3,512,-34.6590,-28.2912,Right,Tilt Down
22:21:00.282,24.0,36.3,512,-35.5669,-28.1844,Right,Tilt Down
22:21:00.325,23.4,36.3,512,-36.4046,-28.3146,Right,Tilt Down
22:21:00.367,23.6,36.8,511,-37.0221,-28.1250,Right,Tilt Down
22:21:00.411,22.7,38.1,511,-36.2830,-27.6687,Right,Tilt Down
22:21:00.451,24.9,34.0,509,-35.5379,-27.8371,Right,Tilt Down
22:21:00.492,24.2,35.6,509,-34.6129,-28.0947,Right,Tilt Down
22:21:00.535,23.3,37.5,509,-35.3126,-27.9339,Right,Tilt Down
22:21:00.577,23.6,36.6,509,-34.7418,-28.7214,Right,Clockwise
22:21:00.617,25.1,34.1,509,-35.4806,-28.3373,Right,Clockwise
22:21:00.651,29.4,27.8,508,-34.7353,-28.6389,Right,Clockwise
22:21:00.692,24.8,35.1,508,-34.7035,-29.1332,Right,Clockwise
22:21:00.732,25.0,34.4,508,-35.4008,-28.8408,Right,Clockwise
22:21:00.774,23.8,36.2,508,-35.3192,-29.6124,Right,Clockwise
22:21:00.814,24.6,35.2,508,-36.0285,-29.8700,Right,Clockwise
22:21:00.853,26.2,32.4,508,-35.2368,-29.6393,Right,Clockwise
22:21:00.886,29.9,27.3,508,-35.9152,-29.8809,Right,Clockwise
22:21:00.923,27.8,30.6,508,-36.6409,-30.0787,Right,Clockwise
22:21:00.967,22.2,38.5,508,-37.3440,-30.3296,Right,Clockwise
22:21:01.000,30.8,27.2,508,-36.4165,-30.2541,Right,Clockwise
22:21:01.034,28.7,28.8,508,-37.0652,-30.4119,Right,Clockwise
22:21:01.076,24.2,35.6,508,-37.8036,-30.6368,Right,Clockwise
22:21:01.113,26.7,30.9,508,-38.5318,-30.0986,Right,Clockwise
22:21:01.151,26.5,32.6,508,-39.3623,-30.2215,Right,Clockwise
22:21:01.194,23.0,37.7,508,-38.7855,-29.6182,Right,Clockwise
22:21:01.234,25.0,34.1,508,-39.1496,-28.7313,Right,Clockwise
22:21:01.274,25.4,33.7,508,-38.3923,-28.4384,Right,Clockwise
22:21:01.314,24.7,34.4,508,-37.5886,-28.1738,Right,Clockwise
22:21:01.354,25.4,33.4,508,-38.2965,-28.6677,Right,Clockwise
22:21:01.397,23.2,37.9,508,-38.7310,-29.5681,Right,Clockwise
22:21:01.435,25.9,33.5,508,-39.4252,-29.4460,Right,Clockwise
22:21:01.485,20.6,42.9,507,-40.0855,-30.1911,Right,Clockwise
22:21:01.531,21.4,40.3,506,-40.3679,-31.1086,Right,Clockwise
22:21:01.571,25.1,34.2,505,-41.1657,-31.6401,Right,Clockwise
22:21:01.614,23.1,38.2,504,-41.3515,-32.5895,Backward,Counter-Clockwise
22:21:01.659,22.0,39.9,502,-40.3571,-32.5450,Backward,Counter-Clockwise
22:21:01.704,22.6,38.0,579,-40.9868,-33.3207,Backward,Counter-Clockwise
22:21:01.745,24.1,36.3,576,-41.9101,-33.6992,Backward,Counter-Clockwise
22:21:01.786,24.5,34.7,567,-41.0305,-33.2243,Backward,Counter-Clockwise
22:21:01.824,26.1,32.5,552,-40.0362,-33.3196,Backward,Counter-Clockwise
22:21:01.869,22.3,39.2,540,-39.6828,-33.5448,Backward,Counter-Clockwise
22:21:01.910,24.9,34.1,537,-40.6761,-33.6179,Backward,Counter-Clockwise
22:21:01.952,23.8,35.3,536,-40.4821,-32.7383,Backward,Counter-Clockwise
22:21:01.989,26.8,31.0,532,-39.5318,-32.4869,Backward,Counter-Clockwise
22:21:02.024,27.7,30.0,532,-40.4688,-32.3153,Backward,Counter-Clockwise
22:21:02.065,24.6,35.5,532,-39.8123,-31.5672,Backward,Counter-Clockwise
22:21:02.112,21.5,41.5,532,-40.7194,-31.3499,Backward,Counter-Clockwise
22:21:02.157,22.5,37.8,532,-41.2107,-31.7300,Backward,Counter-Clockwise
22:21:02.191,29.3,27.4,532,-40.9125,-30.8558,Backward,Counter-Clockwise
22:21:02.225,28.8,28.9,532,-40.1553,-30.2256,Backward,Counter-Clockwise
22:21:02.258,31.2,27.0,532,-40.8401,-30.9246,Backward,Counter-Clockwise
22:21:02.292,28.8,28.7,532,-41.1903,-30.1961,Backward,Counter-Clockwise
22:21:02.339,21.3,41.1,532,-41.8590,-30.3179,Backward,Counter-Clockwise
22:21:02.382,23.9,36.0,532,-41.3975,-29.8167,Backward,Counter-Clockwise
22:21:02.420,25.7,32.2,532,-40.8877,-29.4317,Backward,Counter-Clockwise
22:21:02.457,26.9,31.3,532,-41.4821,-30.0283,Backward,Counter-Clockwise
22:21:02.490,30.4,27.1,532,-40.8531,-29.3977,Backward,Counter-Clockwise
22:21:02.528,26.7,31.8,532,-40.2906,-28.7326,Backward,Counter-Clockwise
22:21:02.575,20.9,41.2,532,-39.9363,-29.4769,Backward,Counter-Clockwise
22:21:02.612,27.0,31.2,532,-39.6600,-30.1272,Backward,Counter-Clockwise
22:21:02.650,26.5,32.6,523,-39.8315,-29.5911,Up,Tilt Up
22:21:02.694,22.7,37.9,562,-40.1000,-28.9903,Up,Tilt Up
22:21:02.733,25.9,32.6,541,-40.6849,-29.2112,Up,Tilt Up
22:21:02.778,21.9,40.1,540,-39.9769,-28.9537,Up,Tilt Up
22:21:02.825,21.2,41.7,539,-39.7627,-28.1957,Up,Tilt Up
22:21:02.864,25.5,33.8,537,-39.1570,-27.6433,Up,Tilt Up
22:21:02.903,26.2,32.8,537,-39.7495,-28.1288,Up,Tilt Up
22:21:02.938,28.4,29.8,536,-39.6162,-28.6793,Up,Tilt Up
22:21:02.974,27.5,30.7,535,-39.2194,-28.3938,Up,Tilt Up
22:21:03.020,21.9,39.6,535,-39.7914,-27.9869,Up,Tilt Up
22:21:03.061,24.2,36.2,535,-39.4899,-28.4724,Up,Tilt Up
22:21:03.098,26.9,31.7,535,-39.7978,-28.9228,Up,Tilt Up
22:21:03.134,27.9,30.4,535,-39.8311,-29.7150,Up,Tilt Up
22:21:03.170,27.6,30.6,535,-40.7297,-29.7009,Up,Tilt Up
22:21:03.205,28.5,29.9,535,-41.3878,-28.9516,Up,Tilt Up
22:21:03.244,26.2,32.4,535,-42.2102,-29.0055,Up,Tilt Up
22:21:03.285,24.2,36.2,535,-41.8359,-29.7886,Up,Tilt Up
22:21:03.328,23.2,37.8,535,-40.8872,-29.7762,Up,Tilt Up
22:21:03.362,29.1,29.1,535,-39.9816,-29.7719,Up,Tilt Up
22:21:03.398,27.9,30.8,535,-39.3024,-29.4251,Up,Tilt Up
22:21:03.438,25.1,34.4,535,-38.4822,-28.9043,Up,Tilt Up
22:21:03.478,25.1,34.1,535,-37.6719,-29.2631,Up,Tilt Up
22:21:03.519,24.5,35.6,535,-37.8207,-29.9547,Up,Tilt Up
22:21:03.560,24.2,36.2,535,-38.0316,-30.8762,Up,Tilt Up
22:21:03.598,26.2,31.9,535,-37.1940,-31.0172,Up,Tilt Up
22:21:03.632,29.4,28.9,535,-36.3582,-30.8006,Up,Tilt Up
22:21:03.667,29.0,29.1,535,-35.9233,-30.0202,Right,Clockwise
22:21:03.711,22.9,37.3,535,-35.0834,-29.7771,Right,Clockwise
22:21:03.748,26.6,31.5,534,-35.0244,-29.0002,Right,Clockwise
22:21:03.792,22.8,37.6,534,-35.0338,-28.3735,Right,Clockwise
22:21:03.827,28.3,29.8,534,-35.0700,-27.6859,Right,Clockwise
22:21:03.871,23.0,37.7,534,-34.9844,-27.0220,Right,Clockwise
22:21:03.911,25.2,33.1,534,-35.0504,-27.6755,Right,Clockwise
22:21:03.953,23.3,37.3,534,-34.8581,-26.9579,Right,Clockwise
22:21:03.989,28.2,30.2,534,-34.9138,-26.2203,Right,Clockwise
22:21:04.032,23.4,37.2,534,-34.9429,-25.8251,Right,Clockwise
22:21:04.068,27.2,30.7,534,-35.0545,-25.5274,Right,Clockwise
22:21:04.109,24.8,35.8,534,-35.2234,-24.6512,Right,Clockwise
22:21:04.148,25.6,28.6,534,-34.7430,-23.7799,Right,Clockwise
22:21:04.191,22.8,38.2,534,-35.2110,-23.3082,Right,Clockwise
22:21:04.232,24.4,35.4,534,-35.2624,-24.1130,Right,Clockwise
22:21:04.270,26.4,32.1,534,-35.5111,-23.8109,Right,Clockwise
22:21:04.305,29.2,29.1,534,-35.8268,-24.1124,Right,Clockwise
22:21:04.345,24.7,35.2,534,-36.2120,-23.5891,Right,Clockwise
22:21:04.384,25.4,33.5,534,-35.3216,-23.4707,Right,Clockwise
22:21:04.432,21.1,42.1,534,-36.0985,-23.9175,Right,Clockwise
22:21:04.476,22.5,38.8,534,-35.1992,-23.7182,Right,Clockwise
22:21:04.518,24.2,35.6,534,-35.9413,-23.9291,Right,Clockwise
22:21:04.558,24.7,34.7,534,-35.8245,-24.8676,Right,Clockwise
22:21:04.598,25.2,33.3,534,-34.8715,-24.8090,Right,Clockwise
22:21:04.644,21.4,41.3,534,-35.8170,-24.9541,Right,Clockwise
22:21:04.691,21.4,41.4,534,-36.7561,-25.2012,Forward,Pan Left
22:21:04.735,22.9,38.0,534,-37.7120,-25.4824,Forward,Pan Left
22:21:04.777,23.4,36.7,534,-37.9656,-24.6234,Forward,Pan Left
22:21:04.817,25.5,33.6,534,-37.7978,-25.0856,Forward,Pan Left
22:21:04.865,20.8,41.4,534,-37.6568,-25.4530,Forward,Pan Left
22:21:04.902,26.5,32.2,534,-36.9649,-25.4493,Forward,Pan Left
22:21:04.943,24.5,34.5,534,-36.4104,-25.3584,Forward,Pan Left
22:21:04.985,23.9,37.0,534,-36.8960,-25.6159,Forward,Pan Left
22:21:05.028,23.4,36.9,534,-36.4801,-25.1665,Forward,Pan Left
22:21:05.074,21.5,40.9,534,-36.3523,-24.4786,Forward,Pan Left
22:21:05.118,22.9,37.7,534,-36.8030,-25.0517,Forward,Pan Left
22:21:05.161,23.3,37.4,533,-36.4997,-24.4103,Forward,Pan Left
22:21:05.198,27.3,30.8,532,-36.8174,-24.9386,Forward,Pan Left
22:21:05.240,23.5,36.8,524,-36.3987,-24.3928,Forward,Pan Left
22:21:05.282,23.8,36.3,519,-36.4459,-24.8416,Forward,Pan Left
22:21:05.324,23.7,36.6,519,-36.2515,-24.2712,Forward,Pan Left
22:21:05.362,26.7,31.9,519,-35.7390,-23.6771,Forward,Pan Left
22:21:05.402,24.7,34.3,519,-36.0789,-24.2521,Forward,Pan Left
22:21:05.437,28.9,30.2,517,-36.4191,-23.9161,Forward,Pan Left
22:21:05.476,26.0,33.2,517,-36.1321,-24.8737,Forward,Pan Left
22:21:05.520,22.2,38.4,517,-36.0494,-23.9346,Forward,Pan Left
22:21:05.561,24.2,36.0,517,-36.8057,-24.5687,Forward,Pan Left
22:21:05.598,27.6,30.8,517,-36.7992,-24.7115,Forward,Pan Left
22:21:05.635,26.7,31.7,517,-37.3095,-25.5327,Forward,Pan Left
22:21:05.667,31.2,26.9,517,-37.9776,-24.9444,Forward,Pan Left
22:21:05.707,25.1,33.8,517,-37.3396,-24.3313,Forward,Counter-Clockwise
22:21:05.750,23.5,37.3,516,-37.9909,-24.8538,Forward,Counter-Clockwise
22:21:05.794,22.6,38.2,516,-37.5821,-23.9637,Forward,Counter-Clockwise
22:21:05.837,23.0,36.7,513,-36.9720,-23.2932,Forward,Counter-Clockwise
22:21:05.877,24.9,34.1,508,-36.2207,-22.7493,Forward,Counter-Clockwise
22:21:05.919,24.5,34.5,508,-35.7293,-21.8787,Forward,Counter-Clockwise
22:21:05.958,25.0,33.6,508,-35.2025,-22.7268,Forward,Counter-Clockwise
22:21:05.999,24.7,35.4,508,-35.5894,-23.5169,Forward,Counter-Clockwise
22:21:06.041,23.6,36.5,508,-35.7773,-23.6712,Forward,Counter-Clockwise
22:21:06.081,25.1,34.6,508,-35.5339,-23.8346,Forward,Counter-Clockwise
22:21:06.117,27.5,30.4,507,-35.7613,-24.3276,Forward,Counter-Clockwise
22:21:06.158,24.8,34.5,507,-36.0031,-24.7704,Forward,Counter-Clockwise
22:21:06.201,23.2,37.7,507,-36.3406,-25.3026,Forward,Counter-Clockwise
22:21:06.241,25.4,33.6,507,-36.9544,-24.5774,Forward,Counter-Clockwise
22:21:06.285,22.3,38.3,507,-36.7428,-25.2473,Forward,Counter-Clockwise
22:21:06.324,25.7,33.2,504,-36.1128,-25.4779,Forward,Counter-Clockwise
22:21:06.367,23.6,36.9,538,-35.3698,-25.9314,Forward,Counter-Clockwise
22:21:06.404,26.6,32.2,536,-35.4685,-25.2906,Forward,Counter-Clockwise
22:21:06.445,24.4,35.0,535,-35.5173,-25.2161,Forward,Counter-Clockwise
22:21:06.496,19.7,41.1,522,-35.7619,-24.3065,Forward,Counter-Clockwise
22:21:06.538,24.2,35.1,511,-36.1085,-24.0296,Forward,Counter-Clockwise
22:21:06.581,23.3,37.0,504,-36.2698,-23.4490,Forward,Counter-Clockwise
22:21:06.616,28.2,28.2,501,-36.4203,-22.7280,Forward,Counter-Clockwise
22:21:06.663,21.1,41.5,543,-36.1722,-22.5852,Forward,Counter-Clockwise
22:21:06.706,23.0,38.3,543,-35.8870,-23.2240,Forward,Counter-Clockwise
22:21:06.739,30.3,27.8,543,-35.6160,-23.7180,Right,Tilt Up
22:21:06.779,25.4,34.0,543,-35.8531,-23.2141,Right,Tilt Up
22:21:06.812,29.9,27.1,542,-35.6954,-23.6774,Right,Tilt Up
22:21:06.846,29.7,28.2,542,-34.8610,-23.6622,Right,Tilt Up
22:21:06.885,25.5,33.8,542,-34.7632,-22.8578,Right,Tilt Up
22:21:06.926,24.1,36.8,542,-34.8385,-23.5375,Right,Tilt Up
22:21:06.968,24.0,36.0,542,-34.3984,-22.7656,Right,Tilt Up
22:21:07.007,25.9,33.5,542,-34.2765,-22.3191,Right,Tilt Up
22:21:07.042,28.2,30.3,542,-33.2960,-22.2063,Right,Tilt Up
22:21:07.081,25.4,33.4,542,-32.6384,-21.5055,Right,Tilt Up
22:21:07.126,23.7,36.8,542,-31.9778,-21.5323,Right,Tilt Up
22:21:07.168,22.6,36.3,542,-31.3378,-21.6210,Right,Tilt Up
22:21:07.207,25.3,34.0,542,-32.0504,-21.4468,Right,Tilt Up
22:21:07.248,25.0,33.8,542,-32.1165,-22.4442,Right,Tilt Up
22:21:07.286,25.9,32.2,542,-32.5729,-23.2437,Right,Tilt Up
22:21:07.320,29.3,28.6,541,-33.1333,-24.0051,Right,Tilt Up
22:21:07.369,20.3,34.6,541,-32.5104,-24.6789,Right,Tilt Up
22:21:07.413,22.6,38.8,541,-31.7210,-24.8839,Right,Tilt Up
22:21:07.453,25.2,34.3,541,-31.0052,-24.7831,Right,Tilt Up
22:21:07.492,25.6,33.1,540,-30.9039,-25.7691,Right,Tilt Up
22:21:07.532,24.9,34.1,540,-31.5020,-25.7006,Right,Tilt Up
22:21:07.569,27.2,30.9,534,-31.1588,-26.4584,Right,Tilt Up
22:21:07.612,23.3,37.7,532,-30.5972,-26.5132,Right,Tilt Up
22:21:07.651,25.5,33.6,532,-30.0444,-26.5650,Right,Tilt Up
22:21:07.689,26.2,32.3,532,-29.5361,-26.5194,Right,Tilt Up
22:21:07.726,27.4,31.3,530,-29.8513,-27.4348,Right,Tilt Up
22:21:07.766,25.2,34.4,529,-30.0956,-28.4045,Right,Clockwise
22:21:07.807,24.8,34.0,528,-29.5192,-28.7083,Right,Clockwise
22:21:07.846,25.6,32.4,528,-29.5562,-27.7184,Right,Clockwise
22:21:07.892,21.5,40.2,528,-28.6761,-28.1773,Right,Clockwise
22:21:07.932,25.1,33.5,528,-28.1413,-28.1533,Right,Clockwise
22:21:07.973,24.1,35.0,528,-27.4955,-27.8001,Right,Clockwise
22:21:08.013,25.5,33.3,528,-26.5438,-27.6659,Right,Clockwise
22:21:08.056,23.2,36.9,528,-25.6106,-27.8039,Right,Clockwise
22:21:08.096,24.8,34.3,528,-25.3361,-28.4531,Right,Clockwise
22:21:08.130,29.3,28.0,528,-24.4322,-28.4518,Right,Clockwise
22:21:08.164,30.1,27.1,528,-23.4924,-28.4876,Right,Clockwise
22:21:08.199,27.4,29.6,528,-22.5988,-28.7034,Right,Clockwise
22:21:08.245,21.8,30.2,521,-21.6117,-28.6022,Right,Clockwise
22:21:08.287,24.0,35.9,514,-20.6629,-28.7450,Right,Clockwise
22:21:08.335,20.9,41.8,504,-19.7533,-28.9184,Right,Clockwise
22:21:08.381,21.5,41.2,495,-18.7633,-28.9686,Right,Clockwise
22:21:08.436,19.0,47.0,516,-17.8077,-29.1270,Right,Clockwise
22:21:08.502,14.8,60.0,492,-16.9561,-29.5808,Right,Clockwise
22:21:08.557,18.2,49.9,503,-17.7186,-28.9714,Right,Clockwise
22:21:08.606,20.3,43.5,517,-17.4643,-28.0137,Right,Clockwise
22:21:08.649,23.4,37.0,522,-16.4973,-28.0177,Right,Clockwise
22:21:08.682,29.5,28.8,521,-16.7835,-27.7068,Right,Clockwise
22:21:08.726,22.9,38.3,521,-15.9025,-27.9386,Right,Clockwise
22:21:08.770,23.0,38.3,520,-16.6868,-27.8048,Backward,Counter-Clockwise
22:21:08.810,24.6,34.7,519,-15.7864,-28.0812,Backward,Counter-Clockwise
22:21:08.851,24.4,34.6,519,-16.5046,-27.5513,Backward,Counter-Clockwise
22:21:08.892,24.6,35.5,517,-16.6272,-28.2317,Backward,Counter-Clockwise
22:21:08.932,25.3,33.8,517,-15.7980,-28.6469,Backward,Counter-Clockwise
22:21:08.970,26.8,31.5,516,-16.6240,-28.2497,Backward,Counter-Clockwise
22:21:09.011,24.1,35.9,516,-17.4104,-27.7693,Backward,Counter-Clockwise
22:21:09.048,26.5,31.7,516,-18.0006,-28.4717,Backward,Counter-Clockwise
22:21:09.092,22.5,29.5,515,-18.6005,-29.1362,Backward,Counter-Clockwise
22:21:09.130,26.3,33.2,515,-18.2507,-28.3823,Backward,Counter-Clockwise
22:21:09.167,27.3,31.5,515,-19.0930,-27.9552,Backward,Counter-Clockwise
22:21:09.200,30.5,27.6,515,-18.1094,-28.0827,Backward,Counter-Clockwise
22:21:09.244,22.8,38.9,514,-17.1485,-28.3428,Backward,Counter-Clockwise
22:21:09.284,24.9,35.1,514,-18.1134,-28.0805,Backward,Counter-Clockwise
22:21:09.325,24.3,35.4,514,-19.0795,-27.8243,Backward,Counter-Clockwise
22:21:09.362,27.0,32.2,514,-18.8317,-28.5224,Backward,Counter-Clockwise
22:21:09.404,23.5,36.9,514,-17.8831,-28.2208,Backward,Counter-Clockwise
22:21:09.444,25.3,35.5,514,-17.0201,-27.7440,Backward,Counter-Clockwise
22:21:09.484,24.7,36.2,514,-17.6409,-26.9730,Backward,Counter-Clockwise
22:21:09.528,23.2,38.1,514,-18.0004,-26.3758,Backward,Counter-Clockwise
22:21:09.570,23.6,38.3,514,-18.1304,-25.6042,Backward,Counter-Clockwise
22:21:09.609,25.7,33.8,514,-18.5001,-26.5330,Backward,Counter-Clockwise
22:21:09.653,22.9,39.0,513,-17.9269,-26.0463,Backward,Counter-Clockwise
22:21:09.696,23.2,37.2,513,-18.5825,-25.4261,Backward,Counter-Clockwise
22:21:09.737,24.2,35.7,513,-19.5636,-25.2606,Backward,Counter-Clockwise
22:21:09.778,24.3,36.1,513,-19.6282,-24.5470,Forward,Counter-Clockwise
22:21:09.822,22.9,38.9,513,-19.8084,-25.4054,Forward,Counter-Clockwise
22:21:09.858,27.7,31.1,513,-18.8653,-25.2503,Forward,Counter-Clockwise
22:21:09.900,24.0,37.6,513,-18.9914,-24.5463,Forward,Counter-Clockwise
22:21:09.943,23.4,38.8,513,-19.1806,-23.5995,Forward,Counter-Clockwise
22:21:09.980,26.6,32.7,513,-19.1735,-24.5825,Forward,Counter-Clockwise
22:21:10.017,27.2,32.3,513,-19.9371,-24.2474,Forward,Counter-Clockwise
22:21:10.054,27.1,30.6,513,-20.9236,-24.2424,Forward,Counter-Clockwise
22:21:10.096,23.6,38.3,513,-21.5433,-24.4915,Forward,Counter-Clockwise
22:21:10.137,24.5,36.0,513,-21.7775,-23.8404,Forward,Counter-Clockwise
22:21:10.179,24.0,37.6,513,-21.7252,-23.7618,Forward,Counter-Clockwise
22:21:10.222,23.1,39.4,513,-22.6553,-23.6693,Forward,Counter-Clockwise
22:21:10.260,25.9,33.9,513,-22.4112,-23.3879,Forward,Counter-Clockwise
22:21:10.298,27.1,32.2,513,-22.4770,-22.9745,Forward,Counter-Clockwise
22:21:10.343,22.2,40.1,513,-22.3275,-23.4910,Forward,Counter-Clockwise
22:21:10.386,23.0,38.6,513,-21.8547,-22.6153,Forward,Counter-Clockwise
22:21:10.427,24.6,35.5,513,-21.9488,-22.7504,Forward,Counter-Clockwise
22:21:10.466,25.7,33.8,513,-22.2413,-23.5020,Forward,Counter-Clockwise
22:21:10.504,26.3,33.0,513,-22.3468,-23.3900,Forward,Counter-Clockwise
22:21:10.544,25.0,34.4,513,-22.5132,-22.6315,Forward,Counter-Clockwise
22:21:10.589,22.3,38.0,513,-23.1113,-22.1207,Forward,Counter-Clockwise
22:21:10.627,25.7,32.8,513,-23.2318,-22.0695,Forward,Counter-Clockwise
22:21:10.670,23.6,37.1,513,-23.4984,-21.6545,Forward,Counter-Clockwise
22:21:10.707,26.8,33.2,513,-22.5555,-21.7655,Forward,Counter-Clockwise
22:21:10.745,26.1,34.3,513,-21.6096,-21.8636,Forward,Counter-Clockwise
22:21:10.789,23.0,38.3,513,-21.0286,-21.9848,Up,Tilt Down
22:21:10.835,21.7,41.0,513,-20.0725,-22.2350,Up,Tilt Down
22:21:10.871,28.0,31.0,513,-20.3928,-22.1587,Up,Tilt Down
22:21:10.903,30.7,28.0,513,-20.6497,-21.9595,Up,Tilt Down
22:21:10.946,23.9,36.3,513,-20.0719,-21.9971,Up,Tilt Down
22:21:10.989,22.6,38.4,513,-19.7133,-21.8033,Up,Tilt Down
22:21:11.028,26.2,32.9,513,-19.1219,-21.7886,Up,Tilt Down
22:21:11.067,25.5,34.0,513,-19.7478,-21.2813,Up,Tilt Down
22:21:11.099,31.0,27.6,513,-20.5178,-20.6787,Up,Tilt Down
22:21:11.143,23.1,37.3,513,-20.3223,-21.6589,Up,Tilt Down
22:21:11.177,28.8,29.2,513,-21.1013,-21.1405,Up,Tilt Down
22:21:11.220,23.7,37.2,513,-22.0594,-21.0531,Up,Tilt Down
22:21:11.259,25.2,33.7,513,-22.5702,-21.8793,Up,Tilt Down
22:21:11.298,25.9,33.7,513,-21.7329,-21.3331,Up,Tilt Down
22:21:11.332,28.8,29.9,513,-21.8553,-22.0284,Up,Tilt Down
22:21:11.366,29.3,29.2,513,-21.1722,-21.9860,Up,Tilt Down
22:21:11.405,26.0,33.1,513,-20.9756,-22.3324,Up,Tilt Down
22:21:11.448,23.0,37.5,513,-20.9290,-21.4915,Up,Tilt Down
22:21:11.487,26.1,33.6,513,-21.6071,-21.6424,Up,Tilt Down
22:21:11.525,26.3,33.0,513,-21.0510,-21.5717,Up,Tilt Down
22:21:11.561,27.5,31.3,513,-21.4500,-21.7312,Up,Tilt Down
22:21:11.596,28.6,29.6,513,-21.8189,-22.3339,Up,Tilt Down
22:21:11.634,26.3,32.5,513,-22.7120,-22.7692,Up,Tilt Down
22:21:11.677,23.3,37.6,513,-23.6438,-22.9466,Up,Tilt Down
22:21:11.716,26.1,32.5,513,-22.9078,-23.4358,Up,Tilt Down
22:21:11.756,24.8,35.1,513,-23.1913,-24.3948,Up,Tilt Down
22:21:11.794,26.2,33.0,513,-22.6874,-24.4384,Up,Pan Right
22:21:11.827,29.9,28.2,513,-22.3608,-24.1071,Up,Pan Right
22:21:11.863,28.0,29.8,513,-22.7534,-24.9349,Up,Pan Right
22:21:11.898,28.5,30.2,513,-21.8960,-25.0575,Up,Pan Right
22:21:11.938,25.0,35.0,513,-21.2595,-24.2910,Up,Pan Right
22:21:11.976,26.0,34.2,513,-20.9977,-24.7738,Up,Pan Right
22:21:12.021,22.7,40.0,513,-21.7084,-25.3285,Up,Pan Right
22:21:12.061,24.7,35.6,513,-22.6332,-25.4726,Up,Pan Right
22:21:12.096,28.7,30.8,513,-23.5773,-25.2315,Up,Pan Right
22:21:12.126,33.2,26.2,513,-22.8300,-25.3157,Up,Pan Right
22:21:12.168,23.9,37.5,513,-22.0662,-25.5369,Up,Pan Right
22:21:12.205,26.7,32.7,513,-21.5248,-25.6819,Up,Pan Right
22:21:12.246,24.4,36.0,513,-21.0300,-25.6012,Up,Pan Right
22:21:12.284,26.1,33.5,513,-20.4225,-24.8398,Up,Pan Right
22:21:12.323,25.9,33.1,513,-19.6756,-25.2285,Up,Pan Right
22:21:12.360,27.0,31.5,513,-19.1102,-26.0152,Up,Pan Right
22:21:12.397,27.3,32.6,513,-18.3083,-26.1627,Up,Pan Right
22:21:12.439,23.6,37.1,513,-17.6178,-26.8348,Up,Pan Right
22:21:12.477,26.5,32.5,513,-17.3655,-26.3122,Up,Pan Right
22:21:12.521,22.9,39.4,513,-18.3168,-26.3722,Up,Pan Right
22:21:12.562,25.5,33.1,513,-18.9273,-26.2193,Up,Pan Right
22:21:12.598,26.3,30.4,513,-19.9061,-26.3583,Up,Pan Right
22:21:12.654,17.7,39.9,513,-19.3998,-26.6906,Up,Pan Right
22:21:12.696,24.0,36.6,513,-19.6957,-27.6356,Up,Pan Right
22:21:12.733,27.5,31.6,513,-20.0781,-27.0237,Up,Pan Right
22:21:12.774,23.7,36.8,513,-20.6001,-27.6616,Up,Pan Right
22:21:12.814,25.3,34.1,513,-21.4486,-28.1118,Right,Tilt Down
22:21:12.853,25.8,33.6,511,-21.7963,-27.8313,Right,Tilt Down
22:21:12.898,21.9,40.1,511,-21.8276,-27.8112,Right,Tilt Down
22:21:12.944,22.1,39.7,511,-21.1969,-28.5665,Right,Tilt Down
22:21:12.984,24.9,35.2,511,-21.9375,-28.2913,Right,Tilt Down
22:21:13.020,27.9,30.6,510,-21.1647,-28.5234,Right,Tilt Down
22:21:13.061,24.1,35.9,508,-20.8007,-28.4649,Right,Tilt Down
22:21:13.103,23.9,36.2,507,-20.3933,-28.6074,Right,Tilt Down
22:21:13.146,23.6,37.7,506,-19.4309,-28.8776,Right,Tilt Down
22:21:13.189,22.8,38.0,506,-18.4949,-29.1815,Right,Tilt Down
22:21:13.224,29.1,28.7,505,-18.9855,-29.1303,Right,Tilt Down
22:21:13.263,25.0,35.0,501,-19.7935,-29.1071,Right,Tilt Down
22:21:13.305,23.8,36.7,501,-20.5986,-29.2617,Right,Tilt Down
22:21:13.343,26.6,32.1,501,-19.7801,-29.1473,Right,Tilt Down
22:21:13.387,22.6,38.8,501,-20.4856,-28.7808,Right,Tilt Down
22:21:13.431,23.3,37.5,501,-21.1870,-28.4086,Right,Tilt Down
22:21:13.471,24.3,36.2,501,-21.9781,-28.1360,Right,Tilt Down
22:21:13.508,27.0,32.0,501,-21.3481,-28.5110,Right,Tilt Down
22:21:13.547,25.7,34.1,501,-20.6990,-28.8630,Right,Tilt Down
22:21:13.582,28.7,29.3,501,-21.4968,-29.1882,Right,Tilt Down
22:21:13.624,24.0,35.7,501,-20.8475,-29.7275,Right,Tilt Down
22:21:13.670,21.9,40.2,500,-20.1868,-29.9433,Right,Tilt Down
22:21:13.711,24.4,36.2,500,-19.5253,-29.7805,Right,Tilt Down
22:21:13.746,28.1,29.5,500,-20.2120,-29.7306,Right,Tilt Down
22:21:13.785,25.5,34.6,500,-19.6653,-29.8673,Right,Tilt Down
22:21:13.821,28.1,30.0,500,-18.7292,-29.6682,Forward,Pan Right
22:21:13.853,31.6,27.7,500,-19.4860,-29.0643,Forward,Pan Right
22:21:13.899,21.4,42.7,500,-19.8913,-29.9747,Forward,Pan Right
22:21:13.943,22.6,39.2,500,-19.9137,-30.9464,Forward,Pan Right
22:21:13.988,22.2,40.9,500,-20.4657,-30.5612,Forward,Pan Right
22:21:14.025,27.0,33.1,500,-19.8825,-31.0039,Forward,Pan Right
22:21:14.065,25.2,34.4,500,-20.5785,-31.7063,Forward,Pan Right
22:21:14.107,23.6,37.2,500,-20.8919,-32.4517,Forward,Pan Right
22:21:14.149,24.1,36.4,500,-21.5257,-31.7000,Forward,Pan Right
22:21:14.196,21.6,41.2,548,-21.8744,-30.8254,Forward,Pan Right
22:21:14.229,29.7,28.0,548,-21.2995,-31.5906,Forward,Pan Right
22:21:14.267,26.7,32.5,547,-20.6355,-32.1295,Forward,Pan Right
22:21:14.301,28.7,29.4,547,-19.8789,-32.1202,Forward,Pan Right
22:21:14.346,22.6,39.4,547,-19.3517,-32.9457,Forward,Pan Right
22:21:14.385,25.2,34.2,547,-18.8563,-33.4790,Forward,Pan Right
22:21:14.425,25.2,34.6,547,-18.6239,-32.7481,Forward,Pan Right
22:21:14.467,23.9,36.9,547,-18.4802,-32.1469,Forward,Pan Right
22:21:14.503,27.7,29.9,547,-18.9967,-31.7147,Forward,Pan Right
22:21:14.547,22.6,38.5,547,-19.3039,-31.1711,Forward,Pan Right
22:21:14.584,27.1,30.8,547,-19.3460,-31.6312,Forward,Pan Right
22:21:14.626,23.9,36.3,547,-19.1142,-31.2353,Forward,Pan Right
22:21:14.662,27.8,30.8,547,-18.8708,-31.5892,Forward,Pan Right
22:21:14.698,27.2,32.6,546,-18.4847,-30.9752,Forward,Pan Right
22:21:14.740,24.4,35.7,546,-17.9179,-30.6743,Forward,Pan Right
22:21:14.785,23.0,37.6,546,-18.0822,-31.2420,Forward,Pan Right
22:21:14.821,26.6,31.7,546,-17.9544,-31.5363,Forward,Pan Right
22:21:14.858,26.7,32.6,546,-18.2780,-31.9198,Right,Tilt Down
22:21:14.891,30.7,27.6,546,-18.7102,-32.1761,Right,Tilt Down
22:21:14.929,26.3,32.5,546,-19.0309,-32.2780,Right,Tilt Down
22:21:14.966,27.0,31.4,546,-19.9286,-32.0695,Right,Tilt Down
22:21:15.008,23.6,37.4,546,-20.6104,-31.5431,Right,Tilt Down
22:21:15.045,26.8,33.2,546,-20.2372,-32.4417,Right,Tilt Down
22:21:15.089,23.0,39.1,546,-21.0181,-33.0663,Right,Tilt Down
22:21:15.128,25.3,34.6,545,-20.9122,-33.3828,Right,Tilt Down
22:21:15.170,23.6,37.2,545,-20.6695,-33.2239,Right,Tilt Down
22:21:15.207,27.1,32.7,545,-20.4302,-33.5141,Right,Tilt Down
22:21:15.250,23.9,37.3,545,-19.9712,-32.7599,Right,Tilt Down
22:21:15.303,19.1,47.3,545,-20.2907,-33.2135,Right,Tilt Down
22:21:15.344,23.4,35.3,545,-20.2277,-33.7922,Right,Tilt Down
22:21:15.378,29.8,28.4,545,-20.1586,-34.4395,Right,Tilt Down
22:21:15.416,26.4,33.2,544,-19.8493,-35.2548,Right,Tilt Down
22:21:15.464,20.8,41.8,544,-18.9700,-35.7055,Right,Tilt Down
22:21:15.511,21.1,41.6,544,-18.2112,-35.6732,Right,Tilt Down
22:21:15.554,23.6,36.7,544,-17.3755,-36.0213,Right,Tilt Down
22:21:15.597,23.4,37.4,544,-18.0104,-36.6296,Right,Tilt Down
22:21:15.639,23.8,36.7,544,-18.4299,-37.5160,Right,Tilt Down
22:21:15.682,22.6,38.4,544,-19.0452,-37.7574,Right,Tilt Down
22:21:15.728,21.9,40.9,544,-18.6837,-37.7976,Right,Tilt Down
22:21:15.774,22.1,39.7,544,-18.1132,-38.3021,Right,Tilt Down
22:21:15.817,23.2,38.5,543,-18.9948,-38.2599,Right,Tilt Down
22:21:15.862,21.8,41.2,543,-19.4807,-37.4801,Right,Tilt Down
22:21:15.903,24.5,36.7,543,-20.1635,-38.0454,Right,Tilt Down
22:21:15.948,22.3,38.4,543,-20.0907,-37.8649,Right,Tilt Down
22:21:15.986,26.3,34.0,543,-20.5746,-37.0951,Right,Tilt Down
22:21:16.026,25.5,35.1,543,-20.0625,-36.3892,Right,Tilt Down
22:21:16.065,25.2,34.8,543,-19.1682,-35.9741,Right,Tilt Down
22:21:16.107,23.7,38.1,543,-19.7722,-35.3185,Right,Tilt Down
22:21:16.145,26.4,33.6,543,-20.3121,-34.7551,Right,Tilt Down
22:21:16.180,28.7,30.9,543,-20.6925,-34.1695,Right,Tilt Down
22:21:16.222,23.3,37.1,543,-20.8779,-33.3131,Right,Tilt Down
22:21:16.262,25.3,34.4,543,-20.6772,-32.3367,Right,Tilt Down
22:21:16.305,23.0,38.6,543,-21.1178,-31.4999,Right,Tilt Down
22:21:16.347,24.2,36.7,543,-21.3801,-30.8416,Right,Tilt Down
22:21:16.385,26.4,32.7,543,-21.4618,-30.3111,Right,Tilt Down
22:21:16.424,25.2,35.6,543,-21.5735,-29.4681,Right,Tilt Down
22:21:16.458,29.9,28.6,543,-21.4743,-28.8457,Right,Tilt Down
22:21:16.492,29.4,28.7,543,-22.3762,-28.7311,Right,Tilt Down
22:21:16.539,21.1,42.6,543,-22.7591,-29.4652,Right,Tilt Down
22:21:16.581,24.1,36.9,536,-23.3003,-30.2412,Right,Tilt Down
22:21:16.618,26.6,32.1,534,-22.6880,-30.8122,Right,Tilt Down
22:21:16.661,24.0,36.2,533,-21.8594,-31.2308,Right,Tilt Down
22:21:16.699,25.8,32.1,532,-21.2606,-31.8702,Right,Tilt Down
22:21:16.741,23.8,30.5,532,-20.5820,-32.2752,Right,Tilt Down
22:21:16.786,22.1,40.0,532,-20.1802,-33.1134,Right,Tilt Down
22:21:16.828,24.2,36.2,532,-20.9053,-32.5934,Right,Tilt Down
22:21:16.867,25.7,33.7,532,-20.0087,-32.9259,Forward,Clockwise
22:21:16.908,24.0,36.3,532,-20.6399,-33.3497,Forward,Clockwise
22:21:16.943,28.7,30.0,532,-21.3973,-32.8632,Forward,Clockwise
22:21:16.987,22.8,38.7,532,-21.6025,-33.6953,Forward,Clockwise
22:21:17.036,20.5,43.0,532,-21.7517,-33.4239,Forward,Clockwise
22:21:17.076,24.6,35.3,532,-21.9951,-33.1171,Forward,Clockwise
