Timestamp,FPS,Delay_ms,TrackedFeatures,Pose_X,Pose_Z,Motion,Rotation
21:56:16.407,0.7,1147.8,0,0.0000,0.0000,Stationary,Stable
21:56:16.526,7.4,90.6,371,0.2078,-0.1868,Up,Stable
21:56:16.627,9.9,97.6,411,0.9758,-0.0806,Right,Stable
21:56:16.703,13.1,73.8,435,0.3726,0.7164,Forward,Clockwise
21:56:16.793,11.1,87.4,440,-0.1522,1.3893,Forward,Stable
21:56:16.891,10.2,96.0,444,-0.0850,0.4852,Right,Tilt Down
21:56:16.969,12.9,75.5,447,-0.9972,0.7995,Forward,Clockwise
21:56:17.060,11.0,88.9,450,-0.5993,0.1336,Forward,Stable
21:56:17.147,11.5,84.4,450,0.3562,-0.1578,Forward,Counter-Clockwise
21:56:17.253,9.4,103.8,451,1.2701,-0.2339,Up,Stable
21:56:17.340,11.5,85.1,452,1.3099,-0.2263,Forward,Stable
21:56:17.435,10.6,92.5,456,1.1324,-1.0643,Forward,Stable
21:56:17.513,12.9,75.3,457,1.0459,-1.6889,Forward,Counter-Clockwise
21:56:17.602,11.2,87.1,460,0.5575,-1.0471,Right,Stable
21:56:17.683,12.4,78.6,462,0.9734,-0.3905,Right,Tilt Up
21:56:17.756,13.7,70.6,464,1.9417,-0.6402,Right,Tilt Down
21:56:17.846,11.1,87.8,464,2.8016,-0.1319,Forward,Stable
21:56:17.931,11.8,82.4,464,3.3247,0.6902,Right,Tilt Up
21:56:18.023,10.8,90.0,466,3.4310,1.6300,Forward,Stable
21:56:18.102,12.6,77.0,468,4.3336,1.2865,Right,Tilt Down
21:56:18.188,11.6,83.8,469,4.9471,1.8157,Right,Tilt Down
21:56:18.286,10.3,95.1,470,4.6461,1.5579,Right,Tilt Up
21:56:18.373,11.4,85.4,471,5.2272,2.1002,Up,Pan Right
21:56:18.464,11.0,88.4,472,4.8140,2.8146,Forward,Stable
21:56:18.547,12.0,81.0,474,4.4267,2.0809,Right,Stable
21:56:18.632,11.9,82.1,475,4.0723,2.7735,Forward,Stable
21:56:18.725,10.7,90.9,477,3.7537,3.6475,Forward,Stable
21:56:18.814,11.2,87.2,479,4.2539,2.9487,Backward,Stable
21:56:18.906,11.0,88.9,479,3.8456,3.6448,Forward,Stable
21:56:18.998,10.8,90.1,479,3.3484,4.0262,Up,Pan Left
21:56:19.076,12.8,75.9,479,4.2469,3.6027,Up,Stable
21:56:19.171,10.6,92.2,480,4.4554,3.6485,Up,Pan Right
21:56:19.261,11.1,87.8,481,4.5358,4.2387,Forward,Stable
21:56:19.342,12.3,78.7,481,4.3999,4.8049,Forward,Stable
21:56:19.444,9.8,100.1,482,4.8086,5.2244,Forward,Stable
21:56:19.526,12.2,79.5,482,4.4948,5.9299,Up,Stable
21:56:19.608,12.2,79.5,482,5.4537,5.6566,Right,Tilt Up
21:56:19.684,13.2,73.8,482,5.9476,6.4697,Right,Tilt Down
21:56:19.768,11.8,82.2,483,6.7423,6.5096,Backward,Clockwise
21:56:19.856,11.4,85.4,484,6.4194,6.6866,Right,Stable
21:56:19.949,10.8,90.5,484,5.8672,6.8112,Right,Stable
21:56:20.024,13.3,72.8,485,5.7973,7.0814,Right,Tilt Up
21:56:20.109,11.8,82.2,485,4.8161,7.0800,Right,Tilt Down
21:56:20.198,11.2,86.8,486,5.3188,7.5975,Forward,Stable
21:56:20.286,11.3,85.9,488,5.6770,8.4213,Forward,Stable
21:56:20.369,12.0,80.8,488,4.8773,8.3124,Right,Tilt Down
21:56:20.466,10.3,95.1,488,4.1520,8.9979,Right,Tilt Down
21:56:20.558,10.9,89.3,489,3.7447,9.6514,Forward,Stable
21:56:20.645,11.5,84.4,489,3.6815,10.5327,Forward,Stable
21:56:20.737,10.8,90.2,490,4.5694,10.2712,Up,Stable
21:56:20.814,13.0,74.9,490,4.2895,11.0593,Forward,Stable
21:56:20.920,9.4,103.5,491,3.3991,10.6086,Right,Tilt Up
21:56:21.008,11.4,85.7,491,3.4397,9.8788,Forward,Counter-Clockwise
21:56:21.096,11.4,85.4,491,3.5484,8.9706,Forward,Stable
21:56:21.193,10.3,94.8,491,3.5095,9.4798,Right,Tilt Down
21:56:21.267,13.4,72.0,492,2.8739,10.1824,Forward,Stable
21:56:21.360,10.7,90.7,492,2.2239,9.4634,Up,Stable
21:56:21.445,11.8,82.4,493,1.9798,9.5326,Right,Stable
21:56:21.543,10.2,95.8,495,1.4493,10.2976,Forward,Stable
21:56:21.640,10.3,94.7,495,0.7964,11.0354,Forward,Clockwise
21:56:21.722,12.1,80.1,496,1.7535,11.3079,Forward,Clockwise
21:56:21.822,10.0,97.8,496,2.5792,11.4183,Forward,Stable
21:56:21.903,12.4,78.7,496,2.4981,12.2074,Forward,Clockwise
21:56:22.003,10.1,97.0,496,2.9969,13.0584,Forward,Counter-Clockwise
21:56:22.096,10.7,91.1,496,2.0284,12.9753,Up,Pan Left
21:56:22.172,13.1,74.1,496,1.5879,12.4560,Up,Pan Left
21:56:22.264,11.0,89.0,496,1.4880,11.4884,Right,Stable
21:56:22.373,9.1,106.8,496,0.8974,12.0617,Forward,Counter-Clockwise
21:56:22.481,9.3,105.1,497,0.8623,11.0862,Right,Tilt Down
21:56:22.578,10.3,95.1,497,0.4830,11.4541,Up,Pan Left
21:56:22.684,9.5,103.2,497,0.5833,10.6339,Up,Pan Right
21:56:22.758,13.4,72.2,497,0.3386,11.6027,Up,Stable
21:56:22.836,12.8,75.6,497,0.0409,11.1729,Forward,Stable
21:56:22.920,11.9,81.7,498,-0.4864,10.5133,Forward,Counter-Clockwise
21:56:23.004,11.9,81.8,498,-0.4917,11.4919,Up,Pan Left
21:56:23.096,10.9,89.7,498,-0.5317,10.5104,Up,Pan Right
21:56:23.179,12.1,80.0,498,-0.5809,9.5382,Forward,Stable
21:56:23.272,10.7,90.8,499,-0.5476,9.4899,Up,Pan Right
21:56:23.356,11.9,81.9,500,-0.9652,10.3458,Forward,Stable
21:56:23.434,12.8,76.0,500,-0.2743,10.7902,Up,Stable
21:56:23.511,13.0,74.5,500,0.4661,11.2159,Up,Pan Right
21:56:23.586,13.5,72.1,500,0.8793,11.9257,Up,Stable
21:56:23.671,11.7,83.1,500,0.0914,12.5400,Right,Stable
21:56:23.763,10.9,89.3,500,0.0924,12.8304,Up,Pan Right
21:56:23.841,12.7,76.3,500,0.2492,11.8767,Backward,Stable
21:56:23.912,14.2,68.1,500,0.9553,11.3415,Up,Pan Right
21:56:23.993,12.3,79.2,500,0.6857,10.5083,Forward,Clockwise
21:56:24.077,12.0,81.2,500,1.3146,10.5310,Right,Stable
21:56:24.152,13.4,72.5,500,1.8519,10.8052,Forward,Stable
21:56:24.236,11.8,82.3,500,1.4659,9.9050,Up,Stable
21:56:24.310,13.5,71.7,500,1.6402,10.1012,Forward,Clockwise
21:56:24.389,12.7,76.2,500,2.6132,10.2673,Up,Stable
21:56:24.470,12.3,78.7,500,1.9078,10.1553,Right,Tilt Up
21:56:24.551,12.4,78.6,500,2.8113,10.5302,Forward,Clockwise
21:56:24.637,11.6,83.7,500,2.9708,9.9804,Up,Pan Right
21:56:24.704,14.8,65.5,500,2.9098,9.8416,Forward,Counter-Clockwise
21:56:24.793,11.3,86.5,500,1.9942,9.5798,Up,Pan Left
21:56:24.880,11.5,84.3,500,1.5458,10.4175,Right,Stable
21:56:24.956,13.0,74.5,500,0.9422,11.1989,Right,Stable
21:56:25.041,11.8,82.6,500,1.6913,11.7978,Up,Pan Right
21:56:25.133,10.9,89.7,500,1.6827,11.4991,Forward,Stable
21:56:25.220,11.6,83.9,500,1.5053,10.5688,Right,Tilt Down
21:56:25.290,14.1,68.6,500,2.3426,10.2473,Right,Tilt Up
21:56:25.368,12.9,75.0,500,2.2472,9.6577,Up,Stable
21:56:25.444,13.0,74.5,500,2.1797,8.6807,Backward,Stable
21:56:25.524,12.5,77.5,500,1.9442,8.0038,Up,Stable
21:56:25.613,11.3,86.2,500,2.4515,8.8584,Forward,Stable
21:56:25.691,12.8,75.6,500,2.7755,9.2933,Right,Tilt Up
21:56:25.771,12.4,78.0,500,3.7698,9.3906,Right,Tilt Down
21:56:25.845,13.5,71.8,500,4.7535,9.3421,Right,Stable
21:56:25.940,10.5,92.4,500,4.4379,9.9183,Forward,Counter-Clockwise
21:56:26.019,12.7,76.6,500,4.0319,9.0048,Right,Tilt Up
21:56:26.107,11.3,86.2,500,4.3866,9.8792,Up,Stable
21:56:26.190,12.1,80.1,500,3.6481,10.4960,Right,Tilt Up
21:56:26.275,11.8,82.7,500,3.4544,9.5162,Right,Tilt Down
21:56:26.363,11.4,85.3,500,3.7853,10.4575,Right,Stable
21:56:26.444,12.3,78.7,500,3.2753,9.6146,Forward,Stable
21:56:26.527,12.1,80.4,500,2.8588,8.7556,Forward,Stable
21:56:26.619,10.8,90.0,500,3.1220,9.4933,Right,Tilt Up
21:56:26.699,12.5,78.0,500,2.9766,8.5067,Right,Stable
21:56:26.784,11.7,82.9,500,2.4184,9.2972,Forward,Clockwise
21:56:26.877,10.8,90.4,500,2.0632,9.5782,Forward,Stable
21:56:26.956,12.7,76.6,500,2.5527,9.2972,Right,Tilt Up
21:56:27.051,10.5,92.7,500,3.0896,10.0679,Right,Tilt Up
21:56:27.139,11.4,85.3,500,2.8343,10.5818,Forward,Stable
21:56:27.226,11.5,84.9,500,2.8504,9.6184,Right,Stable
21:56:27.311,11.8,82.6,500,3.6507,9.0207,Right,Stable
21:56:27.404,10.7,91.2,500,3.9840,8.2502,Right,Tilt Up
21:56:27.502,10.2,95.7,500,3.8444,9.2401,Right,Tilt Up
21:56:27.591,11.3,86.2,500,3.1415,8.9209,Backward,Counter-Clockwise
21:56:27.686,10.5,93.3,500,4.0761,9.2722,Right,Stable
21:56:27.780,10.7,91.1,500,4.9002,9.2768,Up,Stable
21:56:27.866,11.7,83.6,500,4.5396,8.7991,Forward,Stable
21:56:27.954,11.4,85.6,500,5.4243,9.2176,Right,Stable
21:56:28.046,10.9,89.4,500,5.8685,10.1013,Right,Tilt Down
21:56:28.144,10.2,95.8,500,5.1705,10.4490,Forward,Clockwise
21:56:28.239,10.6,92.3,500,4.8654,10.7141,Forward,Counter-Clockwise
21:56:28.337,10.1,96.6,500,5.2049,10.7412,Up,Stable
21:56:28.435,10.3,95.2,500,5.2112,9.8729,Right,Tilt Down
21:56:28.524,11.2,87.0,500,4.8465,9.8886,Up,Stable
21:56:28.621,10.4,94.2,500,3.9566,9.5026,Forward,Stable
21:56:28.721,10.0,97.7,500,3.7162,9.9811,Right,Tilt Down
21:56:28.809,11.4,85.5,500,3.6504,10.2169,Forward,Counter-Clockwise
21:56:28.902,10.7,91.1,500,3.1317,9.4492,Right,Stable
21:56:28.993,11.0,88.2,500,2.7609,8.6759,Right,Tilt Down
21:56:29.082,11.2,87.0,500,2.7458,9.4936,Right,Stable
21:56:29.179,10.3,94.7,500,2.8462,10.3655,Right,Stable
21:56:29.281,9.8,99.5,500,2.7401,11.2028,Right,Tilt Down
21:56:29.372,11.0,88.3,500,2.0376,10.4911,Right,Stable
21:56:29.463,11.0,88.5,500,1.1979,10.3470,Right,Tilt Down
21:56:29.550,11.4,84.5,500,1.6206,10.6514,Right,Stable
21:56:29.646,10.5,92.7,500,1.3498,10.5552,Up,Pan Left
21:56:29.742,10.4,93.7,500,0.6008,11.2176,Forward,Stable
21:56:29.833,11.0,88.6,500,-0.1202,11.0856,Forward,Counter-Clockwise
21:56:29.929,10.4,93.7,500,-0.4717,11.3405,Right,Tilt Down
21:56:30.021,10.8,90.3,500,-0.8590,10.5474,Right,Stable
21:56:30.115,10.7,90.8,500,0.1020,10.4314,Forward,Counter-Clockwise
21:56:30.208,10.7,91.5,500,-0.7202,10.3697,Forward,Stable
21:56:30.304,10.4,93.4,500,-0.2014,9.5923,Up,Stable
21:56:30.398,10.7,90.8,500,-1.0571,9.1129,Forward,Counter-Clockwise
21:56:30.495,10.3,94.9,500,-0.1581,8.8943,Forward,Stable
21:56:30.594,10.1,96.4,500,0.4261,8.3270,Forward,Counter-Clockwise
21:56:30.693,10.1,96.4,500,0.9534,7.5554,Right,Tilt Up
21:56:30.795,9.8,99.6,500,1.3466,8.3873,Up,Pan Right
21:56:30.891,10.4,93.6,500,0.8360,7.6980,Right,Tilt Down
21:56:30.991,10.0,97.6,500,1.2941,7.8593,Forward,Clockwise
21:56:31.090,10.1,96.7,500,1.5892,8.7283,Backward,Stable
21:56:31.191,9.8,99.2,500,0.6153,8.8828,Up,Pan Left
21:56:31.291,10.1,96.9,500,1.2052,8.2357,Right,Tilt Up
21:56:31.391,10.0,97.6,500,2.0885,8.0888,Right,Stable
21:56:31.489,10.2,96.2,500,2.1883,8.5431,Forward,Stable
21:56:31.590,9.9,99.0,500,1.8522,8.3336,Up,Pan Right
21:56:31.690,10.1,96.9,500,1.0785,7.8027,Right,Stable
21:56:31.792,9.8,99.7,500,0.3040,7.2966,Right,Stable
21:56:31.894,9.8,99.7,500,-0.4755,7.8821,Forward,Counter-Clockwise
21:56:31.994,10.0,97.3,500,0.4748,8.1890,Forward,Counter-Clockwise
21:56:32.089,10.5,92.8,500,-0.2704,7.5257,Right,Tilt Down
21:56:32.190,9.9,98.5,500,0.4528,7.9286,Up,Stable
21:56:32.285,10.5,92.7,500,0.1821,7.0404,Forward,Stable
21:56:32.376,11.0,88.8,500,0.0608,6.0544,Forward,Stable
21:56:32.472,10.4,93.5,500,-0.6420,6.2779,Right,Tilt Down
21:56:32.563,11.0,88.8,500,-1.4105,5.6955,Right,Stable
21:56:32.656,10.7,91.3,500,-2.0207,5.0463,Right,Stable
21:56:32.749,10.8,89.9,500,-2.7831,5.3560,Forward,Counter-Clockwise
21:56:32.833,11.8,82.2,500,-2.7950,4.6352,Right,Tilt Up
21:56:32.924,11.0,88.3,500,-1.9097,4.1784,Forward,Counter-Clockwise
21:56:33.016,10.9,89.6,500,-1.5096,5.0938,Right,Stable
21:56:33.110,10.6,92.4,500,-1.8565,5.1167,Forward,Stable
21:56:33.197,11.5,84.3,500,-1.9898,6.0488,Right,Stable
21:56:33.294,10.3,94.4,500,-1.5762,6.2986,Up,Pan Left
21:56:33.374,12.4,78.3,500,-0.8113,6.1945,Forward,Counter-Clockwise
21:56:33.468,10.7,91.3,500,-0.4982,5.2463,Backward,Stable
21:56:33.563,10.5,92.5,500,-1.0787,5.3509,Forward,Stable
21:56:33.651,11.3,85.8,500,-1.4239,4.9507,Up,Pan Left
21:56:33.750,10.1,96.8,500,-0.7697,4.2326,Forward,Counter-Clockwise
21:56:33.838,11.4,85.6,500,-0.1432,4.9863,Up,Pan Right
21:56:33.931,10.8,90.3,500,-1.0638,4.5961,Up,Stable
21:56:34.026,10.4,93.5,500,-0.7181,5.5319,Forward,Stable
21:56:34.112,11.7,83.3,500,-0.3070,4.6204,Right,Tilt Up
21:56:34.202,11.1,87.8,500,-0.2269,4.1663,Forward,Clockwise
21:56:34.288,11.6,83.7,500,-0.8234,3.7344,Up,Stable
21:56:34.375,11.5,84.5,500,-0.5422,2.7849,Forward,Stable
21:56:34.468,10.7,91.0,500,-1.5275,2.9558,Right,Stable
21:56:34.553,11.8,82.5,500,-2.3851,2.6054,Up,Stable
21:56:34.654,9.9,98.5,500,-2.1052,2.8560,Up,Pan Right
21:56:34.749,10.5,92.8,500,-2.0630,3.7898,Forward,Stable
21:56:34.832,12.1,80.7,500,-1.4378,3.0122,Right,Stable
21:56:34.927,10.5,93.0,500,-1.1772,2.6172,Forward,Clockwise
21:56:35.022,10.6,91.9,500,-1.5154,3.4921,Right,Tilt Up
21:56:35.111,11.2,86.8,500,-1.4364,2.9928,Right,Tilt Up
21:56:35.201,11.0,88.6,500,-1.3391,3.6829,Up,Pan Left
21:56:35.291,11.1,87.5,500,-1.7400,3.9678,Right,Stable
21:56:35.384,10.8,90.0,500,-1.0687,3.4411,Forward,Counter-Clockwise
21:56:35.471,11.5,85.0,500,-0.3708,3.4451,Up,Pan Left
21:56:35.566,10.5,93.1,500,-1.3691,3.3967,Up,Stable
21:56:35.652,11.6,83.5,500,-1.9520,3.2329,Right,Tilt Down
21:56:35.754,9.8,99.4,500,-1.4270,3.8869,Right,Tilt Up
21:56:35.849,10.5,93.2,500,-1.3843,3.4391,Right,Stable
21:56:35.919,14.4,67.2,500,-0.5066,3.8766,Forward,Counter-Clockwise
21:56:36.003,11.9,82.0,500,-1.2187,3.2665,Forward,Counter-Clockwise
21:56:36.082,12.7,76.2,500,-1.0015,4.2242,Right,Stable
21:56:36.166,11.9,82.0,500,-1.7678,4.1639,Up,Pan Left
21:56:36.233,14.8,65.1,500,-0.9595,4.4649,Up,Stable
21:56:36.309,13.2,73.6,500,-0.7777,3.7075,Right,Stable
21:56:36.397,11.4,85.6,500,-0.9459,2.9584,Right,Tilt Down
21:56:36.471,13.5,71.7,500,-1.5439,2.2552,Forward,Stable
21:56:36.557,11.6,83.9,500,-1.4038,2.2147,Right,Stable
21:56:36.628,14.2,68.1,500,-1.0855,1.6582,Up,Stable
21:56:36.706,12.8,75.7,500,-1.8826,1.0980,Forward,Counter-Clockwise
21:56:36.791,11.8,82.5,500,-2.7098,0.5373,Right,Stable
21:56:36.882,11.0,88.7,500,-3.3258,-0.0600,Right,Stable
21:56:36.952,14.3,67.9,500,-2.3279,-0.0012,Forward,Clockwise
21:56:37.028,13.2,73.8,500,-1.4243,-0.3345,Right,Stable
21:56:37.115,11.5,84.7,500,-1.0122,-0.6528,Up,Stable
21:56:37.186,14.1,68.7,500,-0.4126,-1.3113,Right,Tilt Up
21:56:37.257,14.0,69.0,500,-1.3265,-1.3027,Forward,Stable
21:56:37.346,11.2,86.6,500,-1.1740,-0.4444,Up,Pan Right
21:56:37.417,14.0,68.7,500,-1.2563,-1.2343,Right,Tilt Down
21:56:37.489,13.9,69.9,500,-0.9851,-0.2719,Right,Tilt Up
21:56:37.561,13.9,69.9,500,-0.6156,-0.3497,Forward,Counter-Clockwise
21:56:37.645,11.9,81.4,500,-1.3089,-0.3133,Right,Tilt Down
21:56:37.720,13.3,72.8,500,-1.4413,0.6736,Forward,Stable
21:56:37.802,12.2,79.7,500,-0.8585,1.4690,Forward,Clockwise
21:56:37.894,10.9,89.4,500,-0.2386,1.0553,Right,Tilt Up
21:56:37.983,11.2,86.5,500,0.4670,1.5963,Right,Tilt Down
21:56:38.073,11.1,87.9,500,1.3529,1.7495,Forward,Clockwise
21:56:38.149,13.1,74.1,500,1.2278,0.8160,Forward,Stable
21:56:38.240,11.0,88.7,500,2.0992,0.3287,Up,Stable
21:56:38.318,12.8,75.9,500,1.4159,-0.1315,Forward,Counter-Clockwise
21:56:38.400,12.3,78.8,500,0.5182,-0.1047,Backward,Stable
21:56:38.475,13.2,73.2,500,-0.1279,-0.8452,Right,Tilt Down
21:56:38.562,11.5,84.3,500,-0.5010,-0.2246,Up,Pan Left
21:56:38.630,14.7,65.4,500,-0.3439,-1.1883,Right,Stable
21:56:38.706,13.2,73.6,500,-0.1380,-1.3826,Right,Tilt Up
21:56:38.782,13.1,73.9,500,0.3737,-1.4914,Right,Stable
21:56:38.854,13.9,69.7,500,1.0704,-0.8378,Right,Stable
21:56:38.938,11.8,82.1,500,1.9929,-0.6806,Right,Stable
21:56:39.027,11.3,86.6,500,1.4465,0.1544,Up,Pan Left
21:56:39.114,11.5,84.6,500,1.7648,0.4041,Up,Stable
21:56:39.198,12.0,81.1,500,0.8121,0.6460,Right,Tilt Down
21:56:39.272,13.5,72.0,500,-0.0204,0.1562,Right,Stable
21:56:39.352,12.5,77.7,500,-1.0087,0.1959,Right,Tilt Up
21:56:39.426,13.5,72.0,500,-1.9479,-0.0741,Right,Tilt Down
21:56:39.514,11.3,85.6,500,-1.5772,0.4523,Forward,Stable
21:56:39.589,13.3,72.7,500,-1.7612,-0.3240,Up,Pan Left
21:56:39.668,12.6,76.9,500,-1.2363,-0.8685,Right,Tilt Down
21:56:39.741,13.8,70.3,500,-1.3807,-1.0708,Forward,Counter-Clockwise
21:56:39.818,13.0,74.8,500,-2.3748,-0.9966,Right,Stable
21:56:39.898,12.5,77.5,500,-1.4696,-0.5869,Forward,Clockwise
21:56:39.973,13.3,72.8,500,-0.9332,0.2347,Right,Stable
21:56:40.044,14.0,69.2,500,-0.4833,1.0348,Right,Stable
21:56:40.140,10.5,92.9,500,-0.9196,1.9137,Right,Tilt Down
21:56:40.225,11.8,82.7,500,-0.8901,1.4345,Up,Pan Left
21:56:40.294,14.4,67.1,500,-0.2469,0.6732,Forward,Counter-Clockwise
21:56:40.369,13.4,72.5,500,-0.2293,0.3712,Forward,Stable
21:56:40.446,13.0,74.9,500,0.1559,-0.3611,Forward,Stable
21:56:40.525,12.7,76.5,500,-0.7803,-0.1552,Right,Tilt Up
21:56:40.604,12.6,76.9,500,-1.7733,-0.0733,Right,Stable
21:56:40.686,12.2,79.5,500,-2.7223,0.0520,Right,Tilt Down
21:56:40.756,14.2,68.1,500,-1.9466,-0.0843,Forward,Stable
21:56:40.826,14.2,67.9,500,-1.8686,-0.8287,Forward,Counter-Clockwise
21:56:40.908,12.3,78.8,500,-0.9864,-1.1984,Right,Stable
21:56:40.995,11.4,85.1,500,-0.0388,-1.0403,Right,Tilt Down
21:56:41.076,12.4,78.3,500,-0.2114,-1.6941,Up,Stable
21:56:41.154,12.9,75.6,500,0.4603,-2.1186,Right,Tilt Up
21:56:41.340,5.4,183.9,500,-0.0232,-1.2571,Right,Stable
21:56:41.434,10.6,91.2,500,0.1285,-0.2689,Right,Stable
21:56:41.541,9.3,105.3,500,1.1078,-0.0913,Forward,Counter-Clockwise
21:56:41.629,11.3,85.8,500,0.6141,0.3123,Forward,Counter-Clockwise
21:56:41.714,11.7,82.9,500,-0.0647,-0.2571,Right,Tilt Up
21:56:41.784,14.4,67.1,500,-0.4580,-0.7530,Forward,Stable
21:56:41.861,13.0,75.0,500,-0.6069,-1.7115,Forward,Stable
21:56:41.934,13.7,70.8,500,-0.9677,-2.5611,Forward,Clockwise
21:56:42.019,11.7,82.9,500,-0.6071,-3.3962,Up,Stable
21:56:42.091,14.1,68.8,500,0.1141,-4.0873,Forward,Clockwise
21:56:42.162,14.0,69.2,500,-0.1457,-5.0528,Forward,Stable
21:56:42.257,10.6,92.5,500,0.7970,-5.3633,Right,Stable
21:56:42.336,12.7,76.5,500,1.7377,-5.6028,Right,Tilt Down
21:56:42.413,12.9,75.0,500,2.5769,-5.0738,Right,Stable
21:56:42.489,13.2,73.5,500,2.7307,-4.2317,Forward,Stable
21:56:42.569,12.4,78.3,500,3.5671,-4.7416,Right,Stable
21:56:42.651,12.3,79.1,500,3.3183,-3.9505,Forward,Counter-Clockwise
21:56:42.722,14.0,69.0,500,2.9626,-3.2058,Forward,Stable
21:56:42.792,14.3,67.8,500,2.9738,-4.1710,Right,Stable
21:56:42.872,12.5,77.8,500,2.6264,-4.2229,Forward,Stable
21:56:42.958,11.6,84.0,500,2.3072,-4.0243,Forward,Stable
21:56:43.027,14.5,66.4,500,1.5471,-3.3972,Forward,Stable
21:56:43.114,11.6,84.2,500,1.4359,-3.1028,Forward,Clockwise
21:56:43.196,12.2,79.7,500,2.0340,-3.5178,Forward,Counter-Clockwise
21:56:43.277,12.3,78.9,500,2.3846,-4.1313,Backward,Stable
21:56:43.366,11.3,86.2,500,1.5623,-4.5836,Right,Tilt Down
21:56:43.451,11.7,83.1,500,1.1433,-5.4539,Forward,Counter-Clockwise
21:56:43.538,11.5,84.6,500,1.2480,-4.4778,Right,Stable
21:56:43.607,14.4,66.9,500,1.7731,-3.8029,Right,Tilt Down
21:56:43.684,13.1,74.3,500,2.2263,-3.2214,Forward,Stable
21:56:43.761,13.0,74.6,500,3.1323,-2.8230,Up,Stable
21:56:43.844,11.9,81.6,500,3.3522,-2.4043,Up,Stable
21:56:43.919,13.3,72.6,500,4.1972,-2.8925,Right,Stable
21:56:44.002,12.1,80.5,500,5.0732,-2.8239,Right,Tilt Down
21:56:44.077,13.3,72.8,500,4.8727,-3.7998,Forward,Counter-Clockwise
21:56:44.155,12.9,75.2,500,4.6987,-4.7838,Up,Stable
21:56:44.224,14.4,67.2,500,4.3604,-5.1786,Up,Stable
21:56:44.304,12.6,77.1,500,3.8300,-5.9923,Up,Pan Left
21:56:44.378,13.5,71.7,500,4.6779,-6.2911,Right,Stable
21:56:44.469,11.0,88.9,500,5.2921,-5.5057,Up,Stable
21:56:44.546,13.0,74.6,500,5.7890,-6.0344,Right,Stable
21:56:44.627,12.2,79.4,500,6.4023,-5.2462,Up,Stable
21:56:44.707,12.5,77.8,500,6.6983,-4.3536,Forward,Stable
21:56:44.775,14.7,65.7,500,6.6226,-3.6410,Forward,Counter-Clockwise
21:56:44.844,14.6,66.3,500,7.2660,-2.9948,Forward,Counter-Clockwise
21:56:44.915,14.2,68.4,500,6.4105,-3.3785,Forward,Clockwise
21:56:44.997,12.1,80.3,500,6.8698,-2.6446,Forward,Counter-Clockwise
21:56:45.067,14.2,67.8,500,6.6260,-1.7870,Up,Pan Left
21:56:45.149,12.2,79.7,500,6.4383,-2.4549,Forward,Counter-Clockwise
21:56:45.231,12.2,79.8,500,6.6422,-2.9148,Forward,Counter-Clockwise
21:56:45.308,13.0,74.8,500,5.9639,-2.5310,Right,Stable
21:56:45.375,15.0,64.2,500,6.4195,-3.4146,Up,Stable
21:56:45.453,12.9,75.6,500,5.7172,-3.1099,Right,Stable
21:56:45.551,10.2,96.2,500,4.8317,-3.1378,Right,Stable
21:56:45.631,12.6,76.9,500,5.2704,-2.4579,Forward,Counter-Clockwise
21:56:45.708,12.9,75.5,500,4.6404,-1.6986,Forward,Stable
21:56:45.793,11.8,82.4,500,4.3489,-1.0326,Forward,Stable
21:56:45.867,13.5,71.7,500,4.7541,-1.5275,Up,Stable
21:56:45.939,13.8,68.6,500,3.7969,-1.2850,Forward,Stable
21:56:46.026,11.5,84.6,500,3.7096,-1.2815,Up,Pan Left
21:56:46.105,12.7,76.5,500,4.3111,-1.9698,Forward,Clockwise
21:56:46.185,12.5,77.4,500,3.6572,-1.7545,Right,Tilt Down
21:56:46.254,14.4,67.4,500,3.3702,-0.8320,Up,Pan Left
21:56:46.333,12.6,76.9,500,3.8611,-0.8656,Forward,Stable
21:56:46.426,10.8,90.0,500,4.2410,-0.6560,Right,Stable
21:56:46.503,13.0,74.7,500,3.9744,-0.6354,Forward,Stable
21:56:46.592,11.2,87.3,500,4.2583,-0.1933,Right,Stable
21:56:46.683,11.0,88.3,500,4.6765,0.6146,Forward,Counter-Clockwise
21:56:46.756,13.7,70.5,500,5.5902,1.0210,Right,Tilt Up
21:56:46.844,11.3,85.9,500,6.4423,1.3354,Forward,Stable
21:56:46.919,13.4,72.5,500,6.8811,2.0543,Forward,Stable
21:56:47.004,11.7,82.7,500,6.3724,1.9990,Up,Stable
21:56:47.073,14.4,67.1,500,5.9736,1.2089,Right,Stable
21:56:47.161,11.4,85.8,500,6.1791,0.4688,Right,Stable
21:56:47.239,12.9,75.4,500,5.3051,0.1912,Up,Stable
21:56:47.315,13.1,73.9,500,4.3175,0.3475,Up,Stable
21:56:47.386,14.1,68.5,500,3.5021,-0.2195,Up,Stable
21:56:47.464,12.8,75.8,500,3.2165,-1.1648,Right,Tilt Down
21:56:47.531,15.0,64.4,500,2.7839,-0.2759,Right,Tilt Up
21:56:47.606,13.2,73.2,500,2.2627,-0.6382,Up,Pan Right
21:56:47.688,12.3,79.0,500,2.9466,-0.0590,Up,Pan Left
21:56:47.779,10.9,88.9,500,3.3553,-0.6908,Right,Tilt Down
21:56:47.848,14.5,66.5,500,2.8503,0.0003,Up,Pan Right
21:56:47.921,13.6,71.0,500,3.1639,-0.4389,Right,Stable
21:56:47.997,13.2,73.5,500,3.8822,-0.2938,Right,Stable
21:56:48.082,11.7,82.9,500,4.7974,-0.6580,Right,Tilt Down
21:56:48.151,14.5,66.6,500,5.0107,0.3097,Forward,Counter-Clockwise
21:56:48.226,13.4,72.3,500,4.4109,-0.1970,Right,Stable
21:56:48.302,13.1,73.8,500,4.1131,0.5282,Up,Pan Right
21:56:48.379,12.9,75.2,500,3.7670,-0.4054,Up,Stable
21:56:48.460,12.4,78.4,500,3.8864,-1.1458,Right,Stable
21:56:48.537,13.0,74.9,500,4.0953,-2.0242,Right,Tilt Down
21:56:48.607,14.3,67.9,500,3.1913,-1.9059,Right,Tilt Up
21:56:48.685,12.8,76.1,500,3.3821,-2.2081,Right,Tilt Up
21:56:48.752,15.1,64.0,500,3.8912,-1.8567,Right,Stable
21:56:48.843,10.9,89.0,500,3.8730,-0.9694,Forward,Counter-Clockwise
21:56:48.914,14.0,68.7,500,3.7136,-0.1984,Right,Tilt Down
21:56:48.992,12.9,75.2,500,2.8932,0.0665,Up,Stable
21:56:49.063,14.1,68.6,500,3.4039,0.9069,Forward,Stable
21:56:49.138,13.3,72.9,500,3.8464,1.8037,Forward,Stable
21:56:49.208,14.2,68.1,500,4.0005,1.4552,Right,Tilt Up
21:56:49.284,13.2,73.4,500,3.3386,1.1907,Forward,Stable
21:56:49.359,13.4,72.6,500,3.6215,0.2704,Right,Stable
21:56:49.431,13.8,70.0,500,3.4607,-0.2616,Right,Stable
21:56:49.517,11.6,83.7,500,2.4962,-0.5032,Forward,Counter-Clockwise
21:56:49.587,14.2,67.9,500,2.9607,0.3601,Forward,Counter-Clockwise
21:56:49.663,13.1,74.0,500,3.3647,-0.3949,Right,Tilt Down
21:56:49.737,13.6,70.8,500,4.0717,0.0813,Forward,Stable
21:56:49.809,13.8,70.5,500,4.9174,0.5116,Right,Stable
21:56:49.897,11.5,84.9,500,5.5814,1.2439,Right,Stable
21:56:49.975,12.8,76.1,500,5.9402,1.7049,Right,Tilt Down
21:56:50.048,13.7,70.9,500,6.1004,0.7440,Right,Tilt Down
21:56:50.125,13.0,74.5,500,5.5329,0.3829,Forward,Counter-Clockwise
21:56:50.206,12.4,78.4,500,5.9161,1.1802,Right,Stable
21:56:50.288,12.2,79.9,500,5.9738,0.5565,Backward,Stable
21:56:50.361,13.6,71.3,500,6.8528,0.9152,Up,Stable
21:56:50.441,12.6,77.4,500,7.5624,1.4669,Up,Pan Left
21:56:50.513,13.9,69.5,500,7.4809,0.7240,Right,Tilt Up
21:56:50.591,12.7,76.2,500,8.0079,1.5444,Right,Stable
21:56:50.670,12.7,76.5,500,7.9563,2.4697,Right,Tilt Down
21:56:50.753,12.0,80.8,500,7.6358,1.5430,Right,Stable
21:56:50.826,13.7,71.0,500,7.9100,0.8705,Right,Tilt Down
21:56:50.900,13.5,72.0,500,8.6868,1.1841,Forward,Stable
21:56:50.998,10.3,95.1,500,8.1506,1.9328,Right,Tilt Down
21:56:51.069,14.0,69.2,500,8.8563,1.7191,Forward,Stable
21:56:51.151,12.3,78.9,500,9.4203,1.0520,Forward,Counter-Clockwise
21:56:51.220,14.4,67.2,500,8.8248,1.0699,Forward,Stable
21:56:51.302,12.2,79.6,500,8.2958,1.0317,Up,Pan Left
21:56:51.390,11.3,86.1,500,7.5356,1.4730,Right,Stable
21:56:51.459,14.6,66.4,500,7.0745,2.3588,Right,Tilt Up
21:56:51.536,12.9,75.0,500,7.3185,1.8239,Forward,Stable
21:56:51.630,10.7,91.0,500,7.8788,2.1148,Forward,Stable
21:56:51.715,11.7,83.3,500,7.4893,1.2341,Right,Stable
21:56:51.790,13.4,72.3,500,6.9074,0.6212,Right,Stable
21:56:51.869,12.7,76.8,500,7.4727,0.2081,Up,Stable
21:56:51.961,10.9,89.3,500,7.8618,0.6137,Up,Stable
21:56:52.042,12.3,79.2,500,7.7968,0.1668,Up,Stable
21:56:52.123,12.3,78.9,500,8.1733,0.7754,Up,Stable
21:56:52.193,14.3,67.6,500,8.9745,0.3546,Forward,Stable
21:56:52.266,13.8,70.1,500,9.6785,0.4922,Forward,Stable
21:56:52.354,11.3,86.6,500,10.4575,0.6071,Forward,Stable
21:56:52.427,13.8,70.0,500,11.2213,0.0005,Forward,Counter-Clockwise
21:56:52.512,11.7,83.4,500,11.4132,-0.2909,Right,Tilt Up
21:56:52.580,14.8,65.2,500,11.2071,-0.5558,Backward,Counter-Clockwise
21:56:52.662,12.1,80.2,500,11.7548,-1.2498,Right,Tilt Up
21:56:52.733,14.0,68.9,500,11.0556,-0.5992,Forward,Stable
21:56:52.813,12.6,77.4,500,11.9429,-0.6266,Right,Tilt Down
21:56:52.880,14.9,64.9,500,11.3952,-0.4993,Forward,Clockwise
21:56:52.949,14.7,65.9,500,11.7286,-0.5747,Forward,Stable
21:56:53.024,13.2,73.3,500,10.8514,-0.3658,Up,Pan Left
21:56:53.101,13.1,74.3,500,10.4016,0.4137,Forward,Stable
21:56:53.187,11.5,84.2,500,9.8786,-0.4004,Right,Tilt Down
21:56:53.264,13.0,74.6,500,9.6783,-1.3500,Forward,Counter-Clockwise
21:56:53.354,11.1,87.6,500,10.2402,-1.3026,Forward,Clockwise
21:56:53.427,13.8,70.4,500,10.4227,-1.9680,Forward,Counter-Clockwise
21:56:53.499,13.9,69.6,500,10.9886,-2.1436,Forward,Stable
21:56:53.570,14.2,68.4,500,11.4211,-2.5288,Forward,Stable
21:56:53.653,12.0,80.9,500,11.3873,-2.1993,Forward,Counter-Clockwise
21:56:53.736,12.0,80.9,500,11.2595,-2.8063,Forward,Stable
21:56:53.811,13.2,73.2,500,11.9425,-2.6134,Up,Pan Right
21:56:53.886,13.4,72.5,500,12.4878,-1.8832,Forward,Stable
21:56:53.962,13.1,74.1,500,13.1279,-2.6303,Right,Stable
21:56:54.046,12.0,81.2,500,13.7084,-2.7498,Up,Stable
21:56:54.121,13.3,72.9,500,14.4379,-2.5538,Up,Pan Left
21:56:54.194,13.7,70.8,500,15.3884,-2.3615,Up,Stable
21:56:54.290,10.5,93.1,500,15.2332,-1.4243,Right,Stable
21:56:54.373,12.1,80.6,500,14.5704,-0.7368,Right,Tilt Down
21:56:54.456,12.0,80.6,500,14.4753,-1.7311,Right,Tilt Down
21:56:54.525,14.4,67.2,500,14.7558,-0.8671,Right,Stable
21:56:54.605,12.5,77.8,500,14.0044,-0.2072,Right,Tilt Down
21:56:54.682,13.1,73.7,500,13.8200,-1.1438,Forward,Clockwise
21:56:54.753,14.0,69.3,500,12.9429,-1.2844,Right,Stable
21:56:54.840,11.6,84.1,500,12.1538,-1.1667,Right,Stable
21:56:54.915,13.3,72.9,500,11.7253,-0.6472,Right,Tilt Up
21:56:54.997,12.2,79.6,500,12.5300,-0.0840,Forward,Stable
21:56:55.083,11.6,83.6,500,12.1763,0.7961,Right,Tilt Up
21:56:55.158,13.3,72.9,500,12.7649,-0.0118,Right,Tilt Down
21:56:55.242,12.0,81.3,500,12.3410,-0.0369,Forward,Clockwise
21:56:55.338,10.3,94.3,500,11.4480,0.3522,Right,Stable
21:56:55.408,14.3,67.3,500,10.4735,0.5579,Right,Stable
21:56:55.488,12.4,78.0,500,9.5379,0.2118,Right,Stable
21:56:55.568,12.6,77.1,500,9.7794,-0.2555,Forward,Clockwise
21:56:55.651,12.0,81.3,500,10.5402,0.3932,Right,Stable
21:56:55.737,11.7,83.3,500,11.1487,0.7013,Backward,Stable
21:56:55.820,12.0,81.0,500,12.1369,0.8505,Right,Stable
21:56:55.891,14.0,69.0,500,11.8249,0.5633,Forward,Clockwise
21:56:55.969,12.9,74.9,500,12.3180,-0.2203,Forward,Stable
21:56:56.048,12.6,77.3,500,11.6937,-0.1435,Right,Tilt Up
21:56:56.129,12.4,78.7,500,12.0908,0.6646,Forward,Stable
21:56:56.217,11.5,85.0,500,11.4312,0.3048,Backward,Counter-Clockwise
21:56:56.289,13.9,69.9,500,10.6215,-0.2192,Right,Stable
21:56:56.364,13.3,72.9,500,10.8282,-1.1399,Right,Stable
21:56:56.464,10.0,97.7,500,11.1551,-2.0754,Up,Pan Left
21:56:56.540,13.1,73.9,500,11.6337,-1.5456,Right,Stable
21:56:56.625,11.8,82.6,500,10.9262,-1.1903,Forward,Counter-Clockwise
21:56:56.699,13.6,71.1,500,10.6513,-0.8577,Right,Tilt Down
21:56:56.775,13.2,73.8,500,11.5816,-0.4924,Right,Tilt Up
21:56:56.858,12.0,81.0,500,12.1721,-1.2990,Right,Tilt Up
21:56:56.940,12.2,79.7,500,12.5610,-2.1822,Forward,Counter-Clockwise
21:56:57.012,13.9,69.4,500,12.4381,-1.8950,Forward,Stable
21:56:57.085,13.7,70.9,500,12.2688,-1.3906,Forward,Counter-Clockwise
21:56:57.163,12.9,75.1,500,12.9190,-1.0348,Right,Tilt Down
21:56:57.243,12.4,78.3,500,13.7914,-1.3040,Right,Stable
21:56:57.318,13.4,72.5,500,14.4368,-0.6906,Right,Stable
21:56:57.403,11.8,82.6,500,14.6581,-0.7114,Up,Stable
21:56:57.492,11.2,87.0,500,15.2095,-1.2311,Forward,Clockwise
21:56:57.584,10.9,89.6,500,14.4493,-1.1788,Up,Pan Left
21:56:57.657,13.6,71.1,500,14.8004,-2.0446,Right,Stable
21:56:57.747,11.1,87.4,500,15.2505,-1.9554,Forward,Stable
21:56:57.819,13.9,69.5,500,15.6521,-1.4766,Backward,Stable
21:56:57.894,13.3,73.0,500,15.3872,-2.4208,Right,Stable
21:56:57.974,12.5,77.5,500,16.3616,-2.3664,Up,Pan Left
21:56:58.057,12.1,80.5,500,16.0074,-1.4852,Forward,Stable
21:56:58.132,13.3,73.1,500,16.1644,-1.0897,Forward,Stable
21:56:58.208,13.2,73.3,500,15.2589,-0.9842,Up,Stable
21:56:58.283,13.3,72.8,500,15.0768,-0.2012,Right,Stable
21:56:58.359,13.1,74.0,500,15.0432,-1.1875,Backward,Counter-Clockwise
21:56:58.442,12.1,79.9,500,14.3730,-1.9199,Backward,Stable
21:56:58.521,12.6,77.0,500,14.6113,-2.6982,Right,Tilt Up
21:56:58.611,11.1,88.2,500,14.6817,-1.7009,Right,Stable
21:56:58.682,14.1,68.7,500,15.0522,-1.0642,Right,Stable
21:56:58.758,13.3,73.0,500,16.0118,-1.1311,Forward,Counter-Clockwise
21:56:58.847,11.2,86.7,500,16.0864,-1.2722,Right,Tilt Up
21:56:58.917,14.3,67.7,500,16.2458,-1.6719,Up,Stable
21:56:58.995,12.8,75.7,500,16.7624,-1.3081,Up,Pan Right
21:56:59.073,12.8,75.8,500,17.6357,-1.5790,Up,Pan Left
21:56:59.148,13.2,73.3,500,17.8448,-0.9662,Up,Pan Right
21:56:59.235,11.5,84.4,500,18.8132,-1.0838,Right,Stable
21:56:59.305,14.3,67.8,500,19.2823,-0.3907,Right,Stable
21:56:59.387,12.2,79.5,500,19.9793,0.0334,Right,Tilt Down
21:56:59.468,12.3,79.0,500,20.2771,-0.4548,Right,Stable
21:56:59.545,13.0,74.4,500,20.6394,-0.7519,Right,Tilt Down
21:56:59.640,10.6,92.3,500,21.2535,-0.7308,Forward,Stable
21:56:59.724,11.8,82.3,500,21.5942,-1.5577,Forward,Counter-Clockwise
21:56:59.802,12.9,75.5,500,21.0372,-2.0106,Forward,Counter-Clockwise
21:56:59.874,13.9,69.6,500,21.0145,-2.1245,Forward,Clockwise
21:56:59.951,13.0,74.5,500,21.8147,-2.5525,Forward,Stable
21:57:00.042,11.0,89.0,500,21.9812,-3.1215,Forward,Clockwise
21:57:00.132,11.2,87.4,500,21.3047,-3.4449,Forward,Clockwise
21:57:00.205,13.6,71.4,500,20.8717,-4.0812,Right,Tilt Up
21:57:00.282,13.0,74.9,500,20.8311,-4.6646,Forward,Stable
21:57:00.360,12.9,75.1,500,20.3533,-3.7981,Up,Pan Left
21:57:00.442,12.2,79.8,500,20.0062,-3.0422,Forward,Stable
21:57:00.514,13.9,69.6,500,19.3342,-3.7292,Right,Tilt Up
21:57:00.583,14.5,66.9,500,19.3361,-2.7316,Right,Stable
21:57:00.660,13.0,74.6,500,19.5065,-3.4246,Forward,Clockwise
21:57:00.760,10.0,97.5,500,19.9941,-2.7202,Forward,Stable
21:57:00.836,13.1,73.8,500,20.6171,-2.2247,Right,Stable
21:57:00.921,11.8,82.6,500,20.2943,-1.4257,Up,Pan Left
21:57:01.002,12.2,79.5,500,19.9531,-2.3013,Forward,Counter-Clockwise
21:57:01.085,12.1,80.6,500,19.5337,-1.5372,Right,Stable
21:57:01.160,13.4,72.5,500,18.7537,-1.1748,Right,Stable
21:57:01.239,12.7,76.8,500,18.3531,-0.3992,Right,Tilt Up
21:57:01.325,11.7,83.5,500,18.0660,-1.2105,Right,Stable
21:57:01.399,13.5,70.1,500,17.3863,-1.9410,Right,Stable
21:57:01.468,14.5,66.9,500,16.8327,-1.7852,Up,Stable
21:57:01.547,12.6,77.3,500,16.7380,-2.5497,Right,Stable
21:57:01.624,13.1,74.3,500,16.3889,-3.3448,Right,Tilt Down
21:57:01.697,13.7,70.7,500,16.3794,-3.5742,Forward,Stable
21:57:01.776,12.6,76.8,500,16.0682,-2.7268,Right,Tilt Up
21:57:01.870,10.7,91.5,500,15.9963,-3.6132,Right,Stable
21:57:01.943,13.7,70.8,500,15.2737,-2.9247,Up,Stable
21:57:02.030,11.5,84.4,500,15.8324,-3.6094,Right,Tilt Down
21:57:02.098,14.7,65.9,500,14.9304,-4.0360,Right,Stable
21:57:02.175,13.0,74.7,500,14.4547,-4.1166,Forward,Clockwise
21:57:02.252,13.0,74.6,500,14.7290,-4.4388,Right,Tilt Up
21:57:02.335,12.0,81.0,500,15.0847,-5.1372,Right,Stable
21:57:02.409,13.5,72.0,500,15.8907,-5.7071,Forward,Clockwise
21:57:02.481,13.9,69.7,500,14.8938,-5.7847,Right,Tilt Up
21:57:02.570,11.3,86.4,500,15.4927,-5.9660,Right,Stable
21:57:02.646,13.1,74.2,500,16.3619,-5.8829,Right,Stable
21:57:02.730,11.9,81.6,500,16.5602,-5.3294,Up,Stable
21:57:02.805,13.4,72.3,500,17.0988,-5.3298,Right,Tilt Up
21:57:02.880,13.3,72.9,500,17.1767,-5.8265,Right,Stable
21:57:02.968,11.3,86.2,500,17.0078,-4.9881,Forward,Counter-Clockwise
21:57:03.052,12.0,81.1,500,16.4655,-4.9438,Right,Stable
21:57:03.128,13.2,73.5,500,15.8317,-4.8327,Forward,Counter-Clockwise
21:57:03.215,11.4,85.0,500,15.8047,-5.6848,Up,Pan Left
21:57:03.292,13.0,74.4,500,14.8644,-5.3887,Up,Pan Left
21:57:03.368,13.1,73.8,500,15.8066,-5.7206,Up,Pan Right
21:57:03.451,12.0,81.0,500,15.3679,-5.2297,Up,Stable
21:57:03.526,13.3,73.0,500,15.0176,-5.0876,Up,Stable
21:57:03.609,12.2,79.9,500,15.6085,-4.8162,Right,Tilt Down
21:57:03.677,14.6,66.4,500,16.3343,-4.8949,Right,Stable
21:57:03.757,12.6,77.2,500,15.5449,-4.3103,Up,Stable
21:57:03.843,11.7,83.5,500,15.3611,-4.3665,Right,Tilt Down
21:57:03.917,13.4,72.2,500,14.7570,-4.5845,Right,Stable
21:57:04.004,11.5,84.4,500,14.4807,-4.4147,Right,Stable
21:57:04.082,12.8,75.7,500,13.9349,-4.7460,Right,Stable
21:57:04.165,12.1,80.3,500,13.5660,-4.5814,Up,Stable
21:57:04.243,12.7,76.2,500,14.4911,-4.2025,Forward,Counter-Clockwise
21:57:04.321,12.8,75.6,500,13.6281,-4.5794,Forward,Counter-Clockwise
21:57:04.408,11.5,84.2,500,12.9947,-4.2613,Right,Stable
21:57:04.481,13.6,71.2,500,12.0297,-4.2435,Right,Stable
21:57:04.554,13.8,70.2,500,11.1002,-4.4469,Right,Stable
21:57:04.641,11.4,85.3,500,10.6977,-4.5379,Right,Stable
21:57:04.713,13.9,69.8,500,9.8859,-4.8031,Right,Stable
21:57:04.797,11.9,81.4,500,8.9824,-4.5303,Right,Stable
21:57:04.867,14.3,67.8,500,9.9722,-4.4452,Forward,Stable
21:57:04.943,13.3,73.1,500,9.4359,-3.9961,Up,Pan Left
21:57:05.024,12.3,78.8,500,10.0797,-4.5769,Right,Stable
21:57:05.116,10.8,90.1,500,9.6363,-5.2960,Right,Tilt Down
21:57:05.206,11.1,87.9,500,9.5521,-4.6565,Backward,Clockwise
21:57:05.280,13.5,71.7,500,9.4916,-5.6424,Forward,Clockwise
21:57:05.359,12.7,76.3,500,10.4080,-5.4020,Right,Tilt Down
21:57:05.448,11.2,86.7,500,10.8449,-5.3402,Right,Stable
21:57:05.528,12.5,77.7,500,11.2333,-4.4692,Forward,Stable
21:57:05.613,11.7,82.9,500,11.3699,-3.6269,Forward,Clockwise
21:57:05.682,14.4,67.3,500,11.2129,-2.6458,Forward,Stable
21:57:05.763,12.5,78.0,500,11.9150,-2.6828,Up,Stable
21:57:05.850,11.5,84.8,500,11.5439,-1.7548,Forward,Stable
21:57:05.930,12.5,77.5,500,11.2437,-0.8011,Forward,Clockwise
21:57:06.007,13.0,74.9,500,10.6365,-0.0418,Forward,Counter-Clockwise
21:57:06.084,12.9,75.2,500,10.5583,-0.2329,Right,Stable
21:57:06.164,12.5,77.5,500,10.5687,-0.8593,Right,Stable
21:57:06.247,12.1,80.6,500,9.8646,-1.5578,Right,Tilt Up
21:57:06.333,11.6,83.9,500,9.7181,-0.9228,Right,Tilt Up
21:57:06.416,12.0,80.8,500,8.7866,-0.5591,Forward,Counter-Clockwise
21:57:06.493,13.1,73.9,500,9.0448,0.3982,Forward,Stable
21:57:06.562,14.4,67.1,500,9.4871,1.2492,Forward,Clockwise
21:57:06.637,13.3,72.6,500,8.8221,1.8644,Forward,Stable
21:57:06.724,11.5,84.9,500,9.0094,2.0127,Right,Stable
21:57:06.792,14.7,65.7,500,9.9491,2.1226,Up,Pan Left
21:57:06.879,11.5,84.4,500,9.5924,1.2619,Forward,Stable
21:57:06.960,12.4,77.5,500,8.9210,1.4855,Up,Stable
21:57:07.038,12.8,76.0,500,9.1031,0.5063,Forward,Stable
21:57:07.108,14.2,68.1,500,9.9732,0.9638,Right,Tilt Down
21:57:07.192,11.9,81.4,500,9.7814,1.7456,Up,Stable
21:57:07.279,11.5,84.7,500,9.9648,2.1372,Up,Pan Left
21:57:07.361,12.2,79.3,500,9.4371,2.9380,Right,Tilt Down
21:57:07.431,14.2,68.3,500,9.7699,2.1168,Up,Stable
21:57:07.507,13.2,73.6,500,9.7472,1.7534,Right,Stable
21:57:07.585,12.8,75.5,500,9.8330,1.8327,Forward,Stable
21:57:07.665,12.5,77.9,500,9.6150,2.8004,Forward,Stable
21:57:07.744,12.7,76.5,500,10.0773,1.9513,Up,Pan Left
21:57:07.824,12.5,77.6,500,9.7227,2.6537,Up,Pan Right
21:57:07.904,12.5,77.6,500,9.7903,2.1801,Right,Tilt Up
21:57:07.979,13.2,73.4,500,10.7369,2.0261,Up,Stable
21:57:08.065,11.6,83.6,500,10.6880,2.6010,Right,Stable
21:57:08.146,12.4,78.1,500,11.4795,2.7305,Up,Pan Left
21:57:08.221,13.3,73.2,500,12.2793,2.1675,Right,Tilt Down
21:57:08.295,13.5,72.0,500,12.1518,2.3276,Forward,Stable
21:57:08.390,10.6,92.5,500,11.6618,3.1893,Forward,Counter-Clockwise
21:57:08.472,12.2,79.7,500,12.5649,3.1227,Forward,Stable
21:57:08.549,13.0,74.8,500,12.8618,4.0054,Right,Tilt Down
21:57:08.631,12.3,79.1,500,13.2917,3.3512,Right,Stable
21:57:08.708,13.0,74.7,500,14.1503,3.0934,Right,Tilt Down
21:57:08.795,11.5,84.6,500,13.4853,3.7880,Right,Tilt Up
21:57:08.872,12.9,75.1,500,12.9098,3.0326,Right,Stable
21:57:08.961,11.2,86.7,500,12.8986,3.1537,Up,Pan Left
21:57:09.040,12.6,77.0,500,13.5235,3.6362,Right,Tilt Up
21:57:09.117,12.9,75.0,500,12.9169,3.8427,Right,Tilt Up
21:57:09.196,12.7,76.5,500,13.0477,4.6146,Right,Tilt Down
21:57:09.283,11.7,83.3,500,13.2329,3.8689,Right,Tilt Down
21:57:09.355,13.6,70.4,500,12.9411,4.3883,Right,Tilt Down
21:57:09.439,11.9,81.6,500,13.7542,4.0386,Forward,Stable
21:57:09.531,10.9,88.9,500,14.5515,3.6657,Forward,Clockwise
21:57:09.606,13.3,72.7,500,15.1499,2.8765,Forward,Stable
21:57:09.680,13.5,71.8,500,14.9569,3.7721,Right,Stable
21:57:09.762,12.2,79.6,500,15.7186,3.2104,Forward,Stable
21:57:09.840,12.7,76.4,500,15.7082,3.7544,Right,Stable
21:57:09.916,13.2,73.7,500,15.9935,4.7029,Right,Tilt Up
21:57:09.990,13.5,72.0,500,16.4966,3.8695,Right,Tilt Down
21:57:10.073,12.1,80.4,500,16.3137,4.8070,Right,Tilt Down
21:57:10.142,14.5,66.8,500,15.7935,4.5488,Forward,Counter-Clockwise
21:57:10.218,13.2,73.3,500,16.4207,5.3027,Forward,Counter-Clockwise
21:57:10.300,12.2,79.4,500,17.0690,5.9072,Right,Stable
21:57:10.375,13.3,72.7,500,16.8829,5.2912,Forward,Clockwise
21:57:10.451,13.2,73.5,500,17.7650,5.6305,Forward,Counter-Clockwise
21:57:10.537,11.6,83.8,500,17.3047,5.7144,Right,Stable
21:57:10.619,12.1,80.3,500,16.9880,6.1271,Up,Pan Left
21:57:10.707,11.4,85.2,500,17.4319,5.7580,Right,Stable
21:57:10.783,13.1,73.9,500,18.1025,5.1096,Right,Tilt Up
21:57:10.863,12.4,78.1,500,17.8246,4.6810,Up,Stable
21:57:10.936,13.8,70.1,500,17.5955,4.4977,Up,Pan Left
21:57:11.014,12.8,75.8,500,16.6502,4.3137,Forward,Clockwise
21:57:11.093,12.6,76.9,500,16.5014,3.5157,Right,Tilt Up
21:57:11.170,13.0,74.5,500,17.1126,3.7019,Up,Pan Right
21:57:11.254,11.9,82.1,500,16.2048,3.9476,Up,Pan Right
21:57:11.335,12.5,78.0,500,16.9271,4.6372,Right,Tilt Up
21:57:11.412,12.9,75.4,500,17.1173,5.1798,Up,Stable
21:57:11.492,12.5,77.6,500,17.2509,5.9599,Forward,Stable
21:57:11.566,13.5,72.0,500,17.5245,5.0159,Right,Tilt Down
21:57:11.661,10.6,92.0,500,17.6711,5.9174,Right,Stable
21:57:11.733,13.9,69.8,500,18.1127,5.8917,Forward,Clockwise
21:57:11.819,11.6,83.5,500,18.1247,6.3237,Up,Stable
21:57:11.902,12.0,81.4,500,17.9710,6.7451,Up,Pan Right
21:57:11.979,13.0,74.7,500,18.6313,6.9922,Forward,Stable
21:57:12.055,13.3,73.0,500,19.5188,6.6929,Forward,Stable
21:57:12.141,11.5,84.5,500,19.9419,7.4570,Right,Tilt Down
21:57:12.218,13.1,74.2,500,20.5858,7.5096,Right,Tilt Up
21:57:12.294,13.1,74.1,500,20.5648,7.5151,Forward,Counter-Clockwise
21:57:12.381,11.5,84.7,500,21.4867,7.5025,Right,Stable
21:57:12.458,13.0,74.3,500,22.4541,7.6591,Up,Stable
21:57:12.543,11.8,82.4,500,23.2404,7.0581,Right,Tilt Up
21:57:12.626,12.0,80.9,500,23.4922,7.9459,Right,Stable
21:57:12.713,11.5,84.8,500,22.9584,8.7866,Right,Stable
21:57:12.797,11.9,81.3,500,22.7821,8.6042,Forward,Stable
21:57:12.872,13.3,72.8,500,23.0501,9.0551,Right,Tilt Down
21:57:12.960,11.3,85.9,500,22.0505,9.0829,Right,Tilt Up
21:57:13.032,13.9,69.6,500,22.6434,9.6480,Forward,Stable
21:57:13.118,11.6,83.6,500,22.5544,10.1475,Forward,Stable
21:57:13.195,13.0,74.5,500,21.5776,10.0248,Right,Tilt Down
21:57:13.277,12.1,80.3,500,20.6342,10.3458,Right,Tilt Up
21:57:13.361,11.9,81.6,500,21.4463,10.4219,Forward,Stable
21:57:13.436,13.4,72.6,500,21.1449,11.3189,Right,Stable
21:57:13.511,13.4,72.5,500,21.9497,10.8071,Forward,Stable
21:57:13.584,13.6,71.3,500,21.0900,10.6093,Right,Stable
21:57:13.666,12.2,79.6,500,20.4033,11.2916,Right,Stable
21:57:13.753,11.6,84.1,500,20.6604,12.0713,Up,Pan Left
21:57:13.848,10.4,93.4,500,21.5673,11.6502,Right,Stable
21:57:13.931,12.2,80.0,500,22.4888,11.9198,Right,Tilt Down
21:57:14.014,12.0,80.9,500,22.8219,11.2307,Forward,Stable
21:57:14.097,12.0,81.1,500,22.5197,11.1617,Up,Pan Left
21:57:14.183,11.7,83.4,500,23.4027,10.7515,Backward,Counter-Clockwise
21:57:14.261,12.8,75.6,500,23.3565,10.7541,Right,Tilt Up
21:57:14.337,13.2,73.5,500,23.5996,10.4370,Forward,Counter-Clockwise
21:57:14.417,12.4,78.0,500,23.9951,9.7450,Forward,Stable
21:57:14.496,12.7,76.3,500,23.7063,8.7949,Forward,Stable
21:57:14.577,12.3,79.2,500,22.8127,9.2032,Right,Stable
21:57:14.656,12.6,77.0,500,22.6630,8.8276,Up,Stable
21:57:14.734,12.9,75.6,500,21.8896,9.3215,Right,Tilt Up
21:57:14.818,11.9,81.9,500,22.6237,9.9104,Forward,Stable
21:57:14.912,10.6,91.7,500,22.4305,10.7415,Right,Tilt Down
21:57:14.997,11.8,82.2,500,23.0234,9.9930,Forward,Counter-Clockwise
21:57:15.076,12.7,76.7,500,22.4899,9.1991,Right,Tilt Up
21:57:15.161,11.7,82.8,500,21.6508,9.7318,Right,Tilt Up
21:57:15.242,12.4,78.2,500,21.1013,9.5171,Forward,Stable
21:57:15.329,11.4,85.2,500,21.1683,9.2337,Up,Pan Left
21:57:15.408,12.7,76.5,500,22.0670,9.3452,Forward,Clockwise
21:57:15.493,11.7,83.1,500,21.1645,9.7760,Forward,Stable
21:57:15.560,14.9,64.8,500,21.5417,9.0422,Right,Stable
21:57:15.645,11.8,82.8,500,20.5662,9.1973,Forward,Counter-Clockwise
21:57:15.719,13.7,70.9,500,20.7118,10.0319,Forward,Stable
21:57:15.801,12.2,80.0,500,20.8014,10.7636,Forward,Clockwise
21:57:15.877,13.2,73.3,500,19.8374,10.7330,Forward,Counter-Clockwise
21:57:15.966,11.2,86.8,500,19.6110,11.4761,Up,Stable
21:57:16.052,11.6,83.9,500,19.0711,12.0349,Right,Stable
21:57:16.129,13.0,74.7,500,18.4843,11.8064,Right,Tilt Up
21:57:16.222,10.7,90.8,500,18.4592,10.8462,Forward,Stable
21:57:16.301,12.6,77.0,500,18.4667,9.8565,Forward,Clockwise
21:57:16.390,11.3,86.5,500,17.9643,10.2710,Right,Tilt Up
21:57:16.468,12.8,75.7,500,17.0987,9.7721,Right,Stable
21:57:16.557,11.2,86.7,500,16.6875,9.2102,Right,Stable
21:57:16.638,12.3,79.0,500,16.5894,8.3999,Right,Tilt Down
21:57:16.713,13.4,72.2,500,16.9388,9.3125,Right,Tilt Down
21:57:16.785,13.9,69.8,500,17.4219,8.7917,Right,Tilt Up
21:57:16.864,12.6,77.2,500,17.0615,9.1150,Forward,Counter-Clockwise
21:57:16.949,11.8,82.3,500,17.1059,8.1235,Right,Tilt Up
21:57:17.015,15.1,63.9,500,17.1043,8.9456,Right,Stable
21:57:17.110,10.6,92.0,500,17.3917,9.8659,Right,Tilt Up
21:57:17.184,13.5,72.0,500,17.9815,10.0820,Forward,Counter-Clockwise
21:57:17.259,13.3,72.6,500,18.7537,10.4214,Right,Stable
21:57:17.339,12.5,77.8,500,19.6499,10.8097,Right,Tilt Down
21:57:17.418,12.7,76.5,500,19.4557,11.3943,Forward,Counter-Clockwise
21:57:17.503,11.8,82.6,500,19.1181,10.6434,Backward,Stable
21:57:17.581,12.8,76.1,500,18.5667,9.9299,Right,Tilt Down
21:57:17.662,12.4,78.1,500,17.6286,10.1626,Forward,Counter-Clockwise
21:57:17.735,13.7,70.8,500,16.7725,10.4920,Right,Tilt Up
21:57:17.806,14.0,69.0,500,17.3438,9.9392,Forward,Stable
21:57:17.876,14.3,67.6,500,16.6230,10.0009,Right,Tilt Up
21:57:17.959,12.0,81.1,500,15.9237,9.6951,Forward,Stable
21:57:18.034,13.4,72.6,500,16.9179,9.5992,Backward,Stable
21:57:18.120,11.6,83.8,500,16.6693,8.7717,Right,Tilt Down
21:57:18.209,11.2,86.7,500,15.9869,8.3510,Forward,Stable
21:57:18.297,11.4,85.4,500,16.2289,9.2263,Right,Tilt Down
21:57:18.380,12.1,80.6,500,16.3797,8.5653,Forward,Counter-Clockwise
21:57:18.455,13.3,72.9,500,15.9833,7.6976,Right,Stable
21:57:18.532,13.0,74.8,500,15.5296,7.0666,Right,Stable
21:57:18.616,11.9,81.5,500,15.5664,7.8415,Forward,Stable
21:57:18.697,12.3,79.1,500,14.6246,7.5145,Right,Stable
21:57:18.771,13.5,72.0,500,14.6667,8.1162,Forward,Stable
21:57:18.848,13.0,74.8,500,13.9745,7.6811,Up,Stable
21:57:18.929,12.3,78.8,500,13.0650,7.4081,Up,Stable
21:57:19.018,11.3,86.6,500,12.5207,6.7195,Right,Tilt Down
21:57:19.096,12.8,75.5,500,12.3069,5.8509,Forward,Counter-Clockwise
21:57:19.175,12.6,76.7,500,13.2718,5.8370,Forward,Stable
21:57:19.270,10.5,92.9,500,12.8560,6.6291,Right,Stable
21:57:19.354,11.9,81.5,500,13.7552,6.5422,Forward,Clockwise
21:57:19.435,12.4,78.7,500,13.4761,6.0762,Up,Stable
21:57:19.512,13.0,74.7,500,13.2344,7.0446,Right,Tilt Down
21:57:19.596,11.9,81.5,500,12.9189,6.5180,Right,Tilt Down
21:57:19.670,13.6,71.3,500,13.8086,6.5754,Right,Stable
21:57:19.745,13.3,73.0,500,14.7955,6.5352,Right,Stable
21:57:19.816,14.1,68.7,500,15.5207,6.4484,Forward,Stable
21:57:19.891,13.3,73.2,500,15.9032,7.3680,Up,Pan Right
21:57:19.965,13.5,71.8,500,15.5380,6.5349,Right,Tilt Up
21:57:20.050,11.7,82.7,500,15.5527,7.0971,Up,Stable
21:57:20.117,15.0,64.6,500,15.3595,8.0407,Backward,Stable
21:57:20.203,11.7,83.4,500,16.0863,7.3671,Forward,Clockwise
21:57:20.271,14.7,65.8,500,15.5905,8.2270,Forward,Stable
21:57:20.367,10.4,94.2,500,15.7453,8.2844,Right,Stable
21:57:20.453,11.7,83.0,500,15.8652,8.5308,Up,Pan Right
21:57:20.530,13.0,74.9,500,15.1381,8.6339,Right,Tilt Down
21:57:20.610,12.4,78.2,500,15.1699,7.7493,Right,Tilt Up
21:57:20.677,14.9,64.8,500,15.2795,8.6136,Right,Tilt Up
21:57:20.757,12.5,77.6,500,15.2550,9.6108,Forward,Counter-Clockwise
21:57:20.842,11.8,82.4,500,16.1134,9.8781,Right,Tilt Down
21:57:20.915,13.7,70.9,500,16.1788,10.2194,Up,Stable
21:57:20.989,13.6,71.2,500,17.0878,10.1649,Right,Stable
21:57:21.067,12.8,75.9,500,18.0569,9.9203,Right,Tilt Up
21:57:21.147,12.4,78.5,500,19.0049,9.6370,Right,Tilt Down
21:57:21.223,13.2,73.4,500,19.1275,9.8978,Up,Stable
21:57:21.308,11.8,82.3,500,20.0146,10.1779,Right,Tilt Up
21:57:21.395,11.5,84.4,500,20.4620,11.0465,Forward,Counter-Clockwise
21:57:21.483,11.2,86.6,500,19.5615,11.4707,Right,Stable
21:57:21.562,12.8,76.1,500,20.1737,10.8418,Forward,Clockwise
21:57:21.643,12.3,78.9,500,20.2502,11.3552,Right,Tilt Up
21:57:21.722,12.7,76.4,500,19.5405,12.0171,Forward,Stable
21:57:21.793,14.0,69.1,500,18.9618,12.3369,Forward,Counter-Clockwise
21:57:21.872,12.7,76.7,500,18.7282,11.3853,Up,Pan Left
21:57:21.950,12.9,75.3,500,19.4341,11.6837,Right,Tilt Up
21:57:22.029,12.6,77.3,500,18.4781,11.9238,Right,Stable
21:57:22.107,12.8,76.1,500,17.9208,11.6741,Right,Tilt Down
21:57:22.186,12.7,76.1,500,17.7837,12.0618,Right,Stable
21:57:22.263,12.9,75.1,500,17.4175,12.2241,Right,Tilt Down
21:57:22.332,14.4,67.0,500,17.8871,11.5073,Up,Pan Right
21:57:22.423,11.0,88.3,500,17.5936,10.6038,Right,Tilt Up
21:57:22.513,11.1,88.0,500,16.6675,10.7141,Right,Stable
21:57:22.600,11.5,84.3,500,16.7218,11.6639,Right,Tilt Up
21:57:22.677,13.0,74.4,500,17.6622,11.6968,Forward,Stable
21:57:22.755,12.8,76.0,500,17.6985,10.7022,Right,Stable
21:57:22.829,13.4,72.1,500,17.8283,11.6938,Forward,Stable
21:57:22.902,13.8,70.3,500,17.3010,11.9165,Up,Pan Right
21:57:22.987,11.7,82.9,500,16.9096,11.0371,Forward,Clockwise
21:57:23.057,14.3,67.6,500,16.5727,11.8815,Right,Tilt Down
21:57:23.136,12.7,76.4,500,17.4240,11.4034,Forward,Stable
21:57:23.221,11.8,82.7,500,16.4549,11.6494,Right,Stable
21:57:23.296,13.3,72.8,500,16.5537,10.6559,Forward,Counter-Clockwise
21:57:23.375,12.6,77.0,500,15.6348,11.0443,Forward,Stable
21:57:23.451,13.1,74.1,500,14.7855,11.0310,Forward,Stable
21:57:23.540,11.3,86.0,500,13.9346,11.0361,Forward,Clockwise
21:57:23.636,10.3,94.1,500,14.8428,11.2878,Forward,Counter-Clockwise
21:57:23.711,13.4,72.2,500,14.7742,11.3273,Right,Tilt Down
21:57:23.784,13.7,70.7,500,14.0772,11.5937,Right,Tilt Down
21:57:23.860,13.1,73.9,500,14.5468,12.4522,Up,Pan Left
21:57:23.943,12.1,80.5,500,15.1394,11.6788,Forward,Stable
21:57:24.020,13.0,74.7,500,14.8788,11.3550,Forward,Clockwise
21:57:24.105,11.8,82.4,500,15.2792,10.9670,Forward,Counter-Clockwise
21:57:24.173,14.7,65.6,500,15.1965,10.4262,Forward,Stable
21:57:24.245,13.8,70.3,500,14.9340,11.2173,Up,Stable
21:57:24.331,11.7,83.4,500,15.2533,11.2644,Forward,Stable
21:57:24.410,12.6,76.9,500,15.8686,11.8654,Right,Stable
21:57:24.496,11.7,82.9,500,16.4682,12.4718,Right,Tilt Up
21:57:24.565,14.3,67.5,500,17.1839,11.8827,Forward,Counter-Clockwise
21:57:24.655,11.1,87.8,500,16.3001,12.1913,Right,Stable
21:57:24.749,10.7,91.1,500,16.2130,13.1868,Forward,Stable
21:57:24.818,14.5,66.6,500,15.2824,13.1979,Right,Stable
21:57:24.905,11.5,84.6,500,14.4171,13.2012,Right,Stable
21:57:24.981,13.1,74.3,500,13.5048,13.0480,Right,Stable
21:57:25.066,11.8,82.7,500,13.0933,13.8187,Forward,Clockwise
21:57:25.138,14.0,69.2,500,13.0145,14.5730,Forward,Clockwise
21:57:25.226,11.3,85.9,500,12.0603,14.8637,Forward,Stable
21:57:25.295,14.5,66.8,500,11.6239,14.0091,Right,Tilt Up
21:57:25.378,12.1,80.4,500,12.2255,14.4523,Backward,Stable
21:57:25.463,11.7,83.1,500,12.6003,15.3510,Up,Stable
21:57:25.541,12.9,75.3,500,13.1064,14.6505,Forward,Stable
21:57:25.629,11.4,85.6,500,12.5690,15.4046,Right,Stable
21:57:25.715,11.6,84.1,500,12.3599,16.3058,Right,Stable
21:57:25.806,11.0,88.7,500,12.5389,16.4975,Forward,Clockwise
21:57:25.885,12.7,76.7,500,13.4797,16.1587,Right,Tilt Down
21:57:25.954,14.5,66.6,500,13.0930,15.2818,Up,Stable
21:57:26.029,13.3,72.6,500,12.9387,15.3721,Right,Stable
21:57:26.111,12.3,79.3,500,13.9124,15.2115,Forward,Stable
21:57:26.190,12.6,77.4,500,14.6044,14.5828,Right,Stable
21:57:26.263,13.8,70.3,500,15.1900,14.0545,Forward,Counter-Clockwise
21:57:26.360,10.3,94.9,500,14.2920,13.7421,Forward,Stable
21:57:26.446,11.6,83.8,500,13.6058,13.2602,Forward,Clockwise
21:57:26.518,13.9,69.7,500,14.2147,12.4966,Right,Stable
21:57:26.606,11.4,85.5,500,14.6906,11.6251,Right,Tilt Up
21:57:26.676,14.3,67.4,500,14.8263,12.3415,Right,Tilt Down
21:57:26.754,12.8,75.6,500,14.1465,11.6108,Right,Stable
21:57:26.829,13.2,73.3,500,13.2071,11.3652,Right,Stable
21:57:26.921,10.8,89.6,500,13.0353,11.1171,Up,Stable
21:57:26.990,14.6,66.5,500,12.1191,10.7178,Right,Stable
21:57:27.061,14.1,68.6,500,13.0823,10.5435,Forward,Counter-Clockwise
21:57:27.152,11.0,89.0,500,13.1504,9.5561,Forward,Counter-Clockwise
21:57:27.221,14.6,66.1,500,12.4046,8.9487,Right,Tilt Up
21:57:27.299,12.7,76.1,500,12.6297,9.1110,Forward,Counter-Clockwise
21:57:27.383,12.0,81.1,500,12.0888,9.5454,Forward,Counter-Clockwise
21:57:27.461,12.7,76.1,500,11.3990,10.0511,Forward,Clockwise
21:57:27.548,11.5,84.9,500,11.7481,10.6414,Right,Stable
21:57:27.629,12.4,78.1,500,11.7041,10.2910,Forward,Clockwise
21:57:27.709,12.4,78.7,500,11.3751,9.7378,Up,Pan Left
21:57:27.784,13.4,72.2,500,12.2866,9.6598,Right,Stable
21:57:27.972,5.3,185.3,500,13.0488,9.6420,Right,Tilt Up
21:57:28.061,11.2,86.5,500,13.9272,10.1189,Right,Stable
21:57:28.165,9.6,102.3,500,14.6406,9.5336,Right,Tilt Down
21:57:28.256,11.0,88.3,500,15.1397,10.3776,Right,Stable
21:57:28.343,11.4,85.3,500,14.2761,10.7176,Forward,Stable
21:57:28.419,13.3,72.8,500,15.1827,11.1355,Right,Tilt Up
21:57:28.505,11.6,84.2,500,14.8669,10.2805,Right,Tilt Up
21:57:28.588,12.1,80.5,500,14.8104,9.6857,Forward,Counter-Clockwise
21:57:28.669,12.3,78.8,500,14.9105,10.6525,Forward,Clockwise
21:57:28.756,11.5,84.7,500,15.3786,10.7770,Right,Tilt Up
21:57:28.828,13.9,69.9,500,15.6205,10.0847,Right,Tilt Down
21:57:28.911,12.1,80.4,500,15.8836,10.1133,Right,Stable
21:57:28.995,11.9,81.9,500,15.7335,10.7884,Forward,Stable
21:57:29.089,10.7,91.0,500,16.2068,11.5851,Forward,Stable
21:57:29.173,11.8,82.5,500,15.4613,11.9430,Forward,Stable
21:57:29.246,13.7,71.0,500,14.9281,12.6071,Right,Tilt Up
21:57:29.331,11.8,82.4,500,15.8947,12.8633,Right,Tilt Down
21:57:29.401,14.4,67.2,500,15.8305,11.9680,Right,Tilt Down
21:57:29.486,11.7,83.4,500,15.0011,11.4101,Forward,Stable
21:57:29.559,13.7,70.6,500,15.9664,11.1796,Right,Stable
21:57:29.638,12.7,76.3,500,16.5479,11.4278,Right,Stable
21:57:29.722,11.8,82.3,500,17.2617,11.2218,Right,Stable
21:57:29.798,13.2,73.5,500,18.1764,10.8626,Right,Stable
21:57:29.884,11.6,83.7,500,18.3904,10.0405,Forward,Counter-Clockwise
21:57:29.955,14.1,68.4,500,18.2634,10.6495,Right,Stable
21:57:30.043,11.4,85.5,500,17.9330,11.5261,Up,Stable
21:57:30.123,12.5,77.9,500,17.4241,10.6679,Forward,Counter-Clockwise
21:57:30.209,11.6,83.5,500,17.2369,11.5783,Right,Tilt Down
21:57:30.293,11.9,81.9,500,16.7882,10.8921,Right,Stable
21:57:30.367,13.6,71.0,500,17.0915,10.1454,Forward,Stable
21:57:30.454,11.4,85.0,500,17.0756,9.4364,Right,Tilt Down
21:57:30.523,14.6,66.4,500,17.2119,10.0751,Forward,Counter-Clockwise
21:57:30.601,12.8,76.0,500,17.5270,9.5940,Backward,Stable
21:57:30.684,12.0,80.8,500,16.5469,9.4572,Forward,Counter-Clockwise
21:57:30.767,12.1,80.6,500,16.4825,10.4512,Right,Stable
21:57:30.835,14.6,66.1,500,17.3679,10.8156,Forward,Counter-Clockwise
21:57:30.914,12.7,76.4,500,16.9069,10.9687,Up,Pan Right
21:57:31.001,11.4,85.2,500,16.5181,10.6714,Right,Tilt Up
21:57:31.076,13.3,72.8,500,16.3588,10.7355,Right,Stable
21:57:31.163,11.5,84.6,500,17.1367,11.3538,Forward,Counter-Clockwise
21:57:31.256,10.7,90.8,500,17.0154,11.0850,Right,Stable
21:57:31.338,12.2,79.5,500,17.4436,11.8139,Forward,Counter-Clockwise
21:57:31.427,11.3,86.4,500,18.3849,12.1063,Up,Pan Left
21:57:31.502,13.3,72.7,500,17.9725,12.8901,Right,Stable
21:57:31.579,13.0,74.7,500,17.4411,13.2937,Up,Stable
21:57:31.667,11.3,86.2,500,17.7046,13.7283,Up,Stable
21:57:31.737,14.4,67.1,500,18.4042,13.8117,Forward,Counter-Clockwise
21:57:31.819,12.1,80.4,500,17.4596,13.5010,Forward,Stable
21:57:31.908,11.3,86.4,500,18.3566,13.0597,Backward,Stable
21:57:31.990,12.2,79.6,500,17.5750,13.3862,Forward,Stable
21:57:32.067,12.9,75.1,500,16.6759,13.2381,Forward,Stable
21:57:32.144,13.1,74.0,500,15.8435,12.9066,Forward,Stable
21:57:32.227,11.9,81.5,500,16.2801,12.8787,Up,Stable
21:57:32.309,12.3,79.3,500,17.1716,12.5928,Up,Stable
21:57:32.392,12.1,80.2,500,17.0226,13.4687,Right,Tilt Down
21:57:32.473,12.3,79.4,500,16.6797,12.5409,Right,Stable
21:57:32.545,13.9,69.5,500,16.1191,12.3704,Forward,Stable
21:57:32.623,12.7,76.3,500,17.0335,12.6196,Up,Pan Left
21:57:32.698,13.5,72.0,500,17.2970,12.5755,Right,Tilt Down
21:57:32.784,11.6,83.4,500,16.9826,13.2726,Forward,Stable
21:57:32.850,15.0,64.6,500,16.5232,12.5144,Right,Tilt Down
21:57:32.933,12.1,80.3,500,17.3412,13.0642,Up,Stable
21:57:33.008,13.4,72.4,500,17.2604,14.0609,Right,Stable
21:57:33.079,14.0,68.9,500,17.0068,13.3458,Forward,Stable
21:57:33.150,14.0,69.0,500,16.3968,13.7195,Right,Stable
21:57:33.226,13.2,73.3,500,16.5671,12.9610,Forward,Stable
21:57:33.315,11.1,87.6,500,16.6102,13.9589,Right,Tilt Up
21:57:33.401,11.7,83.1,500,16.0179,14.0364,Right,Tilt Down
21:57:33.487,11.6,83.6,500,16.5008,13.5503,Forward,Counter-Clockwise
21:57:33.570,12.0,81.2,500,17.4754,13.4137,Up,Pan Left
21:57:33.648,12.8,75.6,500,17.8453,13.5848,Forward,Stable
21:57:33.734,11.6,83.9,500,18.1512,13.8696,Forward,Clockwise
21:57:33.817,12.1,80.1,500,17.5159,14.1760,Right,Stable
21:57:33.895,12.8,76.0,500,16.9556,13.6096,Forward,Clockwise
21:57:33.981,11.7,83.1,500,17.9443,13.7068,Forward,Clockwise
21:57:34.054,13.5,71.5,500,17.2692,14.3325,Forward,Counter-Clockwise
21:57:34.128,13.5,71.6,500,17.8755,13.9909,Forward,Counter-Clockwise
21:57:34.202,13.5,71.6,500,17.0766,13.8579,Right,Tilt Up
21:57:34.279,13.1,74.3,500,17.2711,14.4349,Forward,Counter-Clockwise
21:57:34.358,12.7,76.6,500,18.2161,14.3370,Right,Stable
21:57:34.439,12.3,79.3,500,18.9629,13.7425,Backward,Counter-Clockwise
21:57:34.533,10.7,91.4,500,19.5346,13.1912,Backward,Counter-Clockwise
21:57:34.609,13.2,73.5,500,19.1816,13.9184,Forward,Clockwise
21:57:34.686,13.0,74.6,500,19.9210,13.4461,Up,Pan Left
21:57:34.765,12.7,76.6,500,20.8933,13.5682,Right,Stable
21:57:34.848,12.0,80.8,500,21.8367,13.2398,Right,Stable
21:57:34.923,13.3,73.2,500,22.4831,13.7163,Right,Tilt Down
21:57:34.998,13.3,73.0,500,23.1622,14.4256,Forward,Clockwise
21:57:35.083,11.8,82.6,500,23.2182,14.4559,Right,Tilt Up
21:57:35.158,13.4,72.6,500,22.4583,14.5857,Right,Tilt Up
21:57:35.239,12.4,78.2,500,22.8244,14.8728,Right,Tilt Down
21:57:35.313,13.4,72.1,500,22.7808,13.8752,Backward,Stable
21:57:35.397,11.9,81.6,500,23.0489,14.3809,Forward,Stable
21:57:35.470,13.7,70.8,500,23.8590,14.0796,Right,Stable
21:57:35.548,12.8,75.8,500,24.6965,14.5250,Forward,Clockwise
21:57:35.638,11.2,87.2,500,24.3387,14.7484,Right,Tilt Down
21:57:35.716,12.8,76.0,500,24.5692,13.9623,Forward,Clockwise
21:57:35.797,12.4,78.1,500,24.3705,13.8514,Right,Tilt Up
21:57:35.876,12.6,77.0,500,23.5288,14.0334,Forward,Clockwise
21:57:35.951,13.3,73.0,500,23.3894,13.6911,Right,Tilt Down
21:57:36.034,12.2,79.9,500,23.4825,14.5271,Forward,Counter-Clockwise
21:57:36.116,12.1,80.5,500,23.2348,15.3887,Right,Tilt Up
21:57:36.189,13.7,70.8,500,22.6998,14.5886,Right,Tilt Down
21:57:36.275,11.7,83.5,500,22.5632,15.0064,Right,Tilt Up
21:57:36.346,14.0,68.9,500,22.5382,15.6059,Forward,Stable
21:57:36.427,12.4,78.1,500,22.2468,15.6580,Right,Stable
21:57:36.511,11.9,81.9,500,21.4077,15.6333,Right,Tilt Up
21:57:36.584,13.6,71.0,500,20.4929,15.5134,Forward,Stable
21:57:36.678,10.6,91.6,500,20.2183,14.5773,Up,Stable
21:57:36.758,12.5,77.8,500,20.0859,14.1277,Right,Stable
21:57:36.835,13.1,74.0,500,19.1086,13.9192,Forward,Stable
21:57:36.914,12.7,76.6,500,19.6988,13.6292,Backward,Counter-Clockwise
21:57:36.992,12.7,76.3,500,20.0337,12.8050,Right,Stable
21:57:37.078,11.6,83.9,500,20.0292,12.8234,Right,Stable
21:57:37.153,13.3,72.8,500,20.5589,13.5793,Forward,Counter-Clockwise
21:57:37.242,11.3,86.3,500,20.2175,12.6606,Right,Tilt Down
21:57:37.327,11.8,82.2,500,19.3559,12.5773,Forward,Stable
21:57:37.429,9.8,100.0,513,18.6623,12.2096,Forward,Stable
21:57:37.520,11.0,88.7,507,17.9595,11.8990,Forward,Stable
21:57:37.614,10.6,92.0,505,17.0626,11.7389,Forward,Stable
21:57:37.704,11.1,87.4,503,16.3442,11.4265,Forward,Stable
21:57:37.813,9.1,106.9,541,15.6379,11.0902,Forward,Stable
21:57:37.909,10.4,93.7,540,14.9906,10.6946,Forward,Stable
21:57:38.001,10.9,89.9,539,14.2448,10.3991,Forward,Stable
21:57:38.086,11.8,82.1,531,13.8723,9.7381,Up,Stable
21:57:38.172,11.6,84.2,531,13.1723,9.4079,Forward,Stable
21:57:38.255,12.1,80.1,531,12.6385,8.8924,Forward,Stable
21:57:38.340,11.8,82.7,528,12.7554,8.0242,Left,Stable
21:57:38.430,11.1,87.6,527,12.0471,8.6203,Right,Stable
21:57:38.517,11.4,85.3,520,11.3675,8.2060,Forward,Stable
21:57:38.607,11.1,87.8,514,10.7082,7.8141,Forward,Stable
21:57:38.689,12.3,79.1,514,10.0397,7.2514,Forward,Stable
21:57:38.773,11.8,82.3,512,9.4384,6.7768,Forward,Stable
21:57:38.876,9.7,100.8,512,9.5210,5.8485,Left,Stable
21:57:38.950,13.7,70.8,512,8.7961,5.3245,Forward,Stable
21:57:39.028,12.7,76.5,512,8.6673,6.1670,Right,Tilt Down
21:57:39.102,13.7,70.9,512,7.6892,5.9603,Right,Stable
21:57:39.180,12.7,76.7,512,7.4033,6.7903,Forward,Stable
21:57:39.270,11.2,86.8,512,7.1674,7.6388,Forward,Stable
21:57:39.349,12.6,77.2,512,6.9460,8.4858,Forward,Stable
21:57:39.434,11.8,82.3,512,6.6936,9.3309,Forward,Stable
21:57:39.515,12.3,79.2,512,5.7450,9.3403,Right,Tilt Up
21:57:39.596,12.4,78.7,512,5.5542,8.9674,Right,Tilt Down
21:57:39.674,12.8,75.5,512,5.7473,8.0184,Backward,Stable
21:57:39.752,12.9,75.5,512,5.5055,8.9595,Forward,Stable
21:57:39.832,12.6,77.4,512,5.2634,9.8988,Forward,Stable
21:57:39.922,11.0,88.3,512,6.1768,9.4985,Up,Pan Right
21:57:40.008,11.7,83.6,512,6.9832,8.9692,Forward,Stable
21:57:40.084,13.2,73.2,512,7.9771,9.0785,Right,Tilt Up
21:57:40.165,12.2,79.5,512,8.9126,8.9260,Right,Stable
21:57:40.250,11.8,82.5,512,9.5775,8.4789,Up,Stable
21:57:40.333,12.0,80.6,512,10.4896,8.1752,Right,Stable
21:57:40.411,12.9,75.4,512,10.7317,9.0232,Forward,Stable
21:57:40.487,13.2,73.6,512,11.2852,9.1715,Right,Stable
21:57:40.564,13.0,74.9,512,11.8546,9.9618,Forward,Stable
21:57:40.650,11.7,83.4,512,12.8086,9.8978,Right,Tilt Down
21:57:40.736,11.6,84.1,512,13.6104,9.3552,Forward,Stable
21:57:40.813,13.0,74.7,512,14.3886,9.9150,Right,Tilt Down
21:57:40.894,12.4,78.5,512,14.7180,10.6595,Forward,Clockwise
21:57:40.989,10.5,92.0,512,13.8396,10.1987,Backward,Stable
21:57:41.074,11.8,82.5,512,13.2098,10.7842,Right,Tilt Up
21:57:41.152,12.8,75.9,512,13.7281,9.9407,Forward,Clockwise
21:57:41.233,12.4,78.2,512,12.7717,9.8493,Forward,Stable
21:57:41.317,11.8,82.3,512,12.0329,10.1024,Up,Pan Right
21:57:41.401,12.0,81.0,512,12.7754,10.5603,Forward,Counter-Clockwise
21:57:41.477,13.1,74.1,512,13.0672,9.6039,Up,Stable
21:57:41.567,11.1,87.8,512,12.9455,10.5402,Right,Stable
21:57:41.644,13.0,74.7,512,13.3161,10.5767,Backward,Stable
21:57:41.743,10.1,96.6,512,12.8616,10.7739,Forward,Stable
21:57:41.822,12.6,77.1,512,13.3461,10.9023,Backward,Stable
21:57:41.896,13.6,71.4,512,13.9257,11.6896,Right,Stable
21:57:41.990,10.7,91.5,512,14.3963,11.5070,Backward,Stable
21:57:42.076,11.6,83.9,512,14.9568,10.8018,Up,Pan Left
21:57:42.161,11.8,82.7,512,15.0412,10.7956,Forward,Stable
21:57:42.236,13.5,72.0,512,14.6789,11.6408,Up,Pan Right
21:57:42.319,12.0,80.8,512,13.7775,11.2827,Forward,Stable
21:57:42.409,11.1,87.8,512,12.8660,10.8815,Forward,Stable
21:57:42.475,15.1,63.8,512,13.2208,10.0109,Up,Stable
21:57:42.549,13.5,71.6,512,12.2532,10.2338,Forward,Counter-Clockwise
21:57:42.627,12.9,75.3,512,12.5079,9.2862,Right,Stable
21:57:42.718,11.0,88.0,512,12.4889,8.2955,Right,Tilt Up
21:57:42.790,13.9,69.8,512,12.2673,9.2651,Right,Tilt Down
21:57:42.864,13.5,72.0,512,12.9215,8.5180,Forward,Stable
21:57:42.934,14.2,68.0,512,12.7126,7.6129,Right,Stable
21:57:43.015,12.4,78.1,512,13.4685,7.1365,Forward,Stable
21:57:43.090,13.2,73.3,512,14.2323,6.6261,Forward,Stable
21:57:43.183,10.7,90.8,512,14.9931,6.1569,Forward,Stable
21:57:43.275,10.9,89.3,512,14.5963,5.2727,Right,Tilt Up
21:57:43.350,13.4,72.5,512,14.9450,6.1892,Right,Stable
21:57:43.430,12.4,78.4,512,15.5805,6.1014,Forward,Stable
21:57:43.501,14.2,68.2,512,16.2441,6.2791,Forward,Stable
21:57:43.582,12.3,79.1,512,16.9639,6.4916,Forward,Stable
21:57:43.672,11.2,87.2,512,16.4565,6.5439,Backward,Stable
21:57:43.745,13.7,69.2,512,15.9680,6.5103,Backward,Stable
21:57:43.827,12.2,79.9,512,16.5613,7.1938,Right,Stable
21:57:43.915,11.4,85.8,512,16.5977,8.1765,Right,Stable
21:57:44.000,11.7,83.0,512,16.9593,8.9373,Right,Tilt Down
21:57:44.073,13.8,70.2,512,17.6138,8.2337,Forward,Stable
21:57:44.155,12.2,79.4,512,16.7389,8.6670,Backward,Stable
21:57:44.236,12.2,79.4,512,17.5941,8.1965,Forward,Stable
21:57:44.324,11.4,85.8,512,17.1459,7.3060,Right,Tilt Down
21:57:44.407,12.1,80.3,512,18.1160,7.5331,Forward,Stable
21:57:44.500,10.8,90.5,512,18.2020,8.5215,Right,Stable
21:57:44.583,12.0,80.9,512,18.5286,9.4629,Right,Stable
21:57:44.674,11.0,88.8,512,18.4747,10.4566,Right,Stable
21:57:44.764,11.2,87.4,512,17.4749,10.4511,Backward,Stable
21:57:44.849,11.7,83.1,512,16.6515,9.9078,Backward,Stable
21:57:44.943,10.7,91.1,512,17.5647,10.3149,Forward,Clockwise
21:57:45.034,11.0,88.8,512,16.8703,11.0246,Forward,Counter-Clockwise
21:57:45.124,11.2,87.3,512,16.1588,11.0359,Right,Stable
21:57:45.202,12.8,75.8,512,16.4865,11.9774,Forward,Stable
21:57:45.286,11.9,81.9,512,15.5570,12.1903,Right,Tilt Down
21:57:45.384,10.1,96.1,512,15.4608,11.3887,Forward,Clockwise
21:57:45.470,11.7,83.5,512,16.2735,10.9174,Forward,Clockwise
21:57:45.556,11.7,83.3,512,17.2412,10.9369,Backward,Stable
21:57:45.648,10.9,89.4,512,16.2911,10.9846,Forward,Stable
21:57:45.727,12.7,76.7,512,15.3290,11.0158,Forward,Clockwise
21:57:45.807,12.5,77.7,512,15.3198,11.5194,Right,Tilt Up
21:57:45.893,11.6,84.3,512,15.2154,12.3617,Up,Stable
21:57:45.980,11.5,85.0,512,15.2159,13.3612,Up,Stable
21:57:46.073,10.8,90.7,512,15.8415,12.9389,Right,Stable
21:57:46.161,11.4,85.7,512,15.7743,13.9363,Up,Pan Right
21:57:46.252,11.0,87.1,512,15.1706,14.7288,Right,Tilt Down
21:57:46.349,10.4,94.1,512,14.6992,14.6936,Right,Tilt Down
21:57:46.446,10.3,94.8,512,14.6381,13.8334,Up,Stable
21:57:46.532,11.6,83.6,512,15.6302,13.7160,Forward,Stable
21:57:46.621,11.3,86.5,512,16.5215,13.7061,Forward,Clockwise
21:57:46.698,12.9,75.2,512,16.1767,12.8871,Up,Stable
21:57:46.787,11.2,87.0,512,16.1408,12.0755,Up,Pan Left
21:57:46.868,12.5,77.9,512,16.4948,11.1667,Right,Tilt Down
21:57:46.950,12.2,80.0,512,15.8815,11.1233,Right,Stable
21:57:47.044,10.7,91.6,512,15.6153,11.5652,Right,Tilt Down
21:57:47.132,11.4,85.6,512,15.1940,11.3937,Right,Tilt Down
21:57:47.214,12.2,79.7,512,15.5192,11.8085,Right,Tilt Down
21:57:47.304,11.1,87.9,512,16.3129,11.2007,Forward,Stable
21:57:47.384,12.6,77.3,511,17.0515,10.7417,Forward,Stable
21:57:47.476,10.9,89.7,510,17.6924,9.9744,Forward,Stable
21:57:47.582,9.4,104.5,507,18.5271,9.4695,Forward,Stable
21:57:47.691,9.2,106.4,502,19.5046,9.3442,Forward,Stable
21:57:47.788,10.3,94.7,598,20.4688,9.1606,Forward,Stable
21:57:47.900,8.9,109.6,597,21.3832,8.8705,Forward,Stable
21:57:48.002,9.8,99.6,594,22.1186,8.3738,Forward,Stable
21:57:48.119,8.5,115.1,588,22.8378,7.8584,Forward,Stable
21:57:48.212,10.8,90.5,580,23.5641,7.4111,Forward,Stable
21:57:48.302,11.1,87.7,541,23.3732,6.6106,Right,Pan Right
21:57:48.398,10.4,93.7,527,23.4898,7.3270,Left,Stable
21:57:48.488,11.1,88.1,506,24.1618,7.0752,Forward,Stable
21:57:48.593,9.6,101.9,502,24.5869,7.5413,Left,Stable
21:57:48.701,9.3,105.5,640,24.9543,8.3142,Left,Stable
21:57:48.801,10.0,98.0,617,24.4938,9.1653,Backward,Stable
21:57:48.883,12.1,80.3,606,24.6545,9.8640,Left,Stable
21:57:48.977,10.6,91.5,603,25.3867,9.2673,Forward,Stable
21:57:49.068,11.1,87.9,602,24.8058,9.6542,Left,Stable
21:57:49.149,12.3,78.9,602,25.7243,9.2697,Forward,Stable
21:57:49.223,13.5,71.8,601,26.5985,8.8182,Forward,Stable
21:57:49.313,11.1,87.8,601,27.2964,8.1822,Forward,Stable
21:57:49.398,11.8,82.6,600,28.0318,7.8708,Forward,Stable
21:57:49.479,12.3,79.1,600,28.7801,7.5649,Forward,Stable
21:57:49.566,11.5,84.3,600,29.0844,7.1971,Right,Stable
21:57:49.642,13.1,74.0,599,29.7215,6.5286,Forward,Stable
21:57:49.734,10.9,89.6,599,30.4874,6.1074,Forward,Counter-Clockwise
21:57:49.808,13.5,71.6,599,30.7876,6.8060,Backward,Stable
21:57:49.880,13.9,69.7,599,30.5422,6.1010,Forward,Stable
21:57:49.965,11.7,82.8,599,30.0176,5.2827,Forward,Stable
21:57:50.048,12.0,80.8,599,29.4298,5.1748,Up,Stable
21:57:50.130,12.3,79.4,599,29.8021,5.5268,Backward,Stable
21:57:50.214,11.9,81.4,599,29.3769,4.9507,Forward,Clockwise
21:57:50.285,14.0,69.2,599,29.7649,5.1128,Right,Stable
21:57:50.368,12.0,81.0,599,28.9646,5.4617,Backward,Stable
21:57:50.448,12.6,77.3,599,29.9035,5.2427,Forward,Clockwise
21:57:50.530,12.1,80.3,599,29.2769,4.5820,Forward,Stable
21:57:50.621,11.0,88.5,599,28.4334,4.2091,Forward,Stable
21:57:50.707,11.6,83.6,599,27.5583,3.7863,Forward,Stable
21:57:50.801,10.6,91.9,599,26.7381,3.3646,Forward,Stable
21:57:50.880,12.8,75.9,599,26.5544,2.8878,Right,Tilt Down
21:57:50.964,11.8,82.5,599,26.2206,2.7907,Right,Tilt Down
21:57:51.050,11.6,83.6,599,25.2814,3.0935,Forward,Stable
21:57:51.140,11.2,87.2,599,24.3107,3.2390,Forward,Stable
21:57:51.217,13.0,74.8,599,23.4697,3.6379,Forward,Stable
21:57:51.298,12.3,79.3,599,23.7915,4.2252,Up,Stable
21:57:51.392,10.7,91.4,599,22.8383,4.2137,Forward,Clockwise
21:57:51.472,12.5,77.3,599,22.3143,5.0652,Up,Pan Left
21:57:51.563,11.0,88.6,599,23.1936,4.8515,Right,Tilt Down
21:57:51.650,11.5,84.9,599,22.4859,4.9264,Forward,Stable
21:57:51.732,12.2,79.7,599,23.0218,5.6688,Right,Stable
21:57:51.820,11.4,85.5,599,22.4186,5.7061,Forward,Stable
21:57:51.914,10.7,91.4,599,21.8260,5.7161,Forward,Stable
21:57:51.994,12.5,77.8,599,21.6719,6.5935,Up,Pan Left
21:57:52.084,11.0,88.2,599,22.3114,6.2094,Forward,Counter-Clockwise
21:57:52.172,11.4,85.3,599,22.5835,5.3632,Forward,Stable
21:57:52.255,12.0,80.7,599,23.0055,4.5278,Forward,Counter-Clockwise
21:57:52.339,11.9,81.7,599,22.5694,3.7385,Forward,Counter-Clockwise
21:57:52.431,10.9,89.5,599,22.7247,2.8446,Forward,Stable
21:57:52.515,11.9,81.6,599,22.2257,2.0252,Forward,Stable
21:57:52.596,12.2,79.5,599,22.3614,1.1137,Forward,Clockwise
21:57:52.689,10.8,90.1,599,22.5808,0.2707,Forward,Counter-Clockwise
21:57:52.778,11.3,86.5,599,22.2399,0.7119,Backward,Stable
21:57:52.873,10.5,91.4,599,22.5934,0.2678,Forward,Stable
21:57:52.968,10.5,92.6,599,23.1634,-0.4047,Forward,Stable
21:57:53.052,11.8,82.1,599,24.1589,-0.3724,Right,Stable
21:57:53.128,13.1,74.0,599,24.3094,-0.9476,Forward,Stable
21:57:53.212,12.0,81.0,599,24.5277,-1.6885,Forward,Stable
21:57:53.299,11.5,84.8,599,24.2813,-2.3925,Forward,Clockwise
21:57:53.374,13.4,72.2,599,24.9540,-2.8848,Forward,Stable
21:57:53.457,12.0,80.8,599,24.6392,-3.8338,Right,Stable
21:57:53.543,11.6,83.8,599,25.3901,-4.2076,Forward,Stable
21:57:53.625,12.2,79.6,599,25.4944,-4.2658,Up,Stable
21:57:53.717,10.8,89.8,599,26.4390,-4.2551,Forward,Stable
21:57:53.803,11.6,83.6,599,26.6530,-5.2054,Forward,Counter-Clockwise
21:57:53.884,12.3,79.2,599,25.7140,-5.2283,Forward,Stable
21:57:53.977,10.8,90.5,599,24.7632,-4.9965,Forward,Counter-Clockwise
21:57:54.079,9.9,98.8,599,25.6787,-4.6339,Forward,Counter-Clockwise
21:57:54.175,10.3,94.6,599,24.8170,-4.6758,Forward,Stable
21:57:54.270,10.6,92.1,599,23.8813,-4.9356,Forward,Stable
21:57:54.350,12.4,78.1,599,22.9230,-5.1472,Forward,Clockwise
21:57:54.429,12.6,77.0,599,22.0107,-5.2319,Backward,Stable
21:57:54.518,11.2,86.8,599,21.1214,-5.5803,Backward,Stable
21:57:54.606,11.4,85.5,599,21.2052,-6.4025,Right,Stable
21:57:54.694,11.4,85.7,599,22.1504,-6.0764,Forward,Clockwise
21:57:54.764,14.4,67.2,599,21.1640,-6.2080,Forward,Clockwise
21:57:54.842,12.9,75.5,599,21.8086,-6.9704,Right,Tilt Down
21:57:54.926,11.8,82.3,599,21.7054,-5.9807,Right,Stable
21:57:54.999,13.8,70.3,599,22.6601,-5.9458,Forward,Stable
21:57:55.082,12.1,80.5,599,23.5547,-5.7059,Forward,Counter-Clockwise
21:57:55.175,10.7,90.5,599,23.5591,-5.8708,Up,Pan Right
21:57:55.254,12.7,76.6,599,24.4376,-5.5425,Forward,Stable
21:57:55.334,12.4,78.4,599,25.0542,-6.2126,Right,Tilt Up
21:57:55.421,11.5,84.7,599,25.7020,-5.4609,Forward,Stable
21:57:55.503,12.3,79.2,599,25.1238,-6.2762,Backward,Stable
21:57:55.583,12.5,77.8,599,24.5544,-7.0465,Backward,Stable
21:57:55.671,11.4,85.6,599,25.0258,-6.1890,Forward,Stable
21:57:55.762,11.0,88.2,599,25.6076,-5.4497,Forward,Counter-Clockwise
21:57:55.844,12.1,80.6,599,25.8639,-4.7774,Up,Pan Left
21:57:55.931,11.5,84.6,599,25.3780,-5.6047,Up,Pan Right
21:57:56.017,11.6,83.5,599,24.9850,-4.7750,Right,Stable
21:57:56.097,12.5,77.6,599,24.6528,-4.4354,Forward,Counter-Clockwise
21:57:56.194,10.3,94.8,599,24.9165,-3.5178,Forward,Stable
21:57:56.284,11.2,86.5,599,25.0460,-2.5276,Forward,Clockwise
21:57:56.366,12.1,80.5,599,24.7328,-1.6061,Forward,Stable
21:57:56.456,11.1,87.7,599,24.3680,-0.7233,Forward,Counter-Clockwise
21:57:56.539,12.1,80.3,599,23.9895,-0.0961,Forward,Clockwise
21:57:56.627,11.4,85.6,599,23.8368,-0.6886,Backward,Stable
21:57:56.702,13.3,72.8,599,23.3224,-0.0366,Forward,Stable
21:57:56.780,12.9,75.3,599,22.6140,0.2918,Forward,Clockwise
21:57:56.865,11.7,83.4,599,22.9212,0.3942,Forward,Stable
21:57:56.947,12.3,79.1,599,23.3191,1.2608,Right,Stable
21:57:57.037,11.1,87.7,599,23.2398,2.2553,Right,Tilt Up
21:57:57.118,12.3,78.7,599,22.2543,2.1173,Up,Pan Left
21:57:57.200,12.2,79.5,599,21.3610,1.9982,Forward,Stable
21:57:57.295,10.5,93.0,599,20.4530,1.8120,Forward,Stable
21:57:57.387,10.8,89.8,599,21.3555,2.0098,Backward,Stable
21:57:57.465,12.8,75.7,599,20.4668,1.9066,Forward,Counter-Clockwise
21:57:57.549,11.9,81.9,599,21.1514,2.5188,Forward,Clockwise
21:57:57.638,11.3,85.9,599,20.3310,2.9488,Forward,Stable
21:57:57.726,11.3,86.6,599,19.5252,3.3602,Forward,Clockwise
21:57:57.805,12.8,76.0,599,20.0158,4.0386,Forward,Stable
21:57:57.888,12.1,80.6,599,19.9811,3.4931,Up,Pan Right
21:57:57.974,11.6,83.8,599,20.2651,2.7402,Forward,Stable
21:57:58.063,11.3,86.5,599,20.2026,3.6365,Backward,Stable
21:57:58.148,11.7,83.1,599,20.4550,3.0651,Right,Tilt Down
21:57:58.231,12.0,81.0,599,20.9476,3.3772,Right,Stable
21:57:58.326,10.6,92.0,599,20.6369,4.1102,Forward,Stable
21:57:58.424,10.2,95.6,599,20.2644,4.9536,Forward,Stable
21:57:58.507,11.9,81.6,599,20.0858,5.7057,Forward,Stable
21:57:58.594,11.6,84.0,599,19.8388,6.2770,Forward,Counter-Clockwise
21:57:58.678,11.9,81.8,599,19.6102,5.5525,Up,Stable
21:57:58.762,11.9,81.6,599,19.3371,6.2212,Forward,Stable
21:57:58.848,11.5,84.3,599,19.8613,5.4966,Backward,Stable
21:57:58.941,10.8,90.4,599,19.3256,6.1267,Forward,Clockwise
21:57:59.023,12.2,79.7,599,20.2961,6.1878,Up,Pan Left
21:57:59.110,11.5,84.8,599,20.9472,5.8197,Forward,Stable
21:57:59.196,11.7,83.3,599,21.3529,6.3509,Forward,Counter-Clockwise
21:57:59.277,12.3,78.7,599,22.0513,6.0349,Backward,Stable
21:57:59.365,11.3,86.2,599,21.3518,6.3506,Forward,Stable
21:57:59.455,11.2,87.1,599,21.8437,7.1419,Right,Tilt Down
21:57:59.541,11.6,83.9,599,22.3806,6.8803,Right,Tilt Up
21:57:59.631,11.1,88.0,599,21.4020,7.0704,Forward,Clockwise
21:57:59.726,10.6,92.0,599,21.2204,7.0655,Right,Stable
21:57:59.810,11.8,82.1,599,21.8599,7.7486,Forward,Clockwise
21:57:59.893,12.1,80.2,599,21.0878,7.9570,Forward,Clockwise
21:57:59.975,12.1,80.3,599,21.7266,8.7143,Forward,Counter-Clockwise
21:58:00.058,12.1,80.2,599,22.6009,8.6418,Backward,Stable
21:58:00.131,13.7,70.5,599,21.7516,8.3976,Forward,Counter-Clockwise
21:58:00.205,13.3,72.6,599,22.4353,9.1273,Forward,Stable
21:58:00.285,12.6,77.3,599,23.0060,9.8794,Forward,Counter-Clockwise
21:58:00.360,13.3,72.8,599,22.9482,10.2032,Right,Tilt Up
21:58:00.451,11.0,88.6,599,22.7102,9.7895,Forward,Stable
21:58:00.528,12.9,75.1,599,22.2054,9.6939,Forward,Stable
21:58:00.614,11.6,83.4,599,21.8073,9.6677,Forward,Stable
21:58:00.688,13.5,71.6,599,20.9608,9.5216,Up,Stable
21:58:00.762,13.5,71.7,599,20.3731,9.3072,Forward,Stable
21:58:00.843,12.3,79.3,599,19.8568,9.0104,Forward,Counter-Clockwise
21:58:00.915,14.1,68.8,599,20.2927,9.0133,Forward,Stable
21:58:00.989,13.5,71.9,599,19.7544,9.2320,Backward,Stable
21:58:01.075,11.6,83.6,599,20.3255,9.1737,Forward,Clockwise
21:58:01.144,14.3,67.5,599,19.4229,9.2294,Left,Pan Left
21:58:01.228,12.0,81.2,599,18.7678,8.9118,Forward,Counter-Clockwise
21:58:01.307,12.7,76.7,599,19.2681,9.3395,Forward,Counter-Clockwise
21:58:01.382,13.3,72.8,599,19.0674,9.9395,Forward,Counter-Clockwise
21:58:01.469,11.5,84.1,599,19.7317,9.3709,Forward,Stable
21:58:01.541,13.8,70.0,599,20.2526,8.5972,Forward,Counter-Clockwise
21:58:01.628,11.5,84.5,599,19.5037,8.2822,Forward,Clockwise
21:58:01.712,11.9,81.7,599,20.3051,8.5605,Forward,Stable
21:58:01.793,12.3,79.2,599,21.1380,8.6698,Forward,Clockwise
21:58:01.864,14.3,67.9,599,20.4857,8.3381,Forward,Stable
21:58:01.940,13.2,73.6,599,19.6441,8.1851,Forward,Stable
21:58:02.022,12.1,80.2,599,18.8711,8.0299,Forward,Stable
21:58:02.098,13.1,74.2,599,18.9983,7.0412,Right,Tilt Down
21:58:02.182,12.0,81.0,599,18.3616,6.8122,Forward,Stable
21:58:02.251,14.4,67.2,599,18.0678,7.7568,Right,Tilt Down
21:58:02.326,13.3,72.7,599,17.8175,7.7671,Forward,Counter-Clockwise
21:58:02.411,11.8,82.4,599,18.2190,8.6803,Up,Stable
21:58:02.498,11.6,84.3,599,18.5535,8.2535,Forward,Stable
21:58:02.580,12.2,79.5,599,18.4401,8.1552,Right,Stable
21:58:02.660,12.4,78.6,599,19.1954,8.7998,Up,Pan Left
21:58:02.755,10.6,91.9,599,19.0104,8.3728,Forward,Clockwise
21:58:02.835,12.4,78.0,599,19.3096,8.0289,Forward,Clockwise
21:58:02.906,14.2,68.1,599,19.6154,7.9065,Forward,Clockwise
21:58:02.980,13.4,72.4,599,19.4996,8.5276,Forward,Stable
21:58:03.051,14.1,68.6,599,19.4283,9.1660,Forward,Counter-Clockwise
21:58:03.132,12.5,77.8,599,18.9215,9.8980,Right,Tilt Down
21:58:03.199,14.7,65.4,599,19.4352,9.3188,Forward,Stable
21:58:03.280,12.4,78.6,599,18.9918,8.4359,Right,Stable
21:58:03.361,12.4,78.1,599,19.3257,7.8180,Forward,Stable
21:58:03.446,11.7,83.0,599,19.9869,7.7938,Forward,Clockwise
21:58:03.539,10.7,90.9,599,20.8687,7.4559,Forward,Stable
21:58:03.623,11.8,82.0,599,21.6483,7.2440,Forward,Stable
21:58:03.709,11.7,82.9,599,22.0718,7.9591,Up,Pan Left
21:58:03.801,10.8,90.0,599,21.2480,8.5086,Forward,Stable
21:58:03.894,10.8,90.5,599,20.3826,8.9679,Forward,Stable
21:58:03.970,13.1,73.9,599,19.5276,9.4666,Forward,Stable
21:58:04.049,12.7,76.6,599,18.6154,9.8732,Forward,Clockwise
21:58:04.129,12.5,77.7,599,19.1321,9.1570,Up,Stable
21:58:04.211,12.1,80.3,599,19.9212,9.7697,Forward,Clockwise
21:58:04.290,12.8,76.0,599,19.0126,10.1608,Forward,Stable
21:58:04.366,13.1,74.1,599,18.9488,9.1697,Up,Pan Right
21:58:04.455,11.2,87.0,599,19.8251,8.7022,Forward,Stable
21:58:04.543,11.4,85.1,599,20.7710,8.6515,Forward,Stable
21:58:04.621,12.8,75.9,599,20.9045,8.9481,Right,Stable
21:58:04.704,12.0,81.1,599,20.9569,8.8617,Right,Stable
21:58:04.790,11.7,83.5,599,20.8395,8.5732,Right,Tilt Down
21:58:04.874,12.0,81.4,599,21.7349,9.0081,Forward,Stable
21:58:04.966,10.9,89.4,599,22.1806,9.6437,Forward,Stable
21:58:05.051,11.7,82.9,599,21.8547,9.5415,Right,Stable
21:58:05.134,12.1,80.2,599,22.8024,9.8273,Forward,Stable
21:58:05.211,12.9,75.4,599,22.3077,9.8098,Right,Stable
21:58:05.299,11.4,85.7,599,23.0499,10.3858,Forward,Stable
21:58:05.388,11.2,86.8,599,23.3761,9.7681,Up,Stable
21:58:05.465,13.1,74.4,599,23.7839,9.6646,Forward,Stable
21:58:05.555,11.2,87.3,599,22.9731,9.1712,Backward,Stable
21:58:05.650,10.5,92.6,599,22.8770,8.1850,Up,Stable
21:58:05.732,12.1,80.3,599,23.6272,8.8077,Forward,Counter-Clockwise
21:58:05.825,10.7,90.8,599,22.6476,8.7129,Forward,Clockwise
21:58:05.909,12.0,81.2,599,23.4414,9.2603,Forward,Counter-Clockwise
21:58:05.999,11.0,88.4,599,23.5926,10.1547,Right,Stable
21:58:06.088,11.3,85.9,599,24.5740,10.0564,Backward,Stable
21:58:06.179,10.9,89.1,599,25.5588,9.9414,Backward,Stable
21:58:06.270,11.1,88.2,599,26.4782,9.6298,Backward,Stable
21:58:06.350,12.5,77.9,599,26.4478,9.0460,Up,Stable
21:58:06.427,13.0,74.7,599,25.4761,9.2820,Forward,Counter-Clockwise
21:58:06.516,11.2,86.8,599,25.4557,8.7191,Right,Stable
21:58:06.608,10.9,89.4,599,26.2991,9.1266,Forward,Counter-Clockwise
21:58:06.685,13.0,74.8,599,25.4718,8.9927,Forward,Stable
21:58:06.768,12.0,80.9,599,26.3853,9.0994,Backward,Stable
21:58:06.851,12.0,80.9,599,25.4764,8.9330,Forward,Stable
21:58:06.930,12.7,76.6,599,24.6242,8.7684,Forward,Stable
21:58:07.017,11.5,84.4,599,23.7247,8.6039,Forward,Counter-Clockwise
21:58:07.108,11.0,88.6,599,24.4930,8.9546,Forward,Clockwise
21:58:07.191,11.9,81.4,599,23.6173,9.3346,Forward,Stable
21:58:07.267,13.2,73.5,599,24.0470,10.1167,Right,Tilt Up
21:58:07.350,12.1,80.3,599,24.6929,10.7912,Backward,Stable
21:58:07.436,11.6,83.9,599,24.7065,9.9712,Down,Stable
21:58:07.513,13.0,74.9,599,24.2369,9.2744,Forward,Stable
21:58:07.593,12.5,77.5,599,23.5918,10.0236,Up,Pan Right
21:58:07.681,11.3,86.1,599,23.6004,10.5365,Right,Tilt Down
21:58:07.764,12.0,80.7,599,24.1317,11.3680,Up,Stable
21:58:07.850,11.7,83.4,599,25.0833,11.3464,Forward,Stable
21:58:07.935,11.8,82.3,599,25.9847,11.2742,Forward,Stable
21:58:08.010,13.3,72.9,599,26.3772,10.7309,Forward,Stable
21:58:08.090,12.6,77.4,599,27.3124,10.7966,Forward,Stable
21:58:08.177,11.4,84.8,599,26.8570,11.1824,Backward,Stable
21:58:08.264,11.4,85.1,599,27.4220,11.0179,Forward,Counter-Clockwise
21:58:08.352,11.5,84.9,599,27.1155,10.5833,Forward,Clockwise
21:58:08.428,13.0,74.5,599,27.6399,11.4324,Up,Stable
21:58:08.511,12.1,80.6,599,28.4294,11.1856,Forward,Stable
21:58:08.598,11.5,84.4,599,27.8271,11.6964,Backward,Stable
21:58:08.671,13.7,70.6,599,28.7449,11.3078,Forward,Counter-Clockwise
21:58:08.739,14.7,65.6,599,28.2093,12.0694,Forward,Counter-Clockwise
21:58:08.825,11.6,83.8,599,28.7031,12.8143,Forward,Counter-Clockwise
21:58:08.908,12.0,80.9,599,28.0321,13.4335,Forward,Counter-Clockwise
21:58:08.982,13.5,71.9,599,28.1313,14.4057,Forward,Stable
21:58:09.059,13.0,74.5,599,27.6556,14.9268,Up,Pan Left
21:58:09.126,15.0,64.5,599,27.6787,14.0227,Forward,Counter-Clockwise
21:58:09.208,12.2,79.6,599,28.2630,13.3988,Forward,Counter-Clockwise
21:58:09.299,10.9,89.2,599,27.8241,12.6739,Forward,Stable
21:58:09.383,12.0,81.1,599,28.1733,13.4310,Backward,Stable
21:58:09.467,11.9,81.6,599,29.1334,13.2221,Up,Stable
21:58:09.553,11.6,83.7,599,28.6921,12.5264,Forward,Stable
21:58:09.641,11.3,85.8,599,28.4893,11.7301,Forward,Stable
21:58:09.724,12.0,81.0,599,28.2895,10.9924,Forward,Stable
21:58:09.806,12.3,78.8,599,29.0940,11.1808,Right,Tilt Down
21:58:09.896,11.1,88.1,599,29.4309,11.9215,Forward,Counter-Clockwise
21:58:09.985,11.3,86.3,599,29.7653,11.1558,Backward,Stable
21:58:10.067,12.1,80.1,599,30.1249,11.8278,Up,Stable
21:58:10.153,11.6,83.6,599,29.6351,12.5998,Forward,Counter-Clockwise
21:58:10.240,11.5,84.6,599,29.7400,13.4863,Forward,Counter-Clockwise
21:58:10.324,11.9,81.7,599,29.0239,14.0368,Forward,Clockwise
21:58:10.418,10.6,91.7,599,28.5992,14.8431,Up,Stable
21:58:10.515,10.3,94.5,599,29.2998,15.0020,Up,Pan Right
21:58:10.598,12.0,81.2,599,28.7289,14.3277,Forward,Stable
21:58:10.683,11.9,82.0,599,28.2929,13.7772,Forward,Stable
21:58:10.775,10.8,89.9,599,27.8204,13.1589,Forward,Stable
21:58:10.865,11.1,87.5,599,28.7161,12.7505,Up,Stable
21:58:10.943,12.8,75.8,599,28.0152,12.4785,Forward,Stable
21:58:11.037,10.7,91.4,599,27.5469,13.2284,Right,Tilt Up
21:58:11.124,11.5,84.8,599,26.9390,13.2775,Forward,Clockwise
21:58:11.208,11.9,81.6,599,27.8852,12.9546,Forward,Clockwise
21:58:11.293,11.7,83.0,599,27.4249,12.0838,Forward,Stable
21:58:11.384,11.0,88.6,599,28.1773,11.5892,Up,Pan Left
21:58:11.481,10.3,94.9,599,28.5025,12.3564,Forward,Stable
21:58:11.563,12.2,79.9,599,29.0885,13.1433,Forward,Stable
21:58:11.651,11.3,86.0,599,29.4430,14.0023,Forward,Counter-Clockwise
21:58:11.740,11.4,85.8,599,28.8290,14.3473,Right,Tilt Down
21:58:11.824,11.9,82.0,599,29.8013,14.2047,Forward,Stable
21:58:11.919,10.5,93.3,599,29.5744,15.1763,Backward,Stable
21:58:12.003,11.9,81.5,599,29.2928,16.1282,Backward,Stable
21:58:12.083,12.5,77.6,599,29.8408,15.3190,Forward,Stable
21:58:12.173,11.2,87.4,599,29.4632,15.2200,Up,Stable
21:58:12.252,12.6,77.1,599,29.1311,15.1430,Up,Pan Left
21:58:12.328,13.2,73.4,599,29.1157,16.1229,Forward,Stable
21:58:12.409,12.3,79.0,599,29.4833,16.3620,Forward,Counter-Clockwise
21:58:12.495,11.6,84.0,599,29.7296,15.8817,Forward,Stable
21:58:12.675,5.6,176.9,599,29.9051,15.4684,Forward,Stable
21:58:12.778,9.7,100.4,599,29.4946,14.5625,Right,Stable
21:58:12.875,10.3,94.1,599,28.8903,13.7662,Right,Stable
21:58:12.969,10.6,91.5,599,28.9338,13.2026,Forward,Stable
21:58:13.054,11.7,83.2,599,28.9947,12.2650,Right,Stable
21:58:13.139,11.8,82.2,599,28.3304,11.5190,Right,Stable
21:58:13.227,11.3,86.1,599,27.4490,11.6577,Up,Pan Right
21:58:13.311,12.0,81.2,599,28.1338,11.1336,Backward,Stable
21:58:13.396,11.6,83.6,599,27.9243,11.8871,Forward,Stable
21:58:13.485,11.3,86.4,599,27.4693,12.5366,Forward,Clockwise
21:58:13.570,11.8,82.1,599,28.0092,12.6769,Forward,Stable
21:58:13.669,10.1,96.7,599,28.4831,13.2696,Forward,Stable
21:58:13.760,10.9,89.3,599,27.8982,14.0382,Right,Stable
21:58:13.855,10.5,92.5,599,28.1038,14.5443,Forward,Stable
21:58:13.947,10.9,89.6,599,28.6382,15.1125,Forward,Stable
21:58:14.042,10.5,92.6,599,29.1079,15.9153,Forward,Stable
21:58:14.133,11.0,88.6,599,29.6080,16.5222,Forward,Stable
21:58:14.214,12.3,78.9,599,30.2368,17.1011,Forward,Clockwise
21:58:14.289,13.3,73.0,599,29.3780,17.5516,Forward,Stable
21:58:14.372,12.1,80.3,599,30.2654,17.1538,Backward,Stable
21:58:14.454,12.2,79.6,599,31.1093,17.0578,Backward,Stable
21:58:14.528,13.5,72.0,599,30.3421,17.6524,Forward,Clockwise
21:58:14.616,11.3,85.8,599,29.6774,17.8497,Up,Pan Left
21:58:14.712,10.4,93.5,599,29.4511,17.0764,Forward,Stable
21:58:14.806,10.7,91.4,599,29.4124,16.3123,Forward,Stable
21:58:14.894,11.3,86.1,599,29.3320,15.4593,Forward,Stable
21:58:14.986,10.9,89.6,599,28.9811,14.7516,Forward,Clockwise
21:58:15.081,10.5,93.0,599,29.5795,15.0087,Forward,Stable
21:58:15.165,11.9,81.7,599,29.8109,14.0602,Right,Stable
21:58:15.262,10.3,94.9,599,30.2742,14.0039,Forward,Stable
21:58:15.350,11.5,84.9,599,30.8364,14.0703,Forward,Stable
21:58:15.436,11.6,84.2,599,31.4556,14.1889,Forward,Stable
21:58:15.523,11.5,84.4,599,32.1220,13.7563,Right,Stable
21:58:15.607,11.9,82.0,599,31.8612,12.7924,Up,Stable
21:58:15.696,11.3,86.4,599,32.3550,12.6697,Forward,Stable
21:58:15.773,12.9,75.1,599,33.1878,12.5260,Forward,Clockwise
21:58:15.859,11.6,83.8,599,33.4582,11.5867,Up,Stable
21:58:15.946,11.5,84.8,599,32.7385,11.3626,Forward,Stable
21:58:16.024,12.8,75.5,599,33.2493,11.5844,Backward,Stable
21:58:16.105,12.4,78.1,599,32.6989,11.1911,Forward,Clockwise
21:58:16.192,11.5,84.7,599,33.2530,11.7192,Right,Tilt Down
21:58:16.270,12.7,76.6,599,33.8995,11.4975,Right,Stable
21:58:16.351,12.3,78.6,599,33.7998,12.4872,Up,Pan Right
21:58:16.440,11.3,86.0,599,34.0051,12.4400,Forward,Stable
21:58:16.519,12.6,77.0,599,33.8548,12.2787,Forward,Stable
21:58:16.610,11.0,88.3,599,33.7410,12.2585,Forward,Clockwise
21:58:16.693,12.0,81.2,599,33.7637,12.0495,Forward,Stable
21:58:16.778,11.7,82.9,599,33.5991,12.0134,Forward,Stable
21:58:16.872,10.7,90.9,599,34.1382,11.7588,Forward,Stable
21:58:16.966,10.6,92.4,599,35.0871,12.0676,Right,Tilt Down
21:58:17.051,11.8,82.2,599,35.3984,11.7210,Forward,Stable
21:58:17.144,10.7,91.0,599,35.9532,11.8885,Forward,Counter-Clockwise
21:58:17.229,11.7,83.0,599,36.3329,12.8057,Up,Stable
21:58:17.322,10.8,90.5,599,35.5921,13.2609,Right,Stable
21:58:17.408,11.7,83.6,599,35.0167,13.4281,Forward,Stable
21:58:17.496,11.4,85.8,599,35.2535,13.7308,Backward,Stable
21:58:17.579,12.1,80.4,599,35.0218,13.5135,Forward,Stable
21:58:17.664,11.8,82.7,599,34.7657,13.3793,Forward,Stable
21:58:17.752,11.3,86.1,599,34.3739,12.9853,Forward,Clockwise
21:58:17.840,11.4,85.7,599,34.9306,12.2552,Forward,Stable
21:58:17.922,12.2,79.5,599,35.3363,11.5994,Forward,Stable
21:58:18.019,10.4,94.3,599,35.7628,10.8269,Forward,Stable
21:58:18.097,12.7,76.2,599,36.4413,10.3724,Forward,Counter-Clockwise
21:58:18.183,11.7,83.4,599,36.0524,11.2716,Right,Stable
21:58:18.276,10.8,90.5,599,35.7364,10.6015,Forward,Clockwise
21:58:18.369,10.7,91.1,599,35.1478,11.1942,Right,Stable
21:58:18.453,11.9,81.5,599,35.9257,11.2988,Forward,Stable
21:58:18.534,12.4,78.1,599,36.5760,11.5106,Forward,Counter-Clockwise
21:58:18.623,11.2,86.8,599,36.8551,12.2329,Right,Tilt Down
21:58:18.711,11.4,85.8,599,35.9196,12.4169,Forward,Stable
21:58:18.797,11.6,84.2,599,36.2613,12.6429,Up,Pan Right
21:58:18.885,11.4,85.2,599,36.7681,11.8553,Forward,Stable
21:58:18.975,11.0,88.3,599,37.4198,11.7004,Up,Stable
21:58:19.067,10.9,89.2,599,38.0161,11.4634,Up,Stable
21:58:19.151,11.8,82.1,599,38.8555,11.5980,Up,Stable
21:58:19.240,11.3,86.5,599,39.2780,10.7941,Forward,Stable
21:58:19.318,12.8,76.2,599,39.5988,9.9274,Forward,Stable
21:58:19.400,12.3,79.1,599,39.9006,8.9932,Forward,Stable
21:58:19.491,11.0,88.5,599,40.1762,9.7506,Right,Stable
21:58:19.572,12.3,79.2,599,40.7484,9.4202,Forward,Counter-Clockwise
21:58:19.649,13.0,74.9,599,41.0144,9.9379,Right,Tilt Up
21:58:19.740,11.0,88.3,599,41.8894,9.6030,Right,Tilt Down
21:58:19.835,10.5,92.9,599,41.4565,9.5740,Forward,Stable
21:58:19.930,10.5,92.7,599,40.9816,9.3978,Forward,Clockwise
21:58:20.015,11.8,82.0,599,41.3641,9.7392,Forward,Stable
21:58:20.097,12.2,79.8,599,41.8257,10.5279,Up,Pan Left
21:58:20.190,10.7,90.8,599,41.0229,10.4227,Forward,Clockwise
21:58:20.284,10.7,91.1,599,41.7702,10.5497,Forward,Stable
21:58:20.372,11.3,86.6,599,42.2999,9.9471,Up,Pan Left
21:58:20.450,12.9,75.5,599,42.1408,10.9163,Right,Stable
21:58:20.531,12.4,78.5,599,41.5665,10.5812,Forward,Clockwise
21:58:20.613,12.2,79.8,599,41.1438,11.4859,Right,Stable
21:58:20.697,11.9,81.8,599,41.9844,11.8006,Up,Pan Right
21:58:20.788,11.0,88.3,599,41.1700,11.3423,Forward,Stable
21:58:20.873,11.7,82.9,599,40.6672,11.9376,Down,Stable
21:58:20.949,13.1,74.1,599,39.6856,11.8145,Forward,Stable
21:58:21.033,12.0,81.3,599,38.8248,11.3483,Forward,Stable
21:58:21.115,12.1,80.1,599,38.8182,10.7786,Right,Tilt Up
21:58:21.200,11.8,82.3,599,38.0708,10.5659,Forward,Stable
21:58:21.293,10.8,90.3,599,37.5304,10.5349,Forward,Stable
21:58:21.370,12.9,75.3,599,36.8228,10.5119,Forward,Stable
21:58:21.451,12.3,78.8,599,36.0093,10.4227,Forward,Counter-Clockwise
21:58:21.525,13.5,71.8,599,36.6849,10.7577,Forward,Stable
21:58:21.614,11.3,86.0,599,37.3489,11.1514,Forward,Clockwise
21:58:21.696,12.2,80.1,599,36.8866,10.8918,Forward,Stable
21:58:21.768,13.8,69.9,599,37.2063,11.6979,Up,Stable
21:58:21.841,13.7,70.9,599,36.5605,11.5041,Forward,Counter-Clockwise
21:58:21.913,14.0,69.2,599,35.8279,11.3151,Right,Stable
21:58:21.990,12.9,75.4,599,36.5754,11.3905,Forward,Stable
21:58:22.069,12.7,76.5,599,36.0923,10.8238,Right,Stable
21:58:22.148,12.7,76.4,599,36.8461,10.8645,Forward,Stable
21:58:22.233,11.8,82.4,599,37.5661,11.0121,Forward,Stable
21:58:22.313,12.4,78.1,599,36.9001,10.8093,Backward,Stable
21:58:22.399,11.6,83.6,599,37.6370,10.9266,Forward,Counter-Clockwise
21:58:22.487,11.4,85.7,599,38.4463,10.7312,Right,Tilt Down
21:58:22.574,11.4,85.2,599,39.0401,10.3942,Backward,Stable
21:58:22.666,10.9,89.5,599,38.5427,10.5685,Forward,Counter-Clockwise
21:58:22.753,11.5,85.0,599,38.8744,10.9186,Forward,Stable
21:58:22.835,12.3,79.2,599,39.3459,11.2766,Forward,Counter-Clockwise
21:58:22.918,12.0,81.1,599,38.7324,11.6467,Forward,Stable
21:58:23.003,11.8,82.5,599,38.5572,11.9836,Forward,Counter-Clockwise
21:58:23.083,12.5,77.8,599,37.9683,11.3825,Up,Pan Left
21:58:23.167,12.0,81.1,599,37.6693,11.1872,Forward,Counter-Clockwise
21:58:23.251,11.9,82.0,599,37.6626,10.2034,Right,Stable
21:58:23.330,12.6,76.9,599,38.1978,10.2377,Forward,Stable
21:58:23.422,10.8,89.3,599,38.6678,10.1655,Forward,Stable
21:58:23.503,12.4,78.4,599,38.2760,9.9500,Backward,Stable
21:58:23.592,11.3,86.4,599,38.7434,10.1577,Forward,Stable
21:58:23.676,11.9,81.6,599,38.4790,10.0705,Backward,Stable
21:58:23.760,11.9,81.9,599,38.9066,10.2907,Forward,Stable
21:58:23.834,13.5,71.7,599,39.2808,10.4870,Forward,Clockwise
21:58:23.915,12.3,78.9,599,38.9059,10.1204,Forward,Stable
21:58:24.003,11.4,85.3,599,38.6561,9.7475,Forward,Stable
21:58:24.087,11.9,81.3,599,39.1339,8.9135,Right,Stable
21:58:24.170,12.1,80.5,599,39.0459,8.4273,Forward,Stable
21:58:24.254,11.8,82.5,599,39.3137,7.5251,Right,Tilt Down
21:58:24.338,12.0,81.1,599,38.9645,7.7549,Forward,Stable
21:58:24.418,12.4,78.5,599,38.5334,8.0633,Forward,Stable
21:58:24.517,10.2,96.0,599,39.1874,8.5875,Up,Stable
21:58:24.601,11.9,81.7,599,38.8555,8.8655,Forward,Stable
21:58:24.680,12.7,76.7,599,38.2991,9.6518,Right,Tilt Down
21:58:24.775,10.4,93.4,599,38.4789,8.9410,Right,Stable
21:58:24.874,10.2,95.9,599,37.8438,8.3837,Forward,Stable
21:58:24.968,10.6,91.6,599,37.1894,7.8756,Forward,Stable
21:58:25.049,12.3,79.2,599,36.4641,7.2399,Forward,Stable
21:58:25.131,12.2,79.3,599,37.2312,7.7585,Backward,Stable
21:58:25.209,12.9,75.5,599,36.5031,7.3565,Forward,Counter-Clockwise
21:58:25.290,12.2,79.4,599,37.3677,7.5530,Forward,Stable
21:58:25.370,12.6,77.1,599,38.0867,7.4193,Forward,Stable
21:58:25.456,11.6,83.6,599,38.8764,7.4809,Forward,Counter-Clockwise
21:58:25.542,11.5,84.3,599,39.1005,6.5124,Right,Stable
21:58:25.633,11.0,88.4,599,38.3527,6.2373,Forward,Stable
21:58:25.723,11.1,87.5,599,39.2580,5.8167,Right,Stable
21:58:25.812,11.2,87.0,599,38.3284,5.7724,Forward,Stable
21:58:25.898,11.7,83.2,599,38.6624,4.9264,Right,Stable
21:58:25.986,11.3,86.2,599,37.7086,4.7038,Forward,Clockwise
21:58:26.076,11.1,87.8,599,38.4686,5.3065,Forward,Stable
21:58:26.159,12.0,80.7,599,38.3870,4.5214,Right,Tilt Down
21:58:26.246,11.5,84.7,599,38.9703,3.7850,Forward,Stable
21:58:26.341,10.6,92.4,599,39.1929,4.3486,Right,Tilt Down
21:58:26.419,12.9,75.4,599,38.2179,4.5706,Up,Stable
21:58:26.507,11.3,86.0,599,38.3833,5.4598,Forward,Counter-Clockwise
21:58:26.588,12.3,79.0,599,37.9248,6.1957,Forward,Stable
21:58:26.686,10.3,95.1,599,37.5465,7.0771,Forward,Stable
21:58:26.766,12.5,77.5,599,36.9923,6.4818,Right,Tilt Down
21:58:26.854,11.4,85.6,599,37.1722,5.5969,Forward,Stable
21:58:26.932,12.7,76.3,599,37.0980,6.4973,Backward,Stable
21:58:27.015,12.0,80.7,599,37.2823,5.7890,Forward,Clockwise
21:58:27.092,12.9,75.0,599,37.8417,5.9186,Right,Tilt Up
21:58:27.181,11.3,85.9,599,37.5030,6.5394,Forward,Counter-Clockwise
21:58:27.259,12.8,76.1,599,36.6670,7.0507,Forward,Stable
21:58:27.339,12.6,77.3,599,35.9338,7.6439,Forward,Stable
21:58:27.433,10.6,92.1,599,35.5610,7.5202,Right,Stable
21:58:27.514,12.4,78.3,599,34.9142,8.2448,Forward,Stable
21:58:27.596,12.1,80.4,599,34.2532,8.9028,Forward,Stable
21:58:27.683,11.6,83.7,599,33.6069,9.6119,Forward,Stable
21:58:27.775,10.8,90.0,599,32.9357,8.8708,Right,Tilt Down
21:58:27.867,10.9,89.4,599,32.6854,8.1275,Forward,Stable
21:58:27.945,12.8,76.0,599,32.1808,7.5016,Forward,Stable
21:58:28.030,11.8,81.9,599,32.7653,6.8762,Up,Pan Right
21:58:28.126,10.4,93.6,599,32.4111,7.4284,Forward,Stable
21:58:28.213,11.4,85.4,599,31.5218,7.7662,Forward,Counter-Clockwise
21:58:28.306,10.8,90.4,599,32.1421,7.2463,Up,Stable
21:58:28.396,11.1,88.0,599,32.9779,7.1774,Forward,Stable
21:58:28.489,10.8,89.9,599,32.4814,7.9575,Left,Stable
21:58:28.572,12.0,80.9,599,33.3519,8.2056,Forward,Stable
21:58:28.661,11.2,86.8,599,34.1243,8.6602,Forward,Counter-Clockwise
21:58:28.749,11.3,86.0,599,34.4530,7.7158,Right,Stable
21:58:28.841,10.9,89.9,599,33.9109,7.0728,Forward,Stable
21:58:28.927,11.7,83.3,599,33.4551,6.9053,Up,Stable
21:58:29.000,13.6,70.9,599,32.7483,6.3753,Forward,Stable
21:58:29.090,11.2,87.2,599,33.4794,6.7343,Backward,Stable
21:58:29.179,11.3,86.6,599,32.8441,6.7672,Up,Stable
21:58:29.257,12.8,75.9,599,32.1610,6.4724,Forward,Stable
21:58:29.355,10.2,96.0,599,31.4555,5.9415,Forward,Stable
21:58:29.451,10.5,93.2,599,31.1013,5.5470,Forward,Stable
21:58:29.532,12.3,79.1,599,30.6226,5.3027,Up,Pan Right
21:58:29.614,12.2,79.8,599,30.3948,4.7838,Backward,Stable
21:58:29.706,10.9,89.4,599,30.5342,5.2540,Forward,Counter-Clockwise
21:58:29.794,11.3,86.2,599,30.1792,5.4072,Forward,Counter-Clockwise
21:58:29.874,12.6,77.0,599,30.0030,5.9984,Forward,Stable
21:58:29.968,10.6,92.0,599,30.5720,6.4320,Up,Pan Left
21:58:30.055,11.6,84.2,599,30.5433,5.5985,Forward,Counter-Clockwise
21:58:30.139,11.9,82.0,599,31.4423,5.9474,Up,Pan Left
21:58:30.228,11.2,87.2,599,32.3135,6.3867,Forward,Stable
21:58:30.305,13.1,74.2,599,32.0938,7.2004,Right,Tilt Up
21:58:30.397,10.9,89.7,599,33.0044,6.9534,Forward,Stable
21:58:30.471,13.4,72.3,599,32.0971,6.7853,Backward,Stable
21:58:30.561,11.2,87.0,599,33.0626,6.9478,Forward,Stable
21:58:30.649,11.4,85.8,599,32.1211,6.8011,Backward,Stable
21:58:30.726,13.0,74.8,599,33.0896,6.9234,Forward,Clockwise
21:58:30.811,11.7,82.9,599,32.1616,6.5875,Forward,Clockwise
21:58:30.910,10.1,96.4,599,33.0885,6.8440,Forward,Stable
21:58:31.009,10.1,97.1,599,33.9096,7.2204,Forward,Clockwise
21:58:31.097,11.4,85.5,599,33.9819,6.4275,Right,Tilt Down
21:58:31.186,11.3,86.1,599,33.4682,6.5154,Up,Stable
21:58:31.259,13.6,71.2,599,32.5840,6.9806,Up,Stable
21:58:31.350,11.0,88.8,599,32.4883,7.7304,Right,Tilt Down
21:58:31.435,11.8,82.2,599,32.4363,6.8622,Right,Stable
21:58:31.514,12.6,77.2,599,31.5474,6.9727,Forward,Stable
21:58:31.599,11.8,82.5,599,31.0844,6.5801,Up,Stable
21:58:31.668,14.5,66.9,599,30.3466,6.9392,Forward,Clockwise
21:58:31.745,13.1,74.2,599,30.7887,7.2881,Up,Stable
21:58:31.828,12.0,81.3,599,31.4485,7.5741,Forward,Stable
21:58:31.912,11.9,81.5,599,30.8004,7.2984,Backward,Stable
21:58:31.988,13.1,74.0,599,30.1362,6.9982,Backward,Stable
21:58:32.067,12.7,76.6,599,29.4216,6.9879,Backward,Stable
21:58:32.154,11.4,85.0,599,28.7212,7.0261,Backward,Stable
21:58:32.233,12.7,76.7,599,29.7012,6.8530,Forward,Stable
21:58:32.297,15.8,61.1,599,30.1408,5.9588,Right,Stable
21:58:32.367,14.2,68.0,599,30.4956,5.0244,Right,Stable
21:58:32.446,12.6,76.9,599,31.3900,5.0574,Forward,Stable
21:58:32.531,11.9,81.7,599,32.1093,5.6075,Up,Pan Left
21:58:32.605,13.3,72.7,599,31.1505,5.5472,Up,Stable
21:58:32.684,12.8,75.9,599,30.1694,5.3708,Up,Pan Right
21:58:32.760,13.1,74.2,599,30.5878,5.2509,Up,Pan Left
21:58:32.839,12.6,76.9,599,30.2488,4.3632,Forward,Stable
21:58:32.926,11.6,84.2,599,29.9521,4.8441,Right,Stable
21:58:33.002,13.0,74.2,599,29.8339,3.9344,Forward,Clockwise
21:58:33.083,12.5,77.9,599,29.1987,4.6185,Right,Stable
21:58:33.157,13.4,72.3,599,29.8842,4.3403,Forward,Clockwise
21:58:33.238,12.4,78.3,599,29.3366,3.8758,Forward,Clockwise
21:58:33.317,12.6,77.0,599,28.9548,4.3944,Right,Stable
21:58:33.392,13.4,72.5,599,29.7165,4.9001,Right,Tilt Down
21:58:33.473,12.4,78.6,599,29.8087,5.8756,Forward,Stable
21:58:33.555,12.1,80.2,599,30.7902,5.7329,Right,Stable
21:58:33.643,11.4,85.0,599,30.9104,6.7079,Forward,Stable
21:58:33.730,11.5,83.4,599,30.7189,5.8126,Backward,Stable
21:58:33.817,11.5,84.8,599,31.1029,6.4889,Forward,Counter-Clockwise
21:58:33.907,11.1,86.6,599,31.3361,6.4450,Forward,Counter-Clockwise
21:58:33.986,12.7,76.7,599,31.2530,6.1254,Forward,Stable
21:58:34.070,11.9,81.7,599,31.3095,6.0982,Forward,Stable
21:58:34.147,13.0,74.4,599,31.2594,6.0736,Forward,Stable
21:58:34.234,11.4,85.2,599,31.1784,5.8232,Forward,Clockwise
21:58:34.323,11.3,85.8,599,31.2106,5.7760,Forward,Stable
21:58:34.403,12.5,77.8,599,31.4252,6.5113,Up,Pan Left
21:58:34.490,11.5,84.8,599,31.7868,5.6918,Forward,Stable
21:58:34.574,11.9,81.6,599,32.1356,4.9466,Forward,Stable
21:58:34.662,11.4,85.7,599,31.3506,4.8892,Up,Pan Left
21:58:34.748,11.6,84.2,599,31.3540,4.7908,Forward,Counter-Clockwise
21:58:34.836,11.4,85.8,599,31.2030,5.7694,Right,Tilt Down
21:58:34.924,11.3,85.9,599,31.3122,5.0715,Right,Stable
21:58:35.006,12.2,79.7,599,31.1811,5.2156,Forward,Counter-Clockwise
21:58:35.084,12.9,75.0,599,30.8611,5.5812,Backward,Stable
21:58:35.168,11.9,81.9,599,31.2632,5.4655,Forward,Clockwise
21:58:35.253,11.8,82.5,599,30.7276,4.6909,Up,Stable
21:58:35.344,10.9,89.3,599,30.8199,4.5930,Forward,Counter-Clockwise
21:58:35.431,11.5,84.2,599,30.9269,3.8091,Forward,Clockwise
21:58:35.520,11.2,86.7,599,29.9829,3.5148,Up,Stable
21:58:35.597,13.0,74.8,599,29.9451,3.1871,Forward,Stable
21:58:35.682,11.9,81.8,599,30.0651,2.7741,Forward,Clockwise
21:58:35.776,10.6,92.1,599,30.0616,2.1513,Forward,Stable
21:58:35.864,11.4,85.6,599,30.1255,1.2365,Forward,Stable
21:58:35.951,11.4,85.2,599,29.4589,1.2489,Right,Tilt Up
21:58:36.039,11.4,85.6,599,29.8613,2.0218,Forward,Stable
21:58:36.115,13.2,73.6,599,29.9511,2.6113,Forward,Clockwise
21:58:36.199,11.9,81.8,599,29.1095,3.1020,Up,Stable
21:58:36.293,10.7,91.6,599,29.4024,3.5442,Backward,Stable
21:58:36.379,11.7,83.3,599,28.8109,4.3149,Right,Tilt Up
21:58:36.472,10.7,91.0,599,28.5724,4.6202,Up,Stable
21:58:36.564,10.9,89.1,599,28.6457,3.6682,Right,Tilt Up
21:58:36.640,13.1,74.0,599,28.2649,4.5353,Right,Stable
21:58:36.727,11.5,84.6,599,27.3904,4.0634,Forward,Counter-Clockwise
21:58:36.801,13.5,72.0,599,28.2452,4.4490,Forward,Stable
21:58:36.881,12.6,76.9,599,29.2406,4.3546,Forward,Stable
21:58:36.971,11.1,87.7,599,30.2053,4.5585,Forward,Stable
21:58:37.057,11.5,84.3,599,29.5292,5.1527,Right,Tilt Down
21:58:37.136,12.7,76.7,599,29.3208,5.0011,Up,Stable
21:58:37.214,12.9,75.3,599,29.4140,4.5518,Up,Pan Right
21:58:37.299,11.8,82.4,599,30.4027,4.6797,Right,Tilt Down
21:58:37.381,12.2,79.7,599,31.0059,3.9392,Up,Stable
21:58:37.475,10.6,92.0,599,30.6375,4.0568,Forward,Stable
21:58:37.576,9.9,98.7,599,30.2866,3.9143,Forward,Counter-Clockwise
21:58:37.653,13.0,74.8,599,30.4850,3.8336,Forward,Counter-Clockwise
21:58:37.740,11.6,84.0,599,30.1968,4.1327,Forward,Stable
21:58:37.829,11.3,86.5,599,31.1182,4.2005,Right,Stable
21:58:37.914,11.6,83.5,599,30.8034,4.5681,Forward,Clockwise
21:58:38.004,11.1,87.5,599,31.2957,4.3735,Forward,Stable
21:58:38.081,13.1,74.0,599,31.5775,3.9070,Forward,Stable
21:58:38.155,13.5,72.1,599,31.8834,3.3474,Forward,Stable
21:58:38.237,12.2,79.6,599,32.3215,3.1646,Forward,Stable
21:58:38.323,11.6,83.9,599,32.6715,2.6438,Forward,Counter-Clockwise
21:58:38.396,13.7,70.0,599,32.4316,2.3981,Forward,Counter-Clockwise
21:58:38.481,11.7,83.2,599,32.5754,2.3214,Up,Stable
21:58:38.565,12.0,81.3,599,33.0288,2.0967,Up,Stable
21:58:38.652,11.6,84.2,599,33.4690,1.2088,Forward,Stable
21:58:38.735,12.0,81.0,599,33.2339,0.5499,Up,Stable
21:58:38.800,15.3,63.1,599,33.7865,-0.2135,Forward,Counter-Clockwise
21:58:38.874,13.6,71.0,599,33.8246,-1.0805,Forward,Stable
21:58:38.957,12.1,80.6,599,33.9196,-0.3205,Backward,Stable
21:58:39.027,14.2,68.4,599,33.9157,-1.0919,Forward,Stable
21:58:39.103,13.1,74.1,599,33.9571,-1.9723,Forward,Counter-Clockwise
21:58:39.189,11.7,83.4,599,34.1435,-2.8188,Forward,Stable
21:58:39.262,13.7,70.5,599,33.2539,-2.8755,Right,Tilt Down
21:58:39.344,12.1,80.0,599,32.4745,-2.6295,Up,Stable
21:58:39.412,14.7,65.6,599,32.9735,-1.7748,Forward,Stable
21:58:39.494,12.2,79.5,599,33.3488,-0.8490,Forward,Stable
21:58:39.570,13.2,73.5,599,33.9543,-0.0665,Forward,Stable
21:58:39.650,12.4,78.1,599,34.3213,0.8608,Forward,Stable
21:58:39.741,11.0,88.1,599,33.7700,0.1302,Right,Tilt Down
21:58:39.821,12.5,77.7,599,34.0233,0.8849,Up,Stable
21:58:39.899,12.8,75.6,599,33.5115,1.7016,Right,Stable
21:58:39.982,12.0,80.8,599,32.5485,1.5722,Forward,Stable
21:58:40.054,13.8,70.1,599,33.3291,2.1833,Backward,Stable
21:58:40.133,12.7,76.3,599,32.5063,1.6219,Forward,Counter-Clockwise
21:58:40.212,12.6,76.9,599,32.2323,2.2539,Right,Tilt Down
21:58:40.288,13.2,71.8,599,33.1615,2.3479,Forward,Stable
21:58:40.369,12.3,79.3,599,33.5877,2.3966,Up,Pan Left
21:58:40.448,12.7,76.3,599,33.6183,2.0425,Forward,Clockwise
21:58:40.527,12.6,76.9,599,33.5480,1.8614,Forward,Stable
21:58:40.598,14.1,68.4,599,32.5929,1.5776,Right,Tilt Down
21:58:40.670,13.8,70.3,599,31.7975,1.1779,Right,Tilt Down
21:58:40.760,11.2,87.1,599,31.7177,1.0971,Forward,Counter-Clockwise
21:58:40.855,10.6,92.2,599,31.2099,1.9582,Up,Pan Right
21:58:40.931,13.1,74.3,599,30.9245,2.2153,Forward,Clockwise
21:58:41.010,12.7,76.3,599,30.8568,1.5835,Backward,Stable
21:58:41.088,12.8,76.1,599,31.2314,1.7049,Forward,Stable
21:58:41.169,12.3,78.8,599,31.7563,2.3048,Forward,Counter-Clockwise
21:58:41.251,12.2,79.4,599,31.6550,1.7721,Up,Stable
21:58:41.329,12.8,75.9,599,31.6200,1.7051,Forward,Stable
21:58:41.410,12.3,78.9,599,30.6922,1.8613,Right,Stable
21:58:41.494,11.9,81.8,599,30.7038,1.5730,Forward,Stable
21:58:41.568,13.7,70.9,599,30.4296,1.1658,Forward,Stable
21:58:41.649,12.3,79.3,599,30.3097,1.1306,Forward,Counter-Clockwise
21:58:41.724,13.5,72.0,599,30.4102,0.2190,Up,Stable
21:58:41.808,11.8,82.3,599,31.1383,0.8971,Right,Tilt Down
21:58:41.900,10.8,89.8,599,31.1048,0.2886,Forward,Counter-Clockwise
21:58:41.983,12.1,80.1,599,31.2864,0.1859,Forward,Stable
21:58:42.062,12.7,76.7,599,31.6218,0.5158,Forward,Stable
21:58:42.142,12.5,77.8,599,31.9402,0.7633,Forward,Stable
21:58:42.228,11.6,83.8,599,32.1129,1.1357,Forward,Counter-Clockwise
21:58:42.312,11.9,81.4,599,31.8028,1.1123,Forward,Stable
21:58:42.394,12.2,79.9,599,31.5499,1.0535,Forward,Stable
21:58:42.469,13.3,72.7,599,31.0601,1.1854,Forward,Stable
21:58:42.551,12.2,79.5,599,30.8785,1.4734,Forward,Stable
21:58:42.628,12.9,75.4,599,30.9691,1.2360,Backward,Stable
21:58:42.718,11.1,87.8,599,30.2332,1.8036,Up,Pan Left
21:58:42.800,12.2,79.5,599,31.0721,1.5750,Forward,Stable
21:58:42.885,11.7,82.8,599,31.8554,1.3324,Forward,Stable
21:58:42.979,10.7,91.6,599,31.1300,1.3923,Backward,Stable
21:58:43.056,13.0,74.6,599,31.8244,1.1789,Forward,Stable
21:58:43.141,11.8,82.5,599,30.8864,1.2595,Backward,Stable
21:58:43.227,11.6,83.9,599,31.7520,1.3492,Forward,Stable
21:58:43.314,11.6,84.2,599,30.9663,1.7641,Backward,Stable
21:58:43.403,11.2,87.1,599,31.8687,1.6325,Forward,Counter-Clockwise
21:58:43.486,12.0,80.5,599,31.0979,1.1633,Forward,Stable
21:58:43.575,11.2,86.8,599,31.7072,0.5562,Right,Stable
21:58:43.662,11.6,84.2,599,31.0730,-0.0254,Forward,Stable
21:58:43.748,11.6,83.6,599,30.3672,-0.5518,Forward,Stable
21:58:43.832,11.8,82.5,599,29.5694,-0.8781,Forward,Clockwise
21:58:43.923,11.1,87.8,599,30.5653,-0.9320,Forward,Clockwise
21:58:43.998,13.3,72.9,599,30.1937,-1.8535,Forward,Stable
21:58:44.090,10.8,89.7,599,30.1348,-2.7562,Forward,Stable
21:58:44.180,11.1,88.1,599,29.7752,-2.7904,Up,Pan Left
21:58:44.275,10.6,92.2,599,29.7156,-1.8120,Forward,Stable
21:58:44.355,12.5,77.8,599,29.4827,-1.4980,Right,Tilt Down
21:58:44.434,12.7,76.7,599,30.1151,-2.2550,Forward,Stable
21:58:44.513,12.6,77.2,599,30.8716,-2.0538,Up,Stable
21:58:44.604,11.0,88.3,599,31.6372,-2.5800,Forward,Clockwise
21:58:44.691,11.5,84.4,599,32.4547,-2.5687,Right,Tilt Up
21:58:44.773,12.2,79.5,599,33.3393,-2.5848,Right,Stable
21:58:44.861,11.3,85.9,599,32.3524,-2.4235,Up,Stable
21:58:44.941,12.4,78.3,599,32.5174,-1.7198,Forward,Stable
21:58:45.029,11.4,85.4,599,32.7680,-0.7687,Forward,Clockwise
21:58:45.114,11.7,83.0,599,32.4592,0.1813,Forward,Counter-Clockwise
21:58:45.203,11.3,86.0,599,32.2582,1.1605,Forward,Stable
21:58:45.285,12.2,79.6,599,32.1082,2.1256,Forward,Stable
21:58:45.369,11.8,82.4,599,31.1554,1.9384,Up,Pan Left
21:58:45.456,11.5,84.7,599,30.2197,1.7241,Right,Stable
21:58:45.535,12.9,75.5,599,29.4589,1.5036,Right,Tilt Up
21:58:45.615,12.4,77.3,599,29.2002,2.4644,Forward,Stable
21:58:45.694,12.7,76.3,599,28.8935,3.4103,Forward,Counter-Clockwise
21:58:45.777,12.0,81.3,599,28.8816,4.4094,Forward,Stable
21:58:45.868,11.0,88.3,599,28.7894,3.4271,Backward,Stable
21:58:45.946,12.8,75.5,599,28.9425,4.3829,Forward,Clockwise
21:58:46.025,12.7,76.4,599,29.4687,3.6992,Backward,Stable
21:58:46.105,12.4,78.2,599,28.7439,4.1234,Forward,Stable
21:58:46.201,10.4,93.4,599,28.0638,4.6025,Forward,Clockwise
21:58:46.284,12.0,80.6,599,28.5674,5.4156,Forward,Clockwise
21:58:46.365,12.3,78.8,599,28.6177,4.4859,Right,Stable
21:58:46.456,11.0,88.4,599,27.7856,4.7121,Forward,Clockwise
21:58:46.532,13.1,74.0,599,28.5142,4.0296,Right,Tilt Down
21:58:46.615,12.0,80.8,599,28.4838,3.6431,Forward,Clockwise
21:58:46.695,12.5,77.9,599,28.5426,3.2185,Forward,Clockwise
21:58:46.782,11.5,84.4,599,28.3026,4.0447,Right,Stable
21:58:46.862,12.5,77.8,599,27.9221,4.8839,Right,Tilt Down
21:58:46.940,12.9,75.1,599,28.2002,5.3795,Forward,Clockwise
21:58:47.027,11.5,85.0,599,28.8314,5.1999,Backward,Stable
21:58:47.101,13.6,71.5,599,29.3968,4.9699,Backward,Stable
21:58:47.175,13.4,72.3,599,29.6728,4.1022,Right,Tilt Up
21:58:47.259,11.9,81.5,599,29.4164,5.0203,Right,Tilt Down
21:58:47.345,11.7,83.2,599,28.9593,5.7220,Forward,Stable
21:58:47.428,11.9,81.5,599,28.3954,5.7630,Forward,Stable
21:58:47.518,11.2,86.8,599,27.5343,5.7373,Forward,Stable
21:58:47.601,12.0,80.7,599,27.3404,4.7943,Right,Stable
21:58:47.691,11.1,87.5,599,27.6767,4.6612,Up,Pan Right
21:58:47.772,12.2,79.6,599,27.7455,3.8795,Forward,Counter-Clockwise
21:58:47.865,10.8,90.3,599,28.1639,3.2867,Forward,Stable
21:58:47.950,11.7,83.1,599,28.3590,2.6107,Forward,Counter-Clockwise
21:58:48.036,11.6,83.5,599,28.4893,1.7228,Forward,Stable
21:58:48.119,12.1,80.3,599,28.8508,0.8658,Forward,Stable
21:58:48.204,11.7,83.3,599,27.9461,0.4586,Up,Stable
21:58:48.279,13.4,72.5,599,27.9704,-0.0234,Up,Pan Right
21:58:48.365,11.6,83.9,599,27.5589,-0.8385,Backward,Stable
21:58:48.464,10.1,96.1,599,27.4755,-0.5510,Up,Stable
21:58:48.549,11.7,83.0,599,27.0442,-1.3577,Backward,Stable
21:58:48.641,10.9,89.8,599,27.4134,-0.5010,Forward,Stable
21:58:48.730,11.3,86.6,599,26.4980,-0.1072,Up,Pan Left
21:58:48.812,12.2,79.4,599,26.8575,-0.8433,Forward,Stable
21:58:48.899,11.5,84.6,599,27.1726,-1.5940,Forward,Stable
21:58:48.990,11.0,88.4,599,27.6166,-2.3566,Forward,Counter-Clockwise
21:58:49.068,12.8,75.8,599,27.9663,-2.9245,Forward,Counter-Clockwise
21:58:49.157,11.2,86.8,599,27.3227,-2.9644,Up,Stable
21:58:49.246,11.2,87.0,599,26.5904,-2.5440,Right,Stable
21:58:49.327,12.4,78.4,599,26.3931,-3.2561,Forward,Counter-Clockwise
21:58:49.411,12.0,81.0,599,26.5212,-4.0000,Forward,Counter-Clockwise
21:58:49.510,10.1,97.1,599,26.6295,-4.8014,Forward,Stable
21:58:49.596,11.7,83.6,599,27.0502,-5.4497,Forward,Stable
21:58:49.683,11.5,84.9,599,27.5979,-6.0099,Forward,Clockwise
21:58:49.772,11.2,86.7,599,27.8354,-6.1458,Forward,Stable
21:58:49.861,11.2,86.6,599,28.7619,-5.8072,Up,Stable
21:58:49.941,12.4,78.1,599,29.5298,-6.3909,Up,Pan Left
21:58:50.025,12.0,81.1,599,28.9816,-6.4370,Forward,Stable
21:58:50.112,11.4,85.2,599,28.8333,-7.4080,Right,Stable
21:58:50.189,13.1,73.7,599,28.1068,-7.3152,Forward,Counter-Clockwise
21:58:50.275,11.5,84.4,599,28.5343,-6.9829,Forward,Stable
21:58:50.353,12.9,75.4,599,29.4157,-6.9204,Forward,Clockwise
21:58:50.432,12.8,76.0,599,29.1842,-6.1857,Forward,Counter-Clockwise
21:58:50.526,10.6,92.2,599,29.1017,-5.4853,Forward,Clockwise
21:58:50.622,10.5,93.1,599,29.9606,-5.0571,Up,Stable
21:58:50.712,11.1,88.1,599,30.0313,-4.3807,Forward,Stable
21:58:50.796,11.9,81.3,599,30.5209,-4.0356,Up,Pan Left
21:58:50.885,11.2,86.6,599,30.3850,-4.9762,Forward,Stable
21:58:50.972,11.4,85.4,599,30.2640,-5.9602,Forward,Stable
21:58:51.062,11.1,87.8,599,30.0101,-6.9186,Forward,Stable
21:58:51.136,13.5,71.8,599,29.8826,-7.8895,Forward,Stable
21:58:51.218,12.3,79.3,599,29.7489,-8.8566,Forward,Stable
21:58:51.296,12.8,75.9,599,29.6117,-9.7944,Forward,Stable
21:58:51.384,11.4,85.5,599,29.5915,-10.7345,Forward,Counter-Clockwise
21:58:51.469,11.8,82.5,599,29.7915,-11.2971,Forward,Clockwise
21:58:51.554,11.7,83.0,599,30.3210,-12.0729,Up,Stable
21:58:51.650,10.5,93.1,599,31.2599,-11.7325,Right,Stable
21:58:51.747,10.3,94.9,599,31.2010,-12.2974,Forward,Clockwise
21:58:51.838,11.0,88.7,599,30.9533,-13.1890,Right,Tilt Down
21:58:51.923,11.7,82.6,599,29.9842,-13.1751,Forward,Stable
21:58:52.000,13.0,74.4,599,30.8992,-13.5174,Backward,Stable
21:58:52.079,12.6,76.7,599,29.9880,-13.2959,Forward,Stable
21:58:52.168,11.3,86.4,599,29.0558,-13.1964,Forward,Stable
21:58:52.255,11.5,84.2,599,28.1292,-13.0623,Forward,Stable
21:58:52.350,10.4,93.4,599,29.0265,-13.4763,Backward,Stable
21:58:52.426,13.3,72.9,599,28.1038,-13.3166,Forward,Stable
21:58:52.510,11.8,82.4,599,27.1838,-13.1512,Forward,Stable
21:58:52.592,12.2,80.0,599,26.2225,-13.0187,Forward,Clockwise
21:58:52.672,12.5,77.5,599,26.8312,-12.4608,Forward,Counter-Clockwise
21:58:52.766,10.7,91.0,599,26.3655,-11.8564,Right,Stable
21:58:52.843,13.0,75.0,599,25.6796,-11.3669,Right,Stable
21:58:52.922,12.6,77.2,599,24.9708,-11.3815,Forward,Clockwise
21:58:53.011,11.3,86.2,599,24.6789,-10.5384,Right,Tilt Down
21:58:53.085,13.5,71.6,599,24.1074,-10.3951,Backward,Stable
21:58:53.166,12.4,78.5,599,24.3699,-10.5225,Forward,Counter-Clockwise
21:58:53.253,11.4,85.2,599,24.2086,-10.9336,Forward,Stable
21:58:53.341,11.4,85.2,599,24.4078,-10.5579,Backward,Stable
21:58:53.418,12.9,75.0,599,24.9811,-11.3186,Up,Stable
21:58:53.505,11.6,84.1,599,25.0371,-12.2910,Right,Tilt Down
21:58:53.597,10.8,90.4,599,24.9243,-12.0822,Right,Tilt Down
21:58:53.674,13.0,74.4,599,24.2472,-12.6258,Up,Stable
21:58:53.760,11.6,83.7,599,23.3803,-12.7258,Forward,Stable
21:58:53.857,10.4,94.0,599,22.3887,-12.6768,Forward,Clockwise
21:58:53.944,11.5,84.5,599,23.2364,-12.1478,Forward,Stable
21:58:54.026,12.1,80.4,599,23.6124,-12.9944,Right,Tilt Down
21:58:54.112,11.7,83.2,599,22.7829,-12.4540,Right,Stable
21:58:54.196,12.0,81.4,599,23.2208,-12.6551,Forward,Stable
21:58:54.287,10.9,89.0,599,23.3589,-12.9431,Forward,Clockwise
21:58:54.371,11.9,81.7,599,22.4759,-12.7368,Up,Stable
21:58:54.452,12.4,78.5,599,23.0569,-12.3126,Right,Stable
21:58:54.543,11.1,88.2,599,23.2346,-12.9362,Forward,Stable
21:58:54.632,11.1,87.4,599,23.3042,-13.5970,Forward,Counter-Clockwise
21:58:54.711,12.7,76.5,599,23.5657,-12.7320,Up,Stable
21:58:54.802,11.0,88.6,599,23.6760,-13.2491,Forward,Stable
21:58:54.891,11.2,86.9,599,23.7654,-13.6508,Forward,Stable
21:58:54.984,10.7,90.5,599,22.9004,-14.1243,Right,Stable
21:58:55.077,10.8,90.3,599,22.8208,-13.3927,Backward,Stable
21:58:55.166,11.2,86.9,599,23.0438,-13.9138,Forward,Stable
21:58:55.248,12.2,79.7,599,23.3198,-14.4184,Forward,Stable
21:58:55.333,11.9,82.0,599,23.8648,-13.6645,Up,Stable
21:58:55.422,11.2,86.7,599,24.1507,-14.4805,Forward,Clockwise
21:58:55.498,13.0,74.3,599,23.7717,-14.7632,Up,Stable
21:58:55.584,11.7,83.2,599,24.1677,-15.6564,Forward,Stable
21:58:55.668,11.9,81.7,599,24.0726,-15.7078,Up,Stable
21:58:55.751,12.0,80.7,599,24.4399,-16.6286,Forward,Stable
21:58:55.837,11.6,84.3,599,24.8069,-17.5585,Forward,Stable
21:58:55.917,12.5,77.8,599,25.6510,-17.2746,Right,Stable
21:58:56.013,10.5,93.1,599,24.9109,-17.5864,Up,Pan Left
21:58:56.108,10.5,93.1,599,24.3660,-16.7868,Forward,Stable
21:58:56.203,10.6,91.9,599,23.9593,-15.9032,Forward,Counter-Clockwise
21:58:56.285,12.1,80.3,599,24.2099,-16.8208,Backward,Stable
21:58:56.373,11.3,86.0,599,23.9763,-15.9186,Forward,Counter-Clockwise
21:58:56.466,10.8,90.3,599,23.1968,-15.2939,Forward,Stable
21:58:56.545,12.7,76.6,599,22.5546,-14.5466,Forward,Stable
21:58:56.634,11.2,86.8,599,23.3852,-14.0100,Up,Pan Left
21:58:56.723,11.2,86.9,599,23.7616,-14.8265,Forward,Stable
21:58:56.803,12.5,77.4,599,23.4029,-14.0436,Backward,Stable
21:58:56.889,11.7,83.5,599,23.7396,-14.9306,Forward,Counter-Clockwise
21:58:56.977,11.4,85.6,599,23.8071,-15.7713,Forward,Stable
21:58:57.059,12.1,80.1,599,24.0359,-16.5514,Forward,Counter-Clockwise
21:58:57.241,5.5,178.9,599,24.5742,-17.3479,Forward,Counter-Clockwise
21:58:57.343,9.8,99.8,599,23.9376,-17.5497,Forward,Stable
21:58:57.442,10.1,96.3,599,23.0592,-17.5714,Forward,Counter-Clockwise
21:58:57.536,10.6,92.1,599,22.2599,-17.3580,Up,Pan Right
21:58:57.627,11.0,88.9,599,22.1301,-17.1834,Up,Stable
21:58:57.719,11.0,89.0,599,21.2758,-17.6869,Forward,Stable
21:58:57.805,11.6,84.2,599,20.3796,-18.1168,Forward,Stable
21:58:57.887,12.3,79.0,599,19.5194,-17.6347,Forward,Clockwise
21:58:57.969,12.2,79.7,599,19.2077,-18.5201,Forward,Stable
21:58:58.047,12.7,76.6,599,18.8853,-19.4082,Forward,Stable
21:58:58.139,10.9,89.0,599,19.1871,-18.5222,Backward,Stable
21:58:58.231,10.9,89.6,599,18.8405,-19.1399,Forward,Stable
21:58:58.302,14.1,68.6,599,19.1203,-19.9511,Forward,Clockwise
21:58:58.386,11.9,81.6,599,19.0185,-20.9380,Forward,Stable
21:58:58.468,12.1,80.4,599,18.7592,-21.9036,Forward,Clockwise
21:58:58.555,11.6,84.3,599,19.6944,-21.6126,Right,Tilt Down
21:58:58.629,13.4,72.2,599,19.2856,-20.7142,Forward,Stable
21:58:58.711,12.3,79.2,599,18.7655,-19.8606,Forward,Stable
21:58:58.791,12.4,78.3,599,18.6966,-18.8776,Forward,Clockwise
21:58:58.870,12.7,76.5,599,19.0008,-18.5556,Forward,Clockwise
21:58:58.957,11.5,84.9,599,18.5960,-18.5932,Forward,Clockwise
21:58:59.032,13.4,72.3,599,19.1195,-17.8146,Forward,Counter-Clockwise
21:58:59.116,11.9,82.0,599,18.4635,-17.0600,Forward,Stable
21:58:59.190,13.5,71.9,599,17.7905,-16.3795,Forward,Stable
21:58:59.282,10.9,89.5,599,16.8558,-16.0443,Forward,Clockwise
21:58:59.354,13.8,69.9,599,17.7879,-15.7454,Up,Stable
21:58:59.437,12.0,80.8,599,17.5628,-14.7885,Forward,Counter-Clockwise
21:58:59.513,13.2,73.3,599,17.1622,-13.9623,Forward,Clockwise
21:58:59.594,12.4,78.3,599,17.0440,-13.0907,Forward,Stable
21:58:59.678,11.9,81.9,599,16.8434,-12.7822,Up,Stable
21:58:59.750,13.8,70.1,599,16.7556,-11.8060,Forward,Counter-Clockwise
21:58:59.823,13.8,70.1,599,16.7705,-10.8086,Forward,Counter-Clockwise
21:58:59.898,13.3,72.8,599,17.3084,-11.4683,Up,Pan Right
21:58:59.982,11.8,82.3,599,18.2916,-11.4333,Right,Tilt Up
21:59:00.069,11.5,84.7,599,18.3290,-11.2433,Forward,Clockwise
21:59:00.146,13.1,74.1,599,18.2560,-10.5238,Forward,Counter-Clockwise
21:59:00.214,14.6,66.2,599,18.1372,-10.0917,Forward,Stable
21:59:00.290,13.2,73.3,599,18.0034,-9.3236,Forward,Stable
21:59:00.383,10.7,91.0,599,17.7647,-8.6571,Forward,Stable
21:59:00.461,12.8,75.3,599,18.6469,-8.9618,Right,Tilt Down
21:59:00.543,12.2,80.0,599,19.1106,-8.4770,Right,Tilt Down
21:59:00.622,12.7,76.5,599,19.8314,-7.8450,Forward,Stable
21:59:00.705,12.1,80.2,599,20.4315,-8.5132,Up,Pan Left
21:59:00.799,10.6,91.8,599,20.4875,-9.2439,Forward,Counter-Clockwise
21:59:00.885,11.6,83.8,599,21.3523,-9.4302,Forward,Stable
21:59:00.968,12.2,79.7,599,21.8249,-10.2271,Forward,Clockwise
21:59:01.050,12.1,80.5,599,21.3888,-9.3285,Backward,Stable
21:59:01.116,15.3,62.9,599,20.9581,-9.2634,Up,Stable
21:59:01.192,13.1,74.0,599,20.8058,-10.0365,Forward,Clockwise
21:59:01.260,14.7,65.6,599,19.9691,-10.3552,Forward,Stable
21:59:01.350,11.1,87.6,599,20.6272,-10.9277,Right,Tilt Up
21:59:01.436,11.6,83.9,599,19.8358,-11.1652,Forward,Counter-Clockwise
21:59:01.520,11.9,81.5,599,18.8566,-11.0005,Right,Stable
21:59:01.607,11.5,84.5,599,19.7593,-10.8235,Forward,Stable
21:59:01.691,11.8,82.5,599,19.3522,-11.4802,Up,Stable
21:59:01.782,11.0,88.4,599,20.1665,-11.0434,Forward,Stable
21:59:01.882,10.0,97.3,599,19.8718,-11.2012,Up,Stable
21:59:01.966,11.9,81.1,599,20.6568,-11.0108,Forward,Stable
21:59:02.050,11.9,81.9,599,21.5069,-10.7713,Forward,Stable
21:59:02.140,11.1,87.2,599,21.0449,-9.9723,Right,Stable
21:59:02.213,13.7,70.7,599,20.9767,-10.8585,Up,Stable
21:59:02.292,12.5,77.6,599,21.6398,-10.4677,Forward,Stable
21:59:02.374,12.2,79.5,599,21.6507,-11.3933,Up,Pan Left
21:59:02.453,12.7,76.7,599,21.1768,-11.7382,Forward,Clockwise
21:59:02.548,10.5,92.6,599,20.1819,-11.8294,Up,Stable
21:59:02.631,12.1,80.5,599,19.7696,-12.4613,Right,Stable
21:59:02.718,11.5,84.7,599,19.8622,-11.7513,Forward,Stable
21:59:02.813,10.5,92.8,599,19.7684,-11.0988,Forward,Stable
21:59:02.905,10.8,90.2,599,19.7276,-10.4300,Forward,Stable
21:59:02.994,11.3,86.1,599,19.8456,-11.0446,Backward,Stable
21:59:03.081,11.4,85.0,599,19.8843,-10.3497,Forward,Counter-Clockwise
21:59:03.175,10.7,91.2,599,20.5782,-10.9049,Right,Tilt Down
21:59:03.260,11.8,82.3,599,20.4008,-11.2658,Forward,Counter-Clockwise
21:59:03.344,11.8,82.3,599,19.9458,-10.6178,Right,Tilt Up
21:59:03.427,12.1,80.7,599,19.2057,-11.0301,Up,Stable
21:59:03.501,13.5,71.8,599,18.6681,-10.9423,Forward,Stable
21:59:03.585,12.0,81.4,599,17.8026,-11.0477,Up,Pan Left
21:59:03.675,11.1,87.9,599,17.9323,-10.7823,Forward,Counter-Clockwise
21:59:03.766,11.0,88.6,599,17.6817,-10.3838,Forward,Counter-Clockwise
21:59:03.856,11.2,87.3,599,17.7993,-11.0046,Forward,Stable
21:59:03.943,11.4,85.1,599,18.7266,-10.7050,Up,Stable
21:59:04.027,11.9,81.5,599,18.7777,-10.1899,Backward,Stable
21:59:04.118,11.0,88.7,599,18.8759,-10.6212,Forward,Counter-Clockwise
21:59:04.210,10.9,89.0,599,18.2535,-11.3375,Up,Stable
21:59:04.301,11.0,88.8,599,18.6179,-11.7011,Forward,Stable
21:59:04.392,10.9,89.2,599,18.3048,-11.2810,Backward,Stable
21:59:04.474,12.2,79.5,599,18.6308,-11.5545,Forward,Stable
21:59:04.564,11.2,87.3,599,18.8703,-11.8095,Forward,Stable
21:59:04.655,10.9,89.1,599,18.9929,-12.2726,Forward,Stable
21:59:04.750,10.5,92.7,599,19.3779,-12.6345,Forward,Stable
21:59:04.833,12.1,80.1,599,19.2924,-12.3406,Forward,Stable
21:59:04.925,10.9,89.4,599,18.4756,-11.9567,Right,Stable
21:59:05.018,10.7,90.8,599,17.9626,-11.2852,Backward,Stable
21:59:05.097,12.6,77.2,599,18.2986,-11.4812,Forward,Counter-Clockwise
21:59:05.175,12.8,76.0,599,17.9679,-11.0680,Forward,Clockwise
21:59:05.265,11.1,87.4,599,17.1099,-10.6847,Right,Tilt Up
21:59:05.344,12.7,76.6,599,16.7931,-10.5295,Forward,Stable
21:59:05.433,11.2,86.9,599,17.3574,-10.7178,Backward,Stable
21:59:05.514,12.4,78.2,599,17.2938,-11.6878,Right,Stable
21:59:05.601,11.5,84.6,599,17.9851,-11.8905,Backward,Stable
21:59:05.691,11.1,87.8,599,18.6273,-12.0948,Backward,Stable
21:59:05.781,11.1,87.0,599,18.0989,-12.0338,Forward,Clockwise
21:59:05.866,11.9,82.1,599,19.0346,-12.1003,Forward,Counter-Clockwise
21:59:05.956,11.1,88.1,599,18.3002,-12.2172,Forward,Counter-Clockwise
21:59:06.046,11.1,87.5,599,19.1164,-11.8254,Forward,Clockwise
21:59:06.125,12.6,77.1,599,18.3068,-11.5923,Forward,Stable
21:59:06.216,11.0,88.8,599,17.6882,-11.3167,Forward,Stable
21:59:06.306,11.2,86.9,599,17.0575,-11.0063,Forward,Stable
21:59:06.388,12.1,80.3,599,17.7757,-11.1405,Backward,Stable
21:59:06.477,11.3,86.0,599,16.8202,-11.0037,Forward,Stable
21:59:06.564,11.5,85.0,599,16.1111,-10.8290,Forward,Stable
21:59:06.648,11.9,81.6,599,15.3979,-10.7629,Forward,Counter-Clockwise
21:59:06.732,11.9,81.4,599,15.9174,-10.4475,Forward,Stable
21:59:06.820,11.4,85.7,599,16.4718,-10.1221,Forward,Stable
21:59:06.915,10.5,93.3,599,16.9374,-9.7832,Forward,Stable
21:59:06.997,12.2,79.7,599,17.5212,-9.5783,Forward,Stable
21:59:07.080,12.0,80.9,599,16.9341,-9.8148,Backward,Stable
21:59:07.160,12.5,77.8,599,17.3440,-9.8565,Forward,Counter-Clockwise
21:59:07.241,12.4,78.6,599,16.9104,-10.2917,Forward,Stable
21:59:07.333,10.9,89.6,599,16.2663,-10.5342,Forward,Stable
21:59:07.411,12.9,75.1,599,15.9969,-11.0981,Forward,Clockwise
21:59:07.500,11.2,86.8,599,15.1937,-10.6331,Backward,Stable
21:59:07.588,11.4,85.7,599,14.3907,-10.1341,Backward,Stable
21:59:07.674,11.5,84.3,599,15.1313,-10.5828,Forward,Counter-Clockwise
21:59:07.772,10.2,95.7,599,14.9325,-11.5107,Forward,Stable
21:59:07.857,11.8,82.4,599,14.7100,-12.3880,Forward,Stable
21:59:07.953,10.4,93.5,599,14.5034,-13.3041,Forward,Stable
21:59:08.048,10.5,92.9,599,14.0945,-14.1012,Forward,Counter-Clockwise
21:59:08.133,11.8,82.6,599,14.6620,-13.9175,Right,Tilt Up
21:59:08.222,11.2,86.8,599,15.0602,-13.0117,Forward,Stable
21:59:08.313,11.1,88.1,599,15.5992,-12.1862,Forward,Stable
21:59:08.391,12.8,75.8,599,15.2348,-13.1011,Backward,Stable
21:59:08.473,12.2,79.6,599,15.9758,-13.6966,Up,Stable
21:59:08.559,11.6,84.0,599,15.5297,-14.5779,Backward,Stable
21:59:08.643,11.9,81.8,599,16.1156,-13.7899,Forward,Counter-Clockwise
21:59:08.734,11.0,88.4,599,16.0375,-13.8579,Right,Tilt Down
21:59:08.822,11.3,86.2,599,15.8014,-14.8207,Forward,Counter-Clockwise
21:59:08.904,12.1,80.1,599,16.0594,-14.6127,Up,Stable
21:59:08.988,11.9,81.6,599,16.7157,-15.3579,Forward,Clockwise
21:59:09.077,11.2,86.8,599,16.5086,-16.3362,Forward,Stable
21:59:09.160,12.2,79.9,599,16.3118,-17.3158,Forward,Stable
21:59:09.242,12.1,80.0,599,16.1337,-18.2998,Forward,Stable
21:59:09.326,11.9,81.4,599,16.3251,-19.2808,Forward,Stable
21:59:09.415,11.2,87.2,599,15.6007,-19.2812,Right,Tilt Down
21:59:09.490,13.4,72.3,599,15.2445,-18.3901,Forward,Stable
21:59:09.568,12.8,76.2,599,14.7927,-17.5023,Forward,Stable
21:59:09.651,12.1,80.4,599,14.1681,-17.7335,Right,Tilt Down
21:59:09.740,11.3,86.4,599,13.1714,-17.6702,Right,Tilt Down
21:59:09.827,11.5,84.6,599,12.2383,-17.3354,Forward,Clockwise
21:59:09.911,11.9,81.9,599,13.2003,-17.6058,Forward,Clockwise
21:59:09.995,11.8,82.1,599,13.0895,-18.4450,Right,Tilt Down
21:59:10.083,11.4,85.2,599,12.2836,-19.0092,Forward,Stable
21:59:10.181,10.2,96.1,599,11.4604,-19.5685,Forward,Stable
21:59:10.262,12.3,78.7,599,10.6250,-19.8353,Forward,Counter-Clockwise
21:59:10.343,12.4,78.5,599,11.3152,-19.1618,Forward,Stable
21:59:10.421,12.9,75.3,599,12.2123,-18.9622,Forward,Counter-Clockwise
21:59:10.507,11.6,83.6,599,11.5621,-19.2663,Forward,Stable
21:59:10.601,10.6,92.4,599,10.7588,-19.6079,Forward,Counter-Clockwise
21:59:10.680,12.8,75.9,599,11.0338,-19.5445,Right,Tilt Down
21:59:10.756,13.0,74.5,599,11.8232,-19.7815,Forward,Stable
21:59:10.841,11.8,80.8,599,12.6107,-20.0610,Forward,Stable
21:59:10.930,11.3,86.5,599,13.4533,-20.1770,Forward,Counter-Clockwise
21:59:11.016,11.7,83.4,599,14.2286,-19.6218,Backward,Stable
21:59:11.100,11.8,82.5,599,13.5431,-19.9769,Forward,Stable
21:59:11.186,11.7,83.3,599,13.3654,-20.6212,Right,Stable
21:59:11.282,10.4,93.9,599,12.6634,-21.0233,Forward,Stable
21:59:11.364,12.2,79.7,599,11.8573,-21.4150,Forward,Stable
21:59:11.450,11.7,83.1,599,11.1963,-20.6740,Up,Stable
21:59:11.540,11.1,87.7,599,11.1779,-19.9082,Up,Stable
21:59:11.627,11.5,84.9,599,10.5183,-20.3599,Forward,Stable
21:59:11.709,12.2,79.8,599,10.0980,-21.0351,Forward,Clockwise
21:59:11.789,12.5,77.9,599,10.7399,-20.9709,Forward,Counter-Clockwise
21:59:11.874,11.9,81.8,599,11.2885,-20.2501,Backward,Stable
21:59:11.960,11.6,83.9,599,11.7596,-20.9734,Up,Pan Right
21:59:12.034,13.4,72.3,599,12.2773,-20.1934,Forward,Clockwise
21:59:12.125,11.1,88.1,599,11.3989,-19.8511,Forward,Stable
21:59:12.206,12.3,78.8,599,12.3347,-20.0658,Backward,Stable
21:59:12.298,10.8,90.1,599,11.4000,-19.8577,Forward,Stable
21:59:12.394,10.5,92.7,599,10.4860,-19.5670,Forward,Stable
21:59:12.482,11.3,86.1,599,11.0190,-19.0087,Up,Stable
21:59:12.577,10.5,92.8,599,11.3261,-18.1139,Up,Stable
21:59:12.668,11.0,88.2,599,11.7536,-18.0018,Right,Tilt Up
21:59:12.754,11.6,84.2,599,11.3042,-18.7786,Forward,Counter-Clockwise
21:59:12.843,11.3,86.1,599,11.0549,-19.7395,Up,Stable
21:59:12.931,11.3,86.1,599,11.8483,-19.8975,Forward,Stable
21:59:13.009,12.9,75.3,599,12.7524,-19.9003,Forward,Stable
21:59:13.090,12.3,78.5,599,13.4765,-19.8826,Forward,Stable
21:59:13.180,11.1,87.7,599,14.1309,-20.0778,Forward,Stable
21:59:13.267,11.4,85.2,599,15.1099,-20.2544,Forward,Clockwise
21:59:13.356,11.2,86.7,599,15.3364,-19.5297,Right,Stable
21:59:13.451,10.5,92.6,599,14.4939,-19.4965,Forward,Clockwise
21:59:13.536,11.8,82.7,599,15.0757,-18.7535,Forward,Clockwise
21:59:13.621,11.8,82.5,599,14.2249,-18.3328,Forward,Stable
21:59:13.710,11.3,86.4,599,13.5108,-18.0008,Forward,Clockwise
21:59:13.802,10.9,89.7,599,13.9443,-17.3272,Forward,Counter-Clockwise
21:59:13.889,11.4,85.2,599,13.1043,-17.4378,Up,Pan Left
21:59:13.981,10.9,89.3,599,13.3854,-18.3392,Forward,Clockwise
21:59:14.056,13.2,73.4,599,12.7621,-17.5577,Up,Pan Left
21:59:14.148,11.0,89.0,599,13.1852,-17.3968,Forward,Stable
21:59:14.237,11.2,87.3,599,13.3670,-16.4510,Right,Tilt Down
21:59:14.316,12.7,76.6,599,12.4444,-16.2194,Down,Stable
21:59:14.402,11.6,83.7,599,12.8518,-15.3068,Up,Stable
21:59:14.493,11.0,88.5,599,12.6337,-14.9683,Forward,Stable
21:59:14.580,11.5,84.7,599,12.6863,-14.5156,Forward,Stable
21:59:14.668,11.3,85.7,599,12.2619,-14.3523,Forward,Clockwise
21:59:14.749,12.4,78.6,599,12.3222,-13.9633,Forward,Clockwise
21:59:14.842,10.8,90.4,599,11.6955,-14.6834,Right,Tilt Down
21:59:14.935,10.7,90.8,599,12.4498,-15.1663,Forward,Stable
21:59:15.030,10.5,92.5,599,13.0672,-15.3974,Up,Stable
21:59:15.111,12.3,79.1,599,13.8797,-15.5997,Forward,Stable
21:59:15.200,11.3,86.5,599,14.4081,-15.9623,Forward,Stable
21:59:15.284,11.9,81.5,599,15.1034,-16.3896,Forward,Stable
21:59:15.364,12.4,78.3,599,15.8245,-16.8159,Forward,Stable
21:59:15.451,11.6,84.2,599,16.4486,-17.4992,Forward,Stable
21:59:15.541,11.1,87.9,599,17.0878,-17.9977,Forward,Stable
21:59:15.637,10.4,94.1,599,17.8484,-18.4627,Forward,Stable
21:59:15.726,11.3,85.6,599,17.7945,-17.6532,Right,Tilt Up
21:59:15.811,11.7,83.4,599,18.2349,-16.9737,Forward,Stable
21:59:15.893,12.2,79.5,599,18.6896,-16.2566,Forward,Stable
21:59:15.978,11.7,82.8,599,19.0207,-15.4012,Forward,Counter-Clockwise
21:59:16.057,12.7,76.3,599,18.2210,-15.4951,Forward,Stable
21:59:16.147,11.1,87.9,599,17.4113,-15.5671,Forward,Stable
21:59:16.231,11.9,81.7,599,16.5174,-15.7216,Forward,Counter-Clockwise
21:59:16.310,12.6,77.1,599,16.7583,-15.3129,Forward,Counter-Clockwise
21:59:16.397,11.5,84.7,599,17.1375,-15.3985,Right,Tilt Down
21:59:16.486,11.3,86.5,599,16.4548,-15.3232,Right,Stable
21:59:16.566,12.5,77.6,599,15.8449,-16.1072,Forward,Clockwise
21:59:16.658,10.9,89.5,599,16.0221,-17.0701,Forward,Stable
21:59:16.747,11.2,87.0,599,16.0659,-18.0269,Forward,Stable
21:59:16.825,12.8,75.7,599,16.2562,-19.0044,Forward,Stable
21:59:16.908,12.1,80.1,599,16.5186,-19.2723,Right,Tilt Down
21:59:16.979,14.0,68.9,599,16.7198,-18.3061,Forward,Stable
21:59:17.065,11.7,83.5,599,17.0788,-17.5222,Forward,Stable
21:59:17.138,13.7,70.7,599,17.3944,-16.5853,Forward,Stable
21:59:17.211,13.6,71.2,599,17.2613,-15.6007,Forward,Stable
21:59:17.291,12.5,77.5,599,17.1559,-14.6064,Forward,Clockwise
21:59:17.368,13.1,74.1,599,17.0540,-13.8354,Forward,Stable
21:59:17.452,11.9,81.8,599,16.2153,-14.3216,Up,Stable
21:59:17.526,13.5,72.0,599,15.8576,-13.7020,Forward,Clockwise
21:59:17.598,14.0,69.2,599,15.9560,-14.3211,Backward,Stable
21:59:17.681,12.0,81.2,599,15.9619,-13.6377,Forward,Stable
21:59:17.767,11.6,83.5,599,15.6825,-12.8936,Forward,Stable
21:59:17.845,12.7,76.2,599,15.4709,-12.0632,Forward,Stable
21:59:17.925,12.5,77.6,599,15.4614,-11.3805,Forward,Clockwise
21:59:18.009,12.0,81.2,599,15.7705,-11.7651,Backward,Stable
21:59:18.102,10.7,90.8,599,15.3543,-11.2580,Forward,Counter-Clockwise
21:59:18.183,12.4,78.5,599,15.7810,-10.6411,Forward,Stable
21:59:18.272,11.2,87.0,599,16.0486,-10.0076,Forward,Stable
21:59:18.357,11.8,82.6,599,16.4277,-9.7364,Forward,Counter-Clockwise
21:59:18.446,11.2,86.9,599,16.8762,-9.9631,Backward,Stable
21:59:18.531,11.8,82.4,599,16.1961,-9.8617,Forward,Stable
21:59:18.612,12.4,78.3,599,15.6768,-9.7619,Forward,Clockwise
21:59:18.700,11.3,85.9,599,16.2439,-10.5139,Up,Stable
21:59:18.778,12.7,76.3,599,15.9877,-11.1337,Backward,Stable
21:59:18.875,10.3,94.3,599,16.2676,-10.8838,Forward,Counter-Clockwise
21:59:18.952,12.9,74.8,599,15.6049,-11.2416,Forward,Counter-Clockwise
21:59:19.034,12.2,79.6,599,16.1637,-11.3487,Forward,Stable
21:59:19.120,11.6,84.0,599,17.0822,-11.0313,Right,Stable
21:59:19.195,13.3,72.8,599,17.0813,-11.8926,Up,Stable
21:59:19.276,12.4,78.4,599,17.6187,-11.9519,Forward,Clockwise
21:59:19.367,11.0,88.6,599,17.3845,-12.8046,Forward,Stable
21:59:19.444,13.0,74.8,599,16.8054,-13.1263,Right,Tilt Down
21:59:19.527,12.1,80.3,599,15.9393,-12.6265,Forward,Stable
21:59:19.619,10.9,89.8,599,16.2932,-11.7141,Up,Stable
21:59:19.695,13.2,73.5,599,16.3343,-12.0967,Right,Stable
21:59:19.772,12.9,75.2,599,15.3904,-11.7920,Forward,Stable
21:59:19.858,11.6,83.7,599,15.8184,-10.8916,Up,Stable
21:59:19.959,9.9,98.6,599,14.8440,-11.1025,Forward,Counter-Clockwise
21:59:20.044,11.8,82.7,599,14.5260,-10.1906,Right,Stable
21:59:20.123,12.7,76.4,599,15.2026,-9.5397,Forward,Counter-Clockwise
21:59:20.216,10.8,90.3,599,15.3866,-8.7826,Right,Stable
21:59:20.307,10.9,89.3,599,15.7660,-8.8549,Up,Pan Right
21:59:20.399,11.0,88.7,599,15.7213,-9.5673,Forward,Stable
21:59:20.486,11.4,85.5,599,15.7034,-10.1423,Forward,Counter-Clockwise
21:59:20.571,11.9,81.9,599,15.8555,-10.8959,Forward,Stable
21:59:20.657,11.6,83.7,599,16.3100,-11.5927,Forward,Stable
21:59:20.740,12.0,81.2,599,16.7202,-12.3226,Forward,Stable
21:59:20.820,12.6,77.1,599,16.5912,-13.0463,Right,Stable
21:59:20.907,11.4,85.2,599,16.9680,-13.7299,Forward,Stable
21:59:20.995,11.4,85.2,599,17.3523,-14.5401,Forward,Stable
21:59:21.078,12.0,81.3,599,16.9287,-13.8467,Backward,Stable
21:59:21.157,12.6,76.8,599,16.4852,-14.5271,Right,Stable
21:59:21.243,11.7,83.5,599,16.0409,-13.9603,Backward,Stable
21:59:21.324,12.4,77.7,599,16.9337,-13.5363,Up,Stable
21:59:21.413,11.1,87.6,599,17.1087,-14.2811,Forward,Stable
21:59:21.493,12.7,76.7,599,17.5363,-14.9983,Forward,Stable
21:59:21.577,11.8,82.4,599,17.2829,-14.3310,Backward,Stable
21:59:21.668,11.0,88.8,599,17.5062,-15.1032,Right,Stable
21:59:21.743,13.4,72.2,599,17.3273,-15.2040,Right,Stable
21:59:21.825,12.1,80.4,599,17.6465,-15.9265,Forward,Stable
21:59:21.904,12.7,76.3,599,17.7389,-16.7839,Forward,Stable
21:59:21.986,12.2,79.3,599,18.1953,-17.4646,Forward,Stable
21:59:22.079,10.7,91.2,599,18.6233,-18.1948,Forward,Counter-Clockwise
21:59:22.168,11.2,86.4,599,18.5144,-18.9361,Forward,Clockwise
21:59:22.252,11.9,81.5,599,18.2437,-18.1185,Backward,Stable
21:59:22.329,12.9,75.0,599,18.8462,-18.9160,Forward,Clockwise
21:59:22.417,11.4,85.6,599,18.5392,-18.8045,Right,Stable
21:59:22.501,11.9,81.8,599,17.8497,-19.4543,Forward,Stable
21:59:22.571,14.3,67.7,599,17.1346,-20.0010,Forward,Stable
21:59:22.657,11.6,83.9,599,16.5631,-20.6572,Forward,Stable
21:59:22.729,13.9,69.6,599,15.7504,-21.2013,Forward,Clockwise
21:59:22.803,13.5,71.6,599,16.7421,-21.3296,Forward,Counter-Clockwise
21:59:22.886,12.1,80.2,599,16.5063,-21.3931,Right,Stable
21:59:22.961,13.3,73.2,599,16.2681,-21.5499,Right,Stable
21:59:23.047,11.7,83.5,599,15.3666,-21.8845,Forward,Stable
21:59:23.116,14.5,66.8,599,15.3108,-22.1812,Right,Tilt Down
21:59:23.204,11.4,85.4,599,14.3151,-22.1745,Forward,Clockwise
21:59:23.272,14.7,65.9,599,14.9491,-21.4067,Forward,Counter-Clockwise
21:59:23.348,13.1,73.7,599,14.7105,-20.9121,Right,Stable
21:59:23.424,13.2,73.7,599,13.7368,-20.7919,Forward,Stable
21:59:23.504,12.5,77.8,599,14.2528,-20.3290,Right,Tilt Up
21:59:23.579,13.4,72.4,599,14.9355,-19.7320,Up,Stable
21:59:23.656,12.9,75.1,599,14.5620,-18.9746,Forward,Stable
21:59:23.730,13.6,71.4,599,13.9906,-18.2080,Forward,Stable
21:59:23.805,13.3,73.0,599,13.3413,-17.5285,Forward,Stable
21:59:23.891,11.6,83.6,599,12.7176,-16.7469,Forward,Stable
21:59:23.964,13.7,70.9,599,13.5810,-16.2687,Up,Pan Right
21:59:24.036,13.8,70.0,599,14.0505,-17.0913,Forward,Stable
21:59:24.106,14.2,68.1,599,13.5903,-16.2473,Backward,Stable
21:59:24.195,11.3,86.1,599,14.0694,-17.0984,Forward,Clockwise
21:59:24.289,10.7,91.2,599,14.1174,-18.0697,Forward,Stable
21:59:24.365,13.0,74.5,599,14.8729,-18.1855,Up,Stable
21:59:24.448,12.0,80.6,599,14.7831,-19.1383,Forward,Stable
21:59:24.535,11.5,84.4,599,14.5786,-20.1140,Forward,Stable
21:59:24.618,12.0,79.4,599,14.7611,-21.0825,Forward,Stable
21:59:24.700,12.2,79.7,599,14.3479,-21.1050,Up,Pan Right
21:59:24.789,11.3,86.4,599,14.0496,-20.1713,Forward,Counter-Clockwise
21:59:24.874,11.8,82.7,599,13.5942,-19.2959,Forward,Clockwise
21:59:24.965,11.0,88.7,599,14.1444,-19.6199,Right,Stable
21:59:25.040,13.3,72.6,599,14.3590,-20.5304,Backward,Stable
21:59:25.124,11.9,81.6,599,14.0139,-19.6834,Forward,Clockwise
21:59:25.213,11.2,87.2,599,13.3718,-19.6393,Right,Tilt Down
21:59:25.294,12.5,77.9,599,13.3118,-19.8616,Right,Stable
21:59:25.392,10.2,95.5,599,13.4287,-20.8234,Forward,Counter-Clockwise
21:59:25.480,11.3,86.0,599,13.8592,-19.9217,Up,Pan Left
21:59:25.568,11.3,86.0,599,14.5794,-20.5571,Right,Tilt Up
21:59:25.648,12.5,77.6,599,13.6570,-20.8675,Forward,Stable
21:59:25.742,10.7,91.4,599,12.7136,-21.0737,Forward,Counter-Clockwise
21:59:25.821,12.6,77.0,599,11.7676,-20.8283,Backward,Stable
21:59:25.903,12.2,79.5,599,11.7705,-19.8628,Right,Stable
21:59:25.988,11.8,82.1,599,10.8059,-19.5996,Backward,Stable
21:59:26.066,12.8,76.0,599,11.8026,-19.6682,Forward,Clockwise
21:59:26.150,11.9,81.4,599,10.8539,-19.7702,Forward,Stable
21:59:26.236,11.6,84.3,599,11.7536,-19.4613,Backward,Stable
21:59:26.318,12.2,79.3,599,10.8655,-19.8728,Forward,Stable
21:59:26.395,13.0,74.7,599,9.9365,-20.0276,Forward,Stable
21:59:26.491,10.5,93.2,599,9.0442,-20.3659,Forward,Stable
21:59:26.581,11.1,87.7,599,8.7016,-19.4705,Right,Tilt Down
21:59:26.674,10.7,91.0,599,8.1278,-19.7189,Forward,Counter-Clockwise
21:59:26.759,11.8,82.6,599,8.8022,-19.4785,Forward,Counter-Clockwise
21:59:26.854,10.5,92.4,599,8.5210,-20.2402,Forward,Counter-Clockwise
21:59:26.937,12.1,80.6,599,8.2247,-21.0549,Right,Tilt Down
21:59:27.020,12.0,81.2,599,8.3938,-20.0817,Forward,Stable
21:59:27.100,12.5,77.9,599,8.0225,-19.1970,Forward,Clockwise
21:59:27.187,11.5,84.8,599,8.8579,-19.7275,Right,Stable
21:59:27.265,12.9,75.6,599,9.3522,-20.5921,Right,Stable
21:59:27.348,12.0,80.7,599,9.7814,-19.7767,Forward,Stable
21:59:27.429,12.4,78.1,599,10.4713,-19.3298,Forward,Stable
21:59:27.521,10.9,89.7,599,9.8447,-19.9649,Backward,Stable
21:59:27.610,11.1,87.4,599,10.2713,-19.1753,Forward,Stable
21:59:27.685,13.3,72.7,599,10.8348,-18.3828,Forward,Counter-Clockwise
21:59:27.778,10.8,89.9,599,10.0812,-18.2591,Forward,Stable
21:59:27.854,13.1,73.8,599,9.9594,-19.0412,Right,Stable
21:59:27.948,10.6,91.8,599,9.0394,-18.7215,Forward,Clockwise
21:59:28.036,11.4,85.7,599,9.5492,-17.8750,Forward,Counter-Clockwise
21:59:28.116,12.5,77.4,599,9.9322,-18.7987,Right,Tilt Up
21:59:28.201,11.7,83.2,599,10.0053,-17.8114,Right,Tilt Down
21:59:28.282,12.3,78.8,599,9.4571,-18.0486,Forward,Clockwise
21:59:28.363,12.4,78.2,599,10.1501,-18.1097,Forward,Stable
21:59:28.442,12.6,77.2,599,10.7575,-18.1630,Forward,Stable
21:59:28.522,12.5,77.9,599,11.0937,-18.6076,Forward,Clockwise
21:59:28.610,11.5,85.0,599,10.4405,-18.0310,Forward,Stable
21:59:28.695,11.7,83.0,599,9.8225,-17.9377,Up,Pan Right
21:59:28.774,12.7,76.3,599,10.7929,-18.1768,Up,Stable
21:59:28.865,10.9,89.2,599,10.4308,-18.8187,Forward,Stable
21:59:28.939,13.5,71.6,599,10.3520,-19.1850,Forward,Stable
21:59:29.020,12.4,78.2,599,10.2248,-19.6956,Forward,Stable
21:59:29.105,11.7,83.5,599,10.6260,-19.2052,Backward,Stable
21:59:29.185,12.6,77.1,599,10.8480,-18.5046,Backward,Stable
21:59:29.275,11.1,88.0,599,10.7948,-18.8872,Forward,Stable
21:59:29.350,13.3,73.0,599,10.4321,-18.1447,Right,Stable
21:59:29.432,12.3,79.1,599,10.3208,-18.5841,Forward,Stable
21:59:29.518,11.6,83.6,599,11.1752,-18.3824,Up,Pan Left
21:59:29.597,12.7,76.5,599,10.1885,-18.2803,Up,Stable
21:59:29.679,12.2,79.9,599,10.1704,-17.4903,Forward,Stable
21:59:29.766,11.5,84.8,599,10.1274,-16.5024,Forward,Counter-Clockwise
21:59:29.856,11.1,87.9,599,9.3990,-16.2337,Forward,Stable
21:59:29.936,12.5,77.9,599,9.7700,-15.3097,Up,Stable
21:59:30.028,10.8,89.9,599,8.9513,-15.1772,Forward,Clockwise
21:59:30.123,10.6,91.8,599,8.2863,-14.5629,Up,Stable
21:59:30.209,11.5,84.3,599,8.6668,-13.7595,Forward,Counter-Clockwise
21:59:30.295,11.7,83.5,599,7.9499,-13.2823,Forward,Stable
21:59:30.372,13.0,74.5,599,8.7453,-13.4724,Backward,Stable
21:59:30.451,12.6,76.9,599,8.2106,-12.6373,Forward,Clockwise
21:59:30.529,12.8,76.0,599,8.2765,-13.3219,Backward,Stable
21:59:30.612,12.1,80.1,599,7.4986,-13.9266,Up,Stable
21:59:30.701,11.2,87.1,599,7.2106,-13.4383,Forward,Stable
21:59:30.794,10.7,90.9,599,7.4749,-14.0307,Backward,Stable
21:59:30.870,13.2,73.4,599,7.2486,-13.3610,Forward,Stable
21:59:30.961,10.9,89.3,599,7.3283,-12.8984,Forward,Counter-Clockwise
21:59:31.037,13.3,72.9,599,6.9338,-13.1847,Backward,Stable
21:59:31.129,10.8,90.3,599,6.7811,-13.5208,Forward,Counter-Clockwise
21:59:31.205,13.2,73.8,599,6.5343,-13.1567,Forward,Stable
21:59:31.285,12.5,77.4,599,6.6308,-14.1288,Right,Stable
21:59:31.367,12.3,79.4,599,6.8695,-15.0198,Right,Stable
21:59:31.456,11.2,86.9,599,6.5889,-14.4551,Forward,Stable
21:59:31.543,11.5,85.0,599,6.3521,-14.2646,Forward,Stable
21:59:31.621,12.8,75.6,599,6.3598,-14.5574,Backward,Stable
21:59:31.709,11.4,85.7,599,6.1908,-14.4554,Forward,Clockwise
21:59:31.787,12.8,75.6,599,5.8974,-15.4102,Right,Stable
21:59:31.881,10.6,92.0,599,6.0770,-15.1157,Forward,Counter-Clockwise
21:59:31.980,10.1,96.2,599,6.0400,-14.9525,Forward,Stable
21:59:32.074,10.7,91.4,599,5.0557,-15.1280,Up,Pan Right
21:59:32.167,10.7,90.6,599,4.1706,-15.0190,Forward,Stable
21:59:32.248,12.3,78.9,599,3.2604,-14.7224,Forward,Counter-Clockwise
21:59:32.339,11.0,88.8,599,4.1737,-14.5692,Forward,Stable
21:59:32.417,12.8,75.8,599,4.8792,-14.3449,Forward,Counter-Clockwise
21:59:32.499,12.3,79.1,599,4.2723,-13.9736,Right,Tilt Down
21:59:32.584,11.8,82.7,599,3.4160,-14.4841,Up,Pan Left
21:59:32.665,12.2,79.4,599,4.3740,-14.2704,Forward,Stable
21:59:32.755,11.2,87.3,599,3.4488,-14.5419,Backward,Stable
21:59:32.833,12.9,75.4,599,2.5206,-14.8073,Backward,Stable
21:59:32.910,13.0,74.5,599,3.4366,-14.5179,Forward,Stable
21:59:33.004,10.6,92.1,599,4.4194,-14.3497,Forward,Stable
21:59:33.095,10.9,89.0,599,4.6332,-15.1760,Up,Stable
21:59:33.184,11.3,86.2,599,4.8742,-16.1188,Up,Pan Right
21:59:33.262,12.8,75.6,599,5.1611,-15.2241,Up,Stable
21:59:33.351,11.3,86.4,599,4.7487,-15.4814,Forward,Clockwise
21:59:33.441,11.0,88.3,599,4.2339,-16.3043,Right,Tilt Up
21:59:33.532,11.0,88.7,599,4.3900,-16.5217,Backward,Stable
21:59:33.607,13.5,72.0,599,4.4781,-16.3646,Forward,Counter-Clockwise
21:59:33.688,12.4,78.5,599,4.3860,-16.0833,Forward,Stable
21:59:33.775,11.4,85.2,599,3.9149,-15.8570,Forward,Stable
21:59:33.849,13.6,71.5,599,3.7835,-15.7159,Forward,Stable
21:59:33.928,12.6,76.8,599,3.5495,-15.6292,Forward,Clockwise
21:59:34.013,11.7,83.1,599,3.4888,-15.1162,Forward,Counter-Clockwise
21:59:34.103,11.1,87.4,599,3.3626,-15.8799,Backward,Stable
21:59:34.197,10.7,91.4,599,4.1141,-15.4495,Right,Stable
21:59:34.269,14.0,69.3,599,4.8614,-15.6738,Up,Stable
21:59:34.349,12.5,77.7,599,4.7407,-14.8558,Forward,Clockwise
21:59:34.426,13.0,74.9,599,4.5042,-14.1452,Forward,Stable
21:59:34.517,10.9,89.1,599,4.3935,-13.3268,Forward,Stable
21:59:34.608,11.0,89.0,599,3.4893,-13.3911,Right,Stable
21:59:34.687,12.8,75.8,599,3.2027,-14.2671,Backward,Clockwise
21:59:34.766,12.6,77.3,599,2.3600,-13.7441,Forward,Counter-Clockwise
21:59:34.850,11.9,81.8,599,2.8069,-12.8712,Forward,Counter-Clockwise
21:59:34.936,11.6,83.5,599,1.8325,-12.7663,Forward,Stable
21:59:35.012,13.1,74.1,599,0.9419,-12.5470,Forward,Clockwise
21:59:35.098,11.7,83.2,599,1.5384,-11.7688,Forward,Counter-Clockwise
21:59:35.189,11.0,88.3,599,0.8878,-11.4428,Forward,Stable
21:59:35.263,13.4,72.2,599,1.4257,-10.9019,Right,Tilt Down
21:59:35.344,12.4,78.5,599,2.0510,-11.3953,Right,Stable
21:59:35.437,10.8,90.3,599,2.0236,-12.1554,Forward,Stable
21:59:35.520,12.1,80.6,599,2.7240,-12.7615,Up,Stable
21:59:35.604,11.8,82.5,599,1.9838,-13.4251,Forward,Stable
21:59:35.683,12.8,75.9,599,2.6723,-12.7099,Backward,Stable
21:59:35.759,13.0,74.4,599,1.8611,-13.1686,Forward,Stable
21:59:35.845,11.7,83.5,599,1.0678,-13.7067,Forward,Clockwise
21:59:35.939,10.7,91.5,599,1.9287,-13.9685,Forward,Counter-Clockwise
21:59:36.038,10.1,96.4,599,1.6351,-14.8741,Forward,Stable
21:59:36.122,11.9,81.5,599,1.5804,-15.8709,Forward,Clockwise
21:59:36.206,11.8,82.3,599,1.2163,-15.5703,Up,Stable
21:59:36.293,11.5,84.6,599,0.6871,-16.0862,Right,Tilt Up
21:59:36.381,11.4,85.4,599,0.3618,-15.7209,Right,Tilt Down
21:59:36.474,10.7,91.0,599,0.8007,-16.4648,Forward,Counter-Clockwise
21:59:36.566,10.9,89.8,599,1.3686,-17.2878,Forward,Counter-Clockwise
21:59:36.655,11.3,86.5,599,0.5248,-17.2169,Right,Stable
21:59:36.750,10.6,92.1,599,-0.0068,-17.6145,Forward,Stable
21:59:36.837,11.4,85.6,599,-0.5087,-17.9403,Forward,Stable
21:59:36.918,12.4,78.0,599,-1.2068,-17.9555,Forward,Counter-Clockwise
21:59:37.007,11.2,86.9,599,-1.2954,-17.5642,Up,Pan Left
21:59:37.084,13.1,74.3,599,-0.9073,-18.4627,Forward,Stable
21:59:37.163,12.6,77.3,599,-0.4659,-19.2499,Forward,Stable
21:59:37.239,13.2,73.5,599,-1.4405,-19.2194,Right,Stable
21:59:37.337,10.2,95.5,599,-1.6864,-20.1508,Forward,Counter-Clockwise
21:59:37.422,11.7,82.7,599,-2.5461,-20.6478,Forward,Counter-Clockwise
21:59:37.501,12.7,76.3,599,-2.5032,-21.0125,Up,Pan Left
21:59:37.594,10.7,89.8,599,-3.2938,-20.6432,Forward,Clockwise
21:59:37.679,11.8,82.7,599,-3.1891,-19.6508,Right,Tilt Down
21:59:37.760,12.3,78.6,599,-4.1240,-19.8450,Up,Stable
21:59:37.846,11.7,83.0,599,-3.8774,-19.5732,Forward,Counter-Clockwise
21:59:37.939,10.6,91.6,599,-3.9070,-18.8677,Forward,Stable
21:59:38.024,11.8,82.2,599,-2.9677,-18.9799,Up,Pan Left
21:59:38.112,11.4,85.6,599,-2.1624,-19.5210,Forward,Clockwise
21:59:38.195,12.0,81.1,599,-2.9331,-20.1404,Forward,Clockwise
21:59:38.279,12.0,81.0,599,-3.7274,-19.5881,Backward,Stable
21:59:38.365,11.6,83.7,599,-2.9348,-20.1390,Forward,Counter-Clockwise
21:59:38.456,11.0,88.9,599,-2.8445,-20.4790,Right,Tilt Down
21:59:38.544,11.4,85.2,599,-2.3492,-21.3405,Backward,Stable
21:59:38.633,11.2,86.9,599,-1.6472,-22.0023,Backward,Stable
21:59:38.713,12.5,77.7,599,-2.3638,-22.6993,Up,Pan Right
21:59:38.803,11.1,87.2,599,-2.5671,-22.1200,Up,Stable
21:59:38.880,12.9,75.4,599,-2.0927,-21.3313,Up,Pan Right
21:59:38.959,12.7,76.2,599,-2.8703,-20.7702,Forward,Counter-Clockwise
21:59:39.037,12.8,75.8,599,-2.9487,-21.2602,Right,Stable
21:59:39.116,12.7,76.2,599,-3.0225,-21.5212,Right,Stable
21:59:39.198,12.1,80.4,599,-2.3740,-21.7430,Up,Pan Right
21:59:39.279,12.3,78.8,599,-1.9588,-22.1636,Forward,Counter-Clockwise
21:59:39.366,11.6,84.1,599,-2.8477,-21.7593,Right,Stable
21:59:39.445,12.7,76.6,599,-3.0335,-22.4752,Forward,Stable
21:59:39.535,11.0,88.2,599,-3.6547,-21.7768,Up,Stable
21:59:39.619,12.0,81.4,599,-4.2510,-22.0819,Forward,Clockwise
21:59:39.700,12.4,78.4,599,-3.9102,-22.4549,Forward,Stable
21:59:39.776,13.2,73.5,599,-4.0033,-22.9498,Forward,Clockwise
21:59:39.863,11.5,84.7,599,-3.4175,-23.1856,Forward,Stable
21:59:39.944,12.2,79.6,599,-4.1984,-23.5766,Right,Tilt Up
21:59:40.026,12.3,79.3,599,-3.9123,-22.7051,Forward,Stable
21:59:40.114,11.3,86.0,599,-3.4301,-21.8331,Forward,Stable
21:59:40.204,11.1,87.6,599,-3.0568,-21.0412,Forward,Stable
21:59:40.294,11.1,87.9,599,-3.2668,-21.4883,Right,Stable
21:59:40.374,12.6,77.1,599,-2.7992,-20.7143,Forward,Clockwise
21:59:40.455,12.3,79.2,599,-3.6769,-20.4201,Forward,Stable
21:59:40.535,12.6,76.0,599,-4.5933,-20.1221,Forward,Stable
21:59:40.623,11.3,86.2,599,-5.4123,-19.7584,Forward,Clockwise
21:59:40.701,12.8,75.6,599,-4.8405,-19.1301,Forward,Stable
21:59:40.785,11.9,81.5,599,-5.5573,-19.0632,Right,Stable
21:59:40.874,11.3,86.3,599,-4.9899,-18.3789,Forward,Stable
21:59:40.948,13.5,71.7,599,-4.4471,-17.7113,Forward,Clockwise
21:59:41.029,12.2,79.6,599,-3.5679,-18.1172,Backward,Stable
21:59:41.116,11.6,84.1,599,-4.5034,-17.8453,Forward,Stable
21:59:41.195,12.6,77.1,599,-5.3238,-17.3206,Forward,Stable
21:59:41.281,11.7,83.1,599,-6.0899,-17.8331,Up,Pan Right
21:59:41.364,12.0,81.1,599,-5.8978,-17.3806,Forward,Stable
21:59:41.441,13.0,74.8,599,-5.8262,-16.9101,Forward,Clockwise
21:59:41.524,12.0,80.9,599,-5.8567,-16.6359,Forward,Stable
21:59:41.624,10.1,96.9,599,-5.8365,-16.7931,Forward,Counter-Clockwise
21:59:41.722,10.2,95.9,599,-6.0829,-16.0064,Forward,Stable
21:59:41.811,11.3,86.6,599,-5.8004,-16.8404,Backward,Stable
21:59:41.915,9.6,101.4,599,-5.7654,-15.9565,Forward,Stable
21:59:42.083,5.9,163.9,599,-5.7470,-15.1674,Forward,Stable
21:59:42.187,9.7,100.9,599,-6.2317,-14.3600,Forward,Clockwise
21:59:42.281,10.6,92.2,599,-7.0743,-14.8620,Backward,Stable
21:59:42.362,12.3,78.7,599,-6.1691,-14.5233,Forward,Stable
21:59:42.455,10.8,90.0,599,-6.9068,-14.5289,Up,Stable
21:59:42.542,11.5,84.9,599,-6.0386,-14.0510,Forward,Counter-Clockwise
21:59:42.619,13.0,74.8,599,-6.9581,-14.2853,Forward,Stable
21:59:42.695,13.1,74.0,599,-7.6291,-14.9464,Forward,Stable
21:59:42.787,10.9,89.5,599,-6.7002,-14.6609,Backward,Stable
21:59:42.872,11.8,82.3,599,-6.5292,-15.5016,Right,Stable
21:59:42.953,12.4,78.3,599,-5.5632,-15.2941,Backward,Stable
21:59:43.038,11.7,83.0,599,-6.4366,-15.7728,Forward,Counter-Clockwise
21:59:43.119,12.3,79.0,599,-5.5177,-15.9846,Forward,Stable
21:59:43.196,13.1,74.3,599,-4.5938,-16.1045,Forward,Stable
21:59:43.283,11.4,85.4,599,-3.6000,-16.1975,Forward,Counter-Clockwise
21:59:43.365,12.3,79.2,599,-4.2055,-16.9934,Forward,Counter-Clockwise
21:59:43.456,11.0,88.8,599,-3.3327,-17.3353,Forward,Stable
21:59:43.542,11.7,83.4,599,-2.4038,-17.7045,Forward,Stable
21:59:43.633,10.9,89.2,599,-1.4473,-17.9949,Forward,Stable
21:59:43.714,12.3,78.9,599,-0.5861,-18.4994,Forward,Clockwise
21:59:43.797,12.1,80.6,599,-1.5087,-18.8648,Forward,Stable
21:59:43.890,10.8,90.0,599,-1.0711,-19.5988,Right,Stable
21:59:43.964,13.5,71.9,599,-1.8898,-20.1723,Forward,Stable
21:59:44.043,12.6,77.3,599,-2.4371,-20.7764,Forward,Clockwise
21:59:44.131,11.4,85.5,599,-3.3377,-21.0904,Right,Stable
21:59:44.210,12.7,76.5,599,-3.1640,-21.9855,Forward,Counter-Clockwise
21:59:44.299,11.2,86.9,599,-3.4423,-22.8838,Forward,Stable
21:59:44.374,13.4,72.5,599,-3.7675,-23.7633,Forward,Counter-Clockwise
21:59:44.455,12.4,78.5,599,-3.0787,-24.3778,Forward,Stable
21:59:44.545,11.1,87.5,599,-2.2718,-24.9481,Forward,Counter-Clockwise
21:59:44.618,13.6,71.3,599,-2.5613,-25.8837,Forward,Stable
21:59:44.710,11.0,88.9,599,-2.5982,-26.8516,Forward,Stable
21:59:44.799,11.1,87.4,599,-1.7310,-26.9822,Right,Stable
21:59:44.882,12.1,80.4,599,-2.0915,-27.8380,Forward,Stable
21:59:44.978,10.4,94.1,599,-1.1275,-28.0705,Right,Stable
21:59:45.067,11.3,86.6,599,-0.9806,-27.2087,Backward,Stable
21:59:45.146,12.7,76.7,599,-0.9932,-28.1652,Forward,Stable
21:59:45.237,11.0,88.7,599,-0.7987,-27.2998,Backward,Stable
21:59:45.319,12.2,79.5,599,-0.4475,-27.4778,Up,Pan Left
21:59:45.409,11.2,87.3,599,-0.5427,-28.4321,Backward,Stable
21:59:45.503,10.6,91.8,599,-0.7010,-29.3449,Backward,Stable
21:59:45.598,10.5,93.1,599,-0.5515,-28.4202,Forward,Clockwise
21:59:45.680,12.2,79.5,599,0.0005,-29.0938,Backward,Stable
21:59:45.754,13.4,72.1,599,-0.4678,-28.8101,Up,Pan Right
21:59:45.842,11.4,85.2,599,0.2306,-29.4903,Forward,Stable
21:59:45.932,11.0,88.3,599,-0.3852,-30.2781,Up,Stable
21:59:46.026,10.7,91.6,599,-0.7412,-30.9460,Right,Tilt Up
21:59:46.105,12.7,76.4,599,-0.6878,-29.9526,Forward,Stable
21:59:46.194,11.2,86.9,599,-0.4145,-28.9944,Forward,Counter-Clockwise
21:59:46.275,12.4,78.0,599,-1.3225,-28.5777,Forward,Stable
21:59:46.358,12.0,80.9,599,-2.1411,-28.1220,Forward,Counter-Clockwise
21:59:46.439,12.3,79.0,599,-1.8267,-27.1933,Forward,Stable
21:59:46.517,12.9,75.1,599,-1.6870,-26.2387,Forward,Stable
21:59:46.602,11.7,83.1,599,-1.2439,-25.3616,Forward,Stable
21:59:46.690,11.4,85.5,599,-0.9511,-24.4624,Forward,Counter-Clockwise
21:59:46.782,10.8,90.4,599,-1.7264,-23.8622,Forward,Stable
21:59:46.873,11.0,88.2,599,-2.3840,-23.1458,Forward,Stable
21:59:46.956,12.1,80.5,599,-2.9205,-22.3428,Forward,Stable
21:59:47.038,12.2,80.0,599,-3.7219,-21.7603,Forward,Stable
21:59:47.132,10.7,91.3,599,-3.5871,-21.3741,Down,Stable
21:59:47.205,13.6,71.2,599,-2.9618,-20.8053,Up,Stable
21:59:47.286,12.4,78.5,599,-3.7452,-20.2679,Forward,Counter-Clockwise
21:59:47.376,11.1,88.1,599,-4.0655,-20.5159,Up,Pan Right
21:59:47.455,12.6,76.8,599,-4.1044,-21.4716,Forward,Clockwise
21:59:47.543,11.5,84.8,599,-4.1375,-22.4022,Forward,Counter-Clockwise
21:59:47.626,12.1,80.7,599,-4.7867,-23.0659,Forward,Stable
21:59:47.711,11.7,82.9,599,-4.5362,-23.3431,Up,Pan Left
21:59:47.803,10.9,89.6,599,-4.0132,-23.8111,Forward,Stable
21:59:47.878,13.4,72.5,599,-3.4811,-24.2557,Forward,Stable
21:59:47.959,12.3,78.7,599,-4.2727,-23.7193,Right,Stable
21:59:48.039,12.5,77.9,599,-3.7284,-24.1632,Forward,Stable
21:59:48.122,12.0,81.1,599,-3.3002,-24.7051,Forward,Clockwise
21:59:48.211,11.2,86.8,599,-3.6031,-25.1342,Forward,Stable
21:59:48.292,12.4,78.7,599,-3.2662,-24.6555,Backward,Stable
21:59:48.372,12.5,77.9,599,-3.4104,-23.8015,Right,Stable
21:59:48.461,11.3,86.3,599,-3.0798,-23.3216,Backward,Stable
21:59:48.541,12.6,77.3,599,-3.3049,-23.8928,Forward,Stable
21:59:48.627,11.6,83.6,599,-3.3078,-24.3571,Forward,Stable
21:59:48.709,12.2,79.7,599,-3.4658,-24.9238,Forward,Stable
21:59:48.795,11.6,83.6,599,-3.7494,-25.4792,Forward,Counter-Clockwise
21:59:48.884,11.2,86.7,599,-3.5916,-26.2068,Forward,Counter-Clockwise
21:59:48.962,12.8,76.0,599,-4.3110,-26.6774,Forward,Stable
21:59:49.044,12.2,79.6,599,-4.9724,-27.3322,Forward,Stable
21:59:49.120,13.1,73.9,599,-5.1938,-28.2757,Forward,Stable
21:59:49.213,10.8,90.3,599,-4.8230,-29.1442,Up,Pan Right
21:59:49.303,11.0,88.2,599,-5.1597,-28.4480,Right,Stable
21:59:49.391,11.4,85.4,599,-5.8032,-28.1056,Right,Stable
21:59:49.472,12.3,79.1,599,-5.0041,-27.6245,Forward,Stable
21:59:49.556,11.9,81.5,599,-4.2961,-27.0275,Forward,Clockwise
21:59:49.632,13.1,74.1,599,-5.0691,-26.3981,Forward,Stable
21:59:49.719,11.6,84.2,599,-5.0684,-25.6510,Right,Tilt Down
21:59:49.798,12.7,76.7,599,-4.5020,-25.6807,Up,Stable
21:59:49.873,13.3,72.7,599,-5.1758,-26.2408,Forward,Counter-Clockwise
21:59:49.962,11.3,86.4,599,-4.3636,-26.2488,Forward,Stable
21:59:50.051,11.2,86.8,599,-3.5474,-26.3298,Forward,Stable
21:59:50.144,10.7,91.1,599,-3.3366,-27.2699,Right,Tilt Up
21:59:50.224,12.6,77.1,599,-3.8179,-26.4251,Right,Tilt Up
21:59:50.309,11.7,83.0,599,-3.5715,-26.6019,Forward,Clockwise
21:59:50.404,10.5,92.5,599,-3.0630,-27.4125,Up,Pan Left
21:59:50.483,12.6,77.2,599,-2.8877,-26.4318,Right,Stable
21:59:50.562,12.7,76.6,599,-3.3761,-26.3465,Up,Pan Right
21:59:50.642,12.5,77.6,599,-2.4479,-26.5124,Forward,Counter-Clockwise
21:59:50.727,11.8,82.3,599,-3.1896,-27.1061,Forward,Clockwise
21:59:50.809,12.1,80.1,599,-2.2640,-27.3168,Forward,Stable
21:59:50.893,11.9,82.0,599,-2.2788,-27.9482,Right,Tilt Down
21:59:50.968,13.4,72.4,599,-3.2021,-28.0945,Backward,Stable
21:59:51.065,10.3,94.3,599,-2.3566,-27.8279,Forward,Clockwise
21:59:51.157,10.8,89.9,599,-3.2581,-27.9781,Forward,Stable
21:59:51.241,11.9,82.0,599,-2.3982,-27.6890,Backward,Stable
21:59:51.326,11.8,82.3,599,-3.2656,-27.9395,Forward,Stable
21:59:51.418,10.8,90.1,599,-4.1322,-28.1891,Forward,Stable
21:59:51.499,12.3,78.8,599,-4.9052,-28.4266,Forward,Stable
21:59:51.582,12.1,80.5,599,-5.7574,-28.7761,Forward,Stable
21:59:51.656,13.7,71.0,599,-4.8976,-28.5014,Backward,Stable
21:59:51.734,12.8,76.1,599,-5.6842,-28.6810,Forward,Counter-Clockwise
21:59:51.810,13.1,74.1,599,-5.3230,-28.6272,Right,Stable
21:59:51.901,11.1,88.1,599,-6.0728,-28.1829,Up,Pan Left
21:59:51.987,11.7,83.6,599,-5.4936,-28.1971,Up,Pan Left
21:59:52.067,12.4,78.1,599,-6.3089,-27.6807,Right,Tilt Down
21:59:52.154,11.6,84.2,599,-7.0438,-28.3329,Right,Tilt Down
21:59:52.228,13.4,72.5,599,-6.1553,-28.3775,Forward,Counter-Clockwise
21:59:52.307,12.8,75.8,599,-6.9096,-28.8078,Forward,Stable
21:59:52.390,11.9,81.6,599,-7.6453,-29.3134,Forward,Counter-Clockwise
21:59:52.476,11.7,83.3,599,-7.0674,-29.5621,Forward,Stable
21:59:52.565,11.3,86.5,599,-6.3205,-29.7239,Forward,Stable
21:59:52.653,11.3,86.2,599,-5.6180,-29.7793,Forward,Counter-Clockwise
21:59:52.731,12.9,75.1,599,-6.3837,-29.1694,Up,Pan Left
21:59:52.811,12.5,77.7,599,-6.4747,-28.9614,Forward,Stable
21:59:52.888,13.0,74.5,599,-6.5072,-28.7213,Forward,Clockwise
21:59:52.975,11.4,85.1,599,-6.6112,-28.2752,Forward,Clockwise
21:59:53.061,11.7,83.4,599,-6.8060,-28.1436,Forward,Stable
21:59:53.136,13.3,73.1,599,-7.0831,-28.1044,Forward,Stable
21:59:53.213,13.0,74.9,599,-7.4677,-28.2550,Forward,Stable
21:59:53.305,11.0,89.1,599,-7.7222,-28.2057,Forward,Stable
21:59:53.399,10.6,92.2,599,-6.8381,-27.7386,Up,Stable
21:59:53.481,12.3,79.4,599,-6.8779,-27.8897,Forward,Stable
21:59:53.567,11.6,83.8,599,-6.7317,-27.9103,Backward,Stable
21:59:53.654,11.5,84.9,599,-6.5614,-27.9235,Backward,Stable
21:59:53.736,12.3,79.3,599,-6.8129,-27.8791,Forward,Counter-Clockwise
21:59:53.823,11.4,85.2,599,-6.0640,-28.4926,Right,Tilt Down
21:59:53.900,12.9,75.0,599,-6.6432,-29.0735,Forward,Counter-Clockwise
21:59:53.981,12.5,78.0,599,-5.9028,-29.0153,Forward,Stable
21:59:54.053,13.9,69.6,599,-5.1272,-29.2747,Forward,Clockwise
21:59:54.136,11.9,81.5,599,-5.4261,-30.0970,Forward,Clockwise
21:59:54.215,12.7,76.4,599,-5.4821,-29.3625,Down,Stable
21:59:54.293,12.8,75.7,599,-4.7488,-29.6827,Forward,Stable
21:59:54.370,12.9,75.2,599,-5.4801,-29.4738,Backward,Stable
21:59:54.462,11.0,88.9,599,-4.9257,-28.6457,Right,Stable
21:59:54.548,11.6,83.6,599,-4.4793,-29.3627,Forward,Clockwise
21:59:54.629,12.3,79.0,599,-4.3561,-30.2750,Forward,Stable
21:59:54.724,10.5,93.2,599,-4.3303,-31.1945,Forward,Counter-Clockwise
21:59:54.811,11.5,84.6,599,-4.0604,-32.0612,Forward,Stable
21:59:54.888,13.0,74.4,599,-4.0588,-32.8897,Forward,Stable
21:59:54.972,12.0,81.4,599,-3.9544,-33.6270,Forward,Clockwise
21:59:55.056,11.9,81.7,599,-3.6223,-34.5701,Forward,Stable
21:59:55.140,11.8,82.3,599,-4.1991,-34.0438,Up,Stable
21:59:55.230,11.2,87.4,599,-4.1997,-35.0437,Forward,Stable
21:59:55.315,11.7,82.9,599,-3.9953,-36.0028,Forward,Stable
21:59:55.402,11.5,84.8,599,-3.7355,-35.7932,Up,Pan Right
21:59:55.480,12.8,75.9,599,-2.9006,-35.4688,Right,Stable
21:59:55.564,11.9,81.7,599,-3.3999,-34.6339,Forward,Stable
21:59:55.645,12.4,78.5,599,-3.6268,-33.6650,Forward,Stable
21:59:55.739,10.6,92.0,599,-3.5464,-34.6572,Backward,Stable
21:59:55.831,10.9,89.5,599,-3.6976,-33.7418,Forward,Clockwise
21:59:55.914,12.1,80.2,599,-3.2301,-32.8638,Forward,Stable
21:59:56.004,11.1,87.6,599,-3.7467,-33.6047,Backward,Stable
21:59:56.091,11.4,85.2,599,-3.3270,-32.7049,Forward,Clockwise
21:59:56.181,11.1,87.8,599,-3.3656,-31.7569,Forward,Stable
21:59:56.262,12.4,78.5,599,-3.4720,-30.8362,Forward,Stable
21:59:56.349,11.5,84.7,599,-4.4589,-30.9924,Up,Pan Right
21:59:56.425,13.2,73.2,599,-4.5658,-31.9520,Forward,Stable
21:59:56.505,12.4,78.3,599,-4.2509,-32.8814,Forward,Stable
21:59:56.594,11.2,87.0,599,-3.9637,-33.8217,Forward,Counter-Clockwise
21:59:56.687,10.8,89.9,599,-3.3096,-34.4002,Forward,Stable
21:59:56.778,11.0,88.3,599,-2.6002,-33.8961,Right,Stable
21:59:56.876,10.1,96.2,599,-1.8523,-33.3076,Right,Tilt Down
21:59:56.968,10.9,89.5,599,-1.0570,-32.7313,Forward,Clockwise
21:59:57.060,10.8,89.8,599,-0.3890,-32.2587,Forward,Stable
21:59:57.147,11.5,84.9,599,0.4368,-31.8895,Forward,Stable
21:59:57.240,10.8,90.2,599,0.8431,-31.6285,Up,Pan Right
21:59:57.324,11.8,82.2,599,-0.1069,-31.8246,Forward,Stable
21:59:57.416,10.9,89.0,599,-1.0664,-32.0166,Forward,Stable
21:59:57.508,10.8,90.3,599,-0.7505,-32.9565,Right,Stable
21:59:57.588,12.6,76.8,599,-0.9792,-32.7038,Up,Stable
21:59:57.674,11.5,84.5,599,-1.8375,-32.9136,Forward,Stable
21:59:57.766,10.9,89.9,599,-2.6894,-33.4358,Forward,Stable
21:59:57.857,11.0,88.5,599,-1.7684,-33.0489,Backward,Stable
21:59:57.948,11.1,88.1,599,-2.7391,-33.2860,Forward,Stable
21:59:58.023,13.2,73.5,599,-3.7121,-33.1751,Forward,Clockwise
21:59:58.117,10.7,91.1,599,-3.8505,-33.6791,Up,Pan Right
21:59:58.211,10.6,92.2,599,-4.2457,-33.7385,Forward,Clockwise
21:59:58.289,12.8,75.6,599,-3.9324,-34.6837,Up,Pan Left
21:59:58.373,11.9,81.7,599,-4.8451,-34.7922,Forward,Counter-Clockwise
21:59:58.455,12.2,79.9,599,-4.1123,-34.6872,Forward,Stable
21:59:58.538,12.2,80.0,599,-3.4356,-33.9604,Up,Pan Left
21:59:58.623,11.7,83.3,599,-4.0521,-34.6049,Forward,Stable
21:59:58.708,11.8,82.6,599,-4.7896,-34.9563,Forward,Stable
21:59:58.796,11.4,84.9,599,-5.5722,-35.3966,Forward,Stable
21:59:58.881,11.7,83.2,599,-5.9409,-34.5829,Right,Tilt Down
21:59:58.959,12.8,76.0,599,-6.1391,-35.4932,Right,Tilt Up
21:59:59.055,10.4,93.8,599,-6.2670,-35.7816,Forward,Stable
21:59:59.140,11.9,82.1,599,-6.3019,-36.3789,Forward,Stable
21:59:59.216,13.1,74.3,599,-6.2417,-35.7002,Backward,Stable
21:59:59.302,11.7,83.4,599,-6.1571,-36.2743,Forward,Stable
21:59:59.387,11.8,82.7,599,-6.3989,-36.7842,Forward,Stable
21:59:59.465,12.7,76.2,599,-6.3732,-37.3777,Forward,Stable
21:59:59.552,11.5,84.6,599,-6.5243,-37.7615,Forward,Counter-Clockwise
21:59:59.644,11.0,88.8,599,-6.6303,-38.1084,Forward,Stable
21:59:59.731,11.5,85.0,599,-6.9004,-37.8399,Backward,Stable
21:59:59.815,12.0,81.3,599,-6.9864,-38.2136,Forward,Stable
21:59:59.903,11.3,86.3,599,-6.9036,-38.2862,Forward,Clockwise
21:59:59.988,11.8,82.2,599,-6.9579,-39.0338,Forward,Stable
22:00:00.074,11.5,84.4,599,-7.2054,-39.6782,Forward,Clockwise
22:00:00.166,10.9,89.5,599,-6.8031,-39.8055,Forward,Clockwise
22:00:00.261,10.6,92.4,599,-7.4379,-40.2008,Forward,Counter-Clockwise
22:00:00.352,11.0,88.9,599,-6.8142,-40.2877,Forward,Counter-Clockwise
22:00:00.446,10.6,91.9,599,-6.9166,-41.2206,Forward,Stable
22:00:00.531,11.9,82.1,599,-7.2997,-42.0565,Forward,Stable
22:00:00.616,11.7,83.0,599,-6.7903,-41.4413,Backward,Stable
22:00:00.698,12.1,80.0,599,-7.3933,-40.7451,Up,Stable
22:00:00.776,12.8,75.7,599,-7.5730,-41.5856,Forward,Counter-Clockwise
22:00:00.860,12.0,81.3,599,-7.0986,-41.3990,Forward,Stable
22:00:00.947,11.5,85.0,599,-7.8904,-41.0410,Right,Tilt Up
22:00:01.037,11.2,87.0,599,-8.3159,-41.9437,Right,Stable
22:00:01.120,11.9,81.5,599,-8.7135,-42.4139,Forward,Clockwise
22:00:01.217,10.4,94.1,599,-8.5238,-42.8612,Forward,Clockwise
22:00:01.307,11.1,87.6,599,-8.9760,-43.2101,Forward,Stable
22:00:01.394,11.5,84.7,599,-9.3325,-43.5419,Forward,Stable
22:00:01.477,12.1,80.3,599,-9.6145,-44.0854,Forward,Stable
22:00:01.566,11.2,86.8,599,-10.3242,-44.6628,Down,Stable
22:00:01.655,11.2,87.0,599,-10.4122,-44.5785,Forward,Counter-Clockwise
22:00:01.734,12.6,77.1,599,-11.1161,-45.1665,Up,Stable
22:00:01.832,10.3,95.0,599,-11.0921,-46.1578,Up,Pan Right
22:00:01.928,10.4,93.9,599,-10.8745,-45.7248,Forward,Clockwise
22:00:02.021,10.8,90.4,599,-11.0362,-45.3033,Forward,Stable
22:00:02.114,10.7,91.5,599,-11.7690,-44.7253,Up,Pan Left
22:00:02.205,11.0,88.8,599,-10.9008,-44.9647,Forward,Stable
22:00:02.303,10.2,95.6,599,-10.0379,-45.1855,Forward,Clockwise
22:00:02.376,13.7,70.8,599,-10.6151,-45.8192,Forward,Stable
22:00:02.461,11.8,82.6,599,-11.4274,-46.2556,Forward,Stable
22:00:02.545,12.0,81.2,599,-12.0306,-46.9442,Forward,Stable
22:00:02.625,12.5,77.5,599,-12.7053,-47.5531,Forward,Stable
22:00:02.712,11.5,84.8,599,-13.3011,-48.2313,Forward,Stable
22:00:02.789,12.9,75.1,599,-13.9459,-48.9494,Forward,Stable
22:00:02.865,13.2,73.7,599,-14.7534,-49.4598,Forward,Counter-Clockwise
22:00:02.946,12.4,78.4,599,-13.8676,-49.1615,Forward,Stable
22:00:03.026,12.5,77.4,599,-14.6529,-49.1715,Backward,Stable
22:00:03.104,12.8,75.8,599,-15.2327,-49.1729,Up,Stable
22:00:03.183,12.7,76.5,599,-14.4743,-49.2453,Forward,Counter-Clockwise
22:00:03.273,11.0,88.5,599,-15.1357,-49.6083,Forward,Clockwise
22:00:03.361,11.5,84.9,599,-14.3060,-49.5421,Forward,Clockwise
22:00:03.448,11.5,85.0,599,-15.1049,-49.3883,Forward,Stable
22:00:03.544,10.5,93.3,599,-15.9428,-49.4319,Forward,Stable
22:00:03.634,11.1,87.8,599,-16.7404,-49.6710,Forward,Stable
22:00:03.724,11.0,88.4,599,-17.4360,-49.6675,Forward,Stable
22:00:03.818,10.7,90.8,599,-17.9486,-50.3092,Right,Stable
22:00:03.910,10.8,90.5,599,-18.8831,-50.3750,Forward,Stable
22:00:03.991,12.4,78.2,599,-19.7981,-50.2382,Forward,Counter-Clockwise
22:00:04.074,12.0,81.2,599,-19.0269,-49.6044,Forward,Stable
22:00:04.160,11.7,83.2,599,-18.2545,-49.1568,Forward,Stable
22:00:04.238,12.9,75.5,599,-17.4831,-48.6699,Forward,Stable
22:00:04.328,11.1,87.6,599,-18.0150,-48.5877,Up,Stable
22:00:04.412,11.9,81.5,599,-17.2324,-47.9813,Forward,Stable
22:00:04.505,10.7,91.2,599,-16.4447,-47.3805,Forward,Counter-Clockwise
22:00:04.593,11.4,85.3,599,-17.2001,-47.3349,Forward,Counter-Clockwise
22:00:04.668,13.3,73.0,599,-16.3906,-47.6527,Right,Stable
22:00:04.750,12.3,79.2,599,-15.8564,-46.9590,Forward,Stable
22:00:04.837,11.4,85.3,599,-15.1718,-46.5155,Forward,Stable
22:00:04.925,11.4,85.4,599,-14.4496,-46.1045,Forward,Counter-Clockwise
22:00:05.017,10.9,89.8,599,-15.0826,-45.4958,Forward,Stable
22:00:05.108,11.1,88.0,599,-15.6850,-44.6985,Forward,Counter-Clockwise
22:00:05.190,12.1,80.3,599,-15.2942,-44.2805,Up,Pan Right
22:00:05.278,11.4,85.1,599,-16.1437,-43.7611,Right,Stable
22:00:05.358,12.4,78.3,599,-16.6665,-44.6103,Forward,Stable
22:00:05.443,11.7,82.9,599,-17.1528,-45.4789,Forward,Stable
22:00:05.539,10.4,93.7,599,-17.5025,-46.3822,Forward,Stable
22:00:05.616,13.0,74.7,599,-17.7045,-47.3577,Forward,Stable
22:00:05.703,11.5,84.2,599,-16.8411,-47.8214,Up,Stable
22:00:05.786,12.0,80.7,599,-17.3359,-48.6888,Forward,Stable
22:00:05.869,12.1,80.5,599,-17.7406,-49.5584,Forward,Clockwise
22:00:05.951,12.2,79.7,599,-17.4925,-50.4791,Forward,Counter-Clockwise
22:00:06.039,11.3,86.1,599,-17.5856,-51.2073,Forward,Clockwise
22:00:06.121,12.2,79.8,599,-17.1285,-51.7840,Forward,Stable
22:00:06.202,12.5,77.9,599,-17.0270,-52.6533,Right,Stable
22:00:06.289,11.5,84.8,599,-16.3506,-52.9988,Forward,Stable
22:00:06.367,12.8,75.9,599,-15.8860,-53.6270,Forward,Counter-Clockwise
22:00:06.450,12.0,80.8,599,-16.2814,-54.0705,Forward,Counter-Clockwise
22:00:06.532,12.1,80.4,599,-16.8316,-54.2235,Backward,Stable
22:00:06.626,10.7,91.5,599,-17.4336,-54.3612,Backward,Stable
22:00:06.715,11.3,86.4,599,-16.7665,-54.5434,Forward,Stable
22:00:06.796,12.4,78.1,599,-16.2560,-54.4724,Forward,Stable
22:00:06.887,11.0,89.0,599,-16.7781,-54.5413,Backward,Stable
22:00:06.973,11.5,84.5,599,-16.4681,-55.4686,Up,Stable
22:00:07.054,12.3,78.7,599,-15.7145,-55.3229,Forward,Stable
22:00:07.137,12.2,79.9,599,-16.3973,-55.9032,Up,Pan Right
22:00:07.223,11.5,84.4,599,-17.3809,-55.9976,Forward,Counter-Clockwise
22:00:07.301,12.8,75.7,599,-16.5554,-55.4339,Forward,Stable
22:00:07.381,12.5,77.4,599,-15.7369,-54.8596,Forward,Clockwise
22:00:07.464,12.0,80.8,599,-15.7156,-54.1365,Right,Stable
22:00:07.539,13.4,72.2,599,-15.4461,-53.2682,Up,Stable
22:00:07.627,11.3,86.4,599,-15.4839,-54.2664,Down,Stable
22:00:07.721,10.7,90.9,599,-15.2774,-53.3561,Right,Stable
22:00:07.812,11.0,88.5,599,-14.6759,-52.7790,Right,Stable
22:00:07.895,11.9,81.5,599,-15.6710,-52.7957,Forward,Clockwise
22:00:07.973,12.8,75.7,599,-16.1487,-52.2161,Right,Tilt Down
22:00:08.062,11.2,86.9,599,-15.1638,-52.1212,Forward,Stable
22:00:08.144,12.2,79.7,599,-15.8647,-52.0046,Backward,Clockwise
22:00:08.226,12.3,79.1,599,-15.8575,-52.9949,Forward,Counter-Clockwise
22:00:08.320,10.6,92.0,599,-15.7370,-53.1017,Forward,Clockwise
22:00:08.408,11.4,85.2,599,-15.8410,-52.7183,Backward,Stable
22:00:08.500,10.8,90.2,599,-15.7500,-52.8588,Forward,Stable
22:00:08.597,10.3,94.7,599,-15.9628,-53.3602,Forward,Stable
22:00:08.692,10.6,92.3,599,-16.0237,-53.0104,Backward,Stable
22:00:08.785,10.7,91.0,599,-15.8542,-53.0638,Forward,Stable
22:00:08.882,10.4,93.8,599,-15.9113,-52.7342,Backward,Stable
22:00:08.976,10.6,92.0,599,-15.8043,-52.8631,Forward,Stable
22:00:09.050,13.5,72.0,599,-15.6128,-53.2400,Forward,Stable
22:00:09.137,11.5,84.7,599,-15.0516,-52.8233,Forward,Counter-Clockwise
22:00:09.223,11.7,83.5,599,-15.4910,-53.0485,Forward,Counter-Clockwise
22:00:09.304,12.3,79.1,599,-16.3375,-53.3997,Up,Pan Right
22:00:09.392,11.5,84.7,599,-17.3328,-53.3963,Forward,Stable
22:00:09.481,11.2,87.1,599,-18.2883,-53.3260,Forward,Stable
22:00:09.561,12.5,77.4,599,-19.2876,-53.3175,Forward,Stable
22:00:09.650,11.2,86.5,599,-19.2725,-54.3104,Right,Stable
22:00:09.739,11.2,86.8,599,-19.8439,-53.9676,Up,Stable
22:00:09.813,13.5,71.9,599,-20.7450,-54.2902,Forward,Counter-Clockwise
22:00:09.907,10.7,91.6,599,-20.9716,-54.9886,Right,Tilt Up
22:00:09.995,11.4,85.3,599,-20.9079,-54.1279,Forward,Stable
22:00:10.075,12.4,78.4,599,-21.1538,-53.2170,Forward,Stable
22:00:10.153,13.0,74.9,599,-20.1693,-53.1687,Up,Pan Left
22:00:10.238,11.7,83.6,599,-20.5251,-53.9637,Forward,Stable
22:00:10.325,11.6,84.3,599,-19.9453,-54.0834,Right,Stable
22:00:10.406,12.4,78.7,599,-19.7056,-55.0495,Forward,Stable
22:00:10.494,11.3,85.8,599,-19.8932,-55.9893,Forward,Clockwise
22:00:10.585,10.9,89.2,599,-19.5150,-56.9017,Forward,Stable
22:00:10.666,12.4,78.2,599,-19.1765,-57.6699,Forward,Stable
22:00:10.755,11.3,86.3,599,-20.0752,-58.0628,Right,Tilt Down
22:00:10.828,13.6,71.1,599,-19.7333,-57.1627,Forward,Stable
22:00:10.909,12.4,78.2,599,-20.0304,-58.0754,Backward,Stable
22:00:11.006,10.3,95.2,599,-19.9284,-57.1085,Forward,Counter-Clockwise
22:00:11.092,11.6,83.8,599,-19.1921,-56.5661,Right,Stable
22:00:11.178,11.7,82.9,599,-19.4938,-55.6129,Forward,Stable
22:00:11.257,12.6,77.2,599,-19.9614,-54.8136,Forward,Stable
22:00:11.338,12.3,78.9,599,-19.5492,-55.7245,Backward,Stable
22:00:11.423,11.7,82.7,599,-19.9230,-54.8919,Forward,Stable
22:00:11.502,12.8,75.6,599,-20.2770,-53.9952,Forward,Stable
22:00:11.586,11.9,81.9,599,-19.8765,-54.9115,Backward,Stable
22:00:11.679,10.7,91.1,599,-20.2073,-53.9686,Forward,Stable
22:00:11.758,12.7,76.5,599,-20.7947,-53.1873,Forward,Stable
22:00:11.848,11.1,87.4,599,-21.3856,-52.4242,Forward,Stable
22:00:11.926,12.7,76.3,599,-21.9774,-51.6469,Forward,Stable
22:00:12.015,11.2,86.5,599,-21.6780,-51.0171,Right,Tilt Up
22:00:12.111,10.4,93.6,599,-21.3567,-51.9616,Forward,Counter-Clockwise
22:00:12.193,12.3,79.0,599,-21.4330,-52.5327,Forward,Stable
22:00:12.285,10.9,89.7,599,-21.4577,-53.1871,Forward,Stable
22:00:12.359,13.5,71.7,599,-21.3434,-53.9570,Forward,Stable
22:00:12.438,12.6,77.0,599,-21.5717,-54.5045,Forward,Counter-Clockwise
22:00:12.520,12.1,80.0,599,-21.0211,-54.9834,Forward,Stable
22:00:12.602,12.2,79.6,599,-20.6395,-55.6841,Forward,Stable
22:00:12.691,11.3,86.5,599,-19.8113,-55.5738,Forward,Counter-Clockwise
22:00:12.767,13.1,74.1,599,-20.2559,-54.9314,Right,Tilt Down
22:00:12.855,11.5,84.8,599,-20.3272,-55.8752,Right,Stable
22:00:12.936,12.3,78.8,599,-20.6065,-55.4738,Forward,Stable
22:00:13.024,11.4,85.5,599,-19.9379,-54.7682,Left,Stable
22:00:13.109,11.7,83.3,599,-20.7111,-54.2729,Up,Stable
22:00:13.200,11.0,88.2,599,-20.8710,-55.1485,Right,Stable
22:00:13.290,11.1,87.8,599,-20.5327,-55.9462,Right,Stable
22:00:13.374,12.0,81.0,599,-20.5216,-55.4380,Forward,Clockwise
22:00:13.455,12.3,78.8,599,-20.5406,-55.4248,Backward,Stable
22:00:13.532,12.9,75.6,599,-20.3859,-55.4732,Forward,Stable
22:00:13.617,11.9,81.9,599,-19.4739,-55.7028,Right,Stable
22:00:13.703,11.5,84.3,599,-18.7740,-55.4079,Up,Pan Right
22:00:13.798,10.6,92.1,599,-18.8624,-56.3944,Up,Stable
22:00:13.885,11.4,85.3,599,-19.5326,-55.9765,Forward,Stable
22:00:13.976,11.0,88.3,599,-20.2518,-55.2875,Forward,Stable
22:00:14.060,11.9,81.3,599,-20.8981,-54.5440,Forward,Stable
22:00:14.145,11.7,82.8,599,-20.8583,-55.5205,Backward,Stable
22:00:14.241,10.5,93.0,599,-21.4499,-54.7615,Forward,Stable
22:00:14.331,11.0,88.3,599,-21.8631,-53.8934,Forward,Stable
22:00:14.410,12.7,76.4,599,-22.1043,-53.0391,Forward,Counter-Clockwise
22:00:14.487,13.0,74.5,599,-22.0484,-52.4974,Forward,Clockwise
22:00:14.571,11.9,81.8,599,-22.5754,-53.1036,Right,Stable
22:00:14.660,11.2,87.2,599,-23.1245,-53.4254,Backward,Stable
22:00:14.735,13.3,72.9,599,-22.8347,-53.2012,Forward,Stable
22:00:14.824,11.3,86.6,599,-22.3201,-52.8487,Forward,Stable
22:00:14.912,11.5,84.8,599,-22.8586,-53.1841,Backward,Stable
22:00:14.993,12.3,79.1,599,-23.3279,-53.2454,Backward,Stable
22:00:15.072,12.6,77.1,599,-23.8863,-53.5599,Backward,Stable
22:00:15.160,11.5,85.0,599,-24.4537,-53.8623,Backward,Stable
22:00:15.244,11.9,82.0,599,-23.8511,-53.6729,Forward,Clockwise
22:00:15.339,10.5,92.7,599,-23.7700,-52.8276,Up,Stable
22:00:15.429,11.1,87.7,599,-23.3605,-52.4238,Backward,Stable
22:00:15.511,12.2,79.7,599,-23.5960,-52.9115,Forward,Clockwise
22:00:15.601,11.2,87.1,599,-23.9790,-53.8279,Right,Stable
22:00:15.677,13.2,73.7,599,-23.3724,-54.2568,Forward,Stable
22:00:15.767,11.1,88.1,599,-24.2645,-54.7086,Right,Tilt Down
22:00:15.852,11.8,82.3,599,-24.8541,-55.1228,Up,Pan Left
22:00:15.947,10.5,93.0,599,-23.8980,-54.8331,Backward,Stable
22:00:16.042,10.5,92.5,599,-22.9267,-54.5997,Backward,Stable
22:00:16.125,12.0,81.2,599,-23.8817,-54.8946,Forward,Clockwise
22:00:16.208,12.0,80.9,599,-23.9970,-53.9376,Up,Pan Right
22:00:16.292,11.9,81.6,599,-23.1896,-54.1948,Backward,Stable
22:00:16.387,10.6,92.0,599,-24.0493,-54.1783,Forward,Stable
22:00:16.475,11.3,86.3,599,-23.2133,-54.2020,Backward,Stable
22:00:16.550,13.4,72.2,599,-24.0877,-54.2062,Forward,Counter-Clockwise
22:00:16.629,12.7,76.7,599,-23.3119,-53.7782,Forward,Stable
22:00:16.706,13.0,74.9,599,-22.5905,-53.3300,Forward,Counter-Clockwise
22:00:16.791,11.8,82.8,599,-23.3858,-53.4434,Forward,Stable
22:00:16.871,12.5,78.0,599,-24.2352,-53.6039,Forward,Stable
22:00:16.951,12.5,77.4,599,-25.1734,-53.7794,Forward,Stable
22:00:17.045,10.7,91.1,599,-25.9370,-53.6405,Forward,Counter-Clockwise
22:00:17.137,10.8,90.2,599,-25.2246,-53.0458,Forward,Stable
22:00:17.222,11.8,82.5,599,-24.4980,-52.4866,Forward,Counter-Clockwise
22:00:17.309,11.5,84.7,599,-25.3810,-52.3939,Forward,Clockwise
22:00:17.398,11.3,86.3,599,-24.9167,-51.5423,Forward,Counter-Clockwise
22:00:17.486,11.3,85.8,599,-25.4719,-51.5371,Right,Tilt Down
22:00:17.571,11.7,83.4,599,-24.6799,-51.0353,Backward,Stable
22:00:17.656,11.8,82.3,599,-25.5037,-51.1021,Forward,Counter-Clockwise
22:00:17.739,12.0,81.0,599,-24.8511,-50.3604,Forward,Stable
22:00:17.824,11.7,82.7,599,-25.5557,-49.6517,Up,Stable
22:00:17.911,11.6,84.0,599,-26.3044,-50.2144,Backward,Stable
22:00:17.988,13.0,74.6,599,-25.6474,-49.6103,Forward,Stable
22:00:18.076,11.3,85.9,599,-26.3306,-48.9092,Up,Pan Left
22:00:18.151,13.3,73.1,599,-26.1823,-49.5852,Forward,Counter-Clockwise
22:00:18.234,12.1,80.2,599,-25.8177,-50.4031,Up,Pan Right
22:00:18.315,12.4,78.4,599,-26.3416,-50.7134,Forward,Counter-Clockwise
22:00:18.399,11.9,81.6,599,-25.8910,-51.5273,Forward,Stable
22:00:18.486,11.4,85.4,599,-26.7887,-51.9295,Right,Tilt Down
22:00:18.578,10.9,88.0,599,-26.6478,-52.8037,Backward,Stable
22:00:18.668,11.0,88.1,599,-26.8376,-51.9357,Forward,Stable
22:00:18.755,11.5,84.3,599,-26.8313,-50.9710,Forward,Stable
22:00:18.837,12.2,79.7,599,-25.9813,-50.7478,Up,Pan Left
22:00:18.911,13.5,71.9,599,-25.4090,-50.9447,Right,Stable
22:00:18.995,11.9,81.8,599,-24.7665,-51.1983,Right,Stable
22:00:19.081,11.7,83.0,599,-24.3070,-51.3602,Right,Tilt Down
22:00:19.155,13.5,72.0,599,-23.7115,-50.7547,Right,Stable
22:00:19.238,12.0,81.0,599,-23.1660,-49.9377,Up,Pan Left
22:00:19.331,10.8,90.0,599,-23.5222,-50.3755,Up,Pan Right
22:00:19.406,13.2,73.4,599,-23.5211,-49.8837,Right,Stable
22:00:19.488,12.2,79.6,599,-23.8884,-48.9601,Forward,Clockwise
22:00:19.576,11.4,85.8,599,-23.1496,-48.2948,Forward,Clockwise
22:00:19.680,9.7,101.0,599,-23.9923,-47.7727,Forward,Counter-Clockwise
22:00:19.771,10.9,89.2,599,-23.1090,-47.3376,Forward,Stable
22:00:19.856,11.8,82.1,599,-22.2133,-46.9278,Forward,Stable
22:00:19.944,11.3,86.1,599,-23.1047,-47.3489,Backward,Stable
22:00:20.022,12.8,76.0,599,-23.3543,-47.8381,Right,Stable
22:00:20.107,11.8,82.2,599,-22.5348,-47.3088,Forward,Stable
22:00:20.197,11.0,88.3,599,-21.6986,-46.7776,Forward,Stable
22:00:20.272,13.4,72.4,599,-20.7151,-46.6147,Forward,Counter-Clockwise
22:00:20.353,12.3,79.1,599,-20.3219,-45.6979,Up,Stable
22:00:20.445,11.0,88.8,599,-21.2071,-46.1477,Forward,Counter-Clockwise
22:00:20.534,11.2,87.2,599,-21.4333,-45.7159,Up,Pan Left
22:00:20.627,10.8,90.6,599,-22.1126,-46.3326,Right,Tilt Up
22:00:20.719,10.9,89.5,599,-22.9490,-45.9158,Forward,Stable
22:00:20.814,10.5,92.5,599,-23.5449,-46.0040,Forward,Counter-Clockwise
22:00:20.893,12.6,77.1,599,-24.3302,-45.4337,Up,Stable
22:00:20.976,12.1,80.4,599,-24.9849,-45.3075,Backward,Stable
22:00:21.066,11.1,87.6,599,-24.7990,-44.3314,Right,Tilt Down
22:00:21.144,12.7,76.2,599,-24.4801,-45.2540,Up,Pan Left
22:00:21.219,13.3,72.7,599,-23.5667,-44.8802,Forward,Counter-Clockwise
22:00:21.308,11.3,86.3,599,-24.5240,-45.0208,Forward,Clockwise
22:00:21.395,11.5,84.7,599,-24.9480,-44.1235,Right,Tilt Down
22:00:21.470,13.3,73.0,599,-24.0549,-43.9592,Forward,Stable
22:00:21.553,12.1,79.9,599,-23.2000,-43.8702,Forward,Stable
22:00:21.641,11.3,86.0,599,-22.3595,-43.8363,Forward,Stable
22:00:21.718,12.9,75.1,599,-21.5186,-43.6497,Forward,Stable
22:00:21.806,11.4,85.0,599,-20.6905,-43.5858,Forward,Stable
22:00:21.895,11.2,86.9,599,-19.9164,-43.7012,Forward,Counter-Clockwise
22:00:21.976,12.3,78.8,599,-20.9038,-43.5431,Forward,Stable
22:00:22.057,12.3,78.7,599,-21.7816,-43.2895,Forward,Stable
22:00:22.139,12.2,79.6,599,-22.6296,-43.1292,Forward,Stable
22:00:22.220,12.4,78.3,599,-23.5892,-42.8593,Forward,Stable
22:00:22.305,11.7,83.0,599,-22.6349,-42.9919,Backward,Stable
22:00:22.385,12.4,78.1,599,-23.5408,-42.6938,Forward,Stable
22:00:22.465,12.5,77.8,599,-24.3979,-42.4959,Forward,Stable
22:00:22.550,11.8,82.1,599,-25.3769,-42.4089,Forward,Stable
22:00:22.633,12.0,80.9,599,-24.4777,-42.6596,Backward,Stable
22:00:22.716,12.1,80.5,599,-24.1843,-43.0580,Up,Stable
22:00:22.807,10.9,89.0,599,-23.8812,-42.3075,Up,Pan Right
22:00:22.885,12.8,75.8,599,-23.2514,-42.4052,Forward,Counter-Clockwise
22:00:22.974,11.2,86.8,599,-23.7247,-42.8417,Forward,Counter-Clockwise
22:00:23.059,11.9,81.8,599,-23.3367,-42.6938,Forward,Clockwise
22:00:23.147,11.2,86.3,599,-24.0974,-42.0539,Right,Stable
22:00:23.222,13.5,72.0,599,-24.4890,-41.7729,Up,Stable
22:00:23.309,11.5,84.6,599,-24.8577,-42.4186,Forward,Clockwise
22:00:23.387,12.7,76.2,599,-24.1580,-42.5290,Forward,Stable
22:00:23.462,13.3,72.9,599,-24.2300,-41.9008,Right,Stable
22:00:23.547,11.8,82.1,599,-23.4691,-41.7614,Forward,Counter-Clockwise
22:00:23.636,11.2,86.8,599,-23.9510,-41.6233,Forward,Stable
22:00:23.718,12.3,79.3,599,-23.3232,-42.2663,Left,Stable
22:00:23.801,12.0,81.0,599,-23.9668,-42.6192,Forward,Counter-Clockwise
22:00:23.881,12.5,77.5,599,-24.7444,-42.8928,Right,Tilt Up
22:00:23.973,10.9,89.4,599,-25.3047,-42.0647,Right,Tilt Up
22:00:24.067,10.5,92.5,599,-25.5551,-42.0750,Forward,Clockwise
22:00:24.154,11.5,84.4,599,-25.1624,-42.9126,Right,Stable
22:00:24.243,11.2,87.0,599,-24.9982,-43.2619,Forward,Clockwise
22:00:24.337,10.7,90.9,599,-25.3424,-42.8274,Forward,Stable
22:00:24.415,12.8,76.0,599,-25.9283,-42.6345,Forward,Counter-Clockwise
22:00:24.500,11.8,82.3,599,-25.4041,-42.4032,Forward,Clockwise
22:00:24.575,13.3,73.0,599,-25.8480,-42.0528,Forward,Counter-Clockwise
22:00:24.658,12.0,81.0,599,-25.4009,-41.3136,Up,Stable
22:00:24.749,11.0,88.7,599,-24.9933,-41.0742,Forward,Counter-Clockwise
22:00:24.825,13.3,73.2,599,-25.2399,-40.4803,Forward,Stable
22:00:24.902,13.0,74.7,599,-25.7154,-39.8693,Up,Pan Right
22:00:24.984,12.1,80.1,599,-26.3285,-40.4789,Forward,Stable
22:00:25.077,10.8,90.2,599,-26.9558,-40.8716,Forward,Stable
22:00:25.165,11.4,85.4,599,-27.4074,-40.0632,Right,Tilt Down
22:00:25.246,12.3,78.4,599,-28.3182,-39.6994,Forward,Stable
22:00:25.335,11.2,86.8,599,-27.4436,-40.0750,Backward,Stable
22:00:25.413,12.9,75.0,599,-27.7963,-40.8997,Right,Tilt Down
22:00:25.490,12.9,75.2,599,-28.3179,-41.5342,Forward,Clockwise
22:00:25.570,12.5,77.7,599,-29.1546,-41.4343,Up,Stable
22:00:25.662,10.9,89.8,599,-29.1122,-42.4006,Forward,Stable
22:00:25.749,11.6,84.2,599,-29.0841,-43.3360,Forward,Stable
22:00:25.835,11.6,84.2,599,-28.8822,-44.2851,Forward,Clockwise
22:00:25.917,12.2,79.5,599,-28.8009,-43.5108,Backward,Stable
22:00:26.007,11.2,87.2,599,-29.1625,-42.9290,Up,Stable
22:00:26.085,12.8,76.0,599,-28.9274,-43.6145,Forward,Stable
22:00:26.179,10.6,91.6,599,-28.9384,-44.4323,Forward,Clockwise
22:00:26.262,12.0,81.0,599,-28.6984,-45.4021,Forward,Stable
22:00:26.346,11.9,82.1,599,-28.6321,-46.3964,Forward,Counter-Clockwise
22:00:26.421,13.5,71.8,599,-28.3889,-47.3470,Forward,Clockwise
22:00:26.506,11.8,82.7,599,-28.0515,-48.1529,Forward,Clockwise
22:00:26.594,11.3,86.2,599,-27.8352,-48.8864,Forward,Counter-Clockwise
22:00:26.675,12.3,78.8,599,-27.7310,-49.7144,Forward,Counter-Clockwise
22:00:26.762,11.5,84.7,599,-27.4819,-50.4055,Forward,Clockwise
22:00:26.844,12.3,79.1,599,-28.0278,-49.7153,Up,Stable
22:00:26.927,12.0,80.9,599,-28.0438,-50.5813,Forward,Clockwise
22:00:27.010,12.0,81.4,599,-27.6809,-51.3111,Forward,Counter-Clockwise
22:00:27.090,12.5,77.5,599,-27.7668,-50.3148,Backward,Stable
22:00:27.178,11.4,85.5,599,-28.2079,-50.0848,Up,Stable
22:00:27.275,10.4,94.0,599,-28.3104,-51.0634,Forward,Stable
22:00:27.369,10.6,92.1,599,-28.9874,-50.9131,Up,Stable
22:00:27.456,11.6,84.2,599,-29.1242,-51.8883,Forward,Counter-Clockwise
22:00:27.539,12.1,80.5,599,-29.7259,-51.0895,Backward,Stable
22:00:27.621,12.1,80.2,599,-29.5945,-51.1446,Up,Stable
22:00:27.698,13.0,74.5,599,-29.2696,-52.0149,Forward,Counter-Clockwise
22:00:27.778,12.4,78.1,599,-29.6585,-52.2029,Forward,Stable
22:00:27.881,9.7,100.5,599,-28.8625,-52.7527,Right,Stable
22:00:28.061,5.6,175.8,599,-29.3134,-52.9984,Forward,Clockwise
22:00:28.155,10.6,91.4,599,-28.6799,-53.2902,Forward,Stable
22:00:28.249,10.6,92.1,599,-28.1227,-53.7411,Forward,Stable
22:00:28.341,10.9,89.7,599,-27.5597,-54.2774,Forward,Stable
22:00:28.428,11.5,84.7,599,-26.9894,-54.5040,Forward,Stable
22:00:28.511,12.1,80.2,599,-26.3346,-54.9908,Forward,Counter-Clockwise
22:00:28.595,11.9,81.5,599,-26.8392,-55.4991,Forward,Stable
22:00:28.682,11.4,85.3,599,-27.3551,-56.1207,Forward,Stable
22:00:28.762,12.6,77.1,599,-27.8067,-56.8019,Forward,Counter-Clockwise
22:00:28.843,12.2,79.5,599,-27.1978,-57.3518,Forward,Counter-Clockwise
22:00:28.919,13.3,73.1,599,-26.6547,-56.9760,Backward,Stable
22:00:29.002,12.0,81.1,599,-25.8811,-57.5961,Right,Tilt Down
22:00:29.091,11.2,86.8,599,-25.0804,-57.5744,Backward,Stable
22:00:29.176,11.9,81.8,599,-25.8775,-57.4724,Forward,Stable
22:00:29.255,12.6,77.1,599,-26.7789,-57.0410,Forward,Stable
22:00:29.339,11.9,81.8,599,-27.5200,-56.9159,Forward,Clockwise
22:00:29.431,10.9,89.7,599,-26.9891,-56.0924,Forward,Stable
22:00:29.520,11.2,86.6,599,-26.4185,-55.2940,Forward,Stable
22:00:29.599,12.7,76.4,599,-25.8653,-54.4816,Forward,Stable
22:00:29.678,12.7,76.4,599,-26.5848,-54.5475,Right,Tilt Down
22:00:29.765,11.4,85.5,599,-26.4555,-55.5343,Forward,Counter-Clockwise
22:00:29.851,11.6,83.6,599,-26.0282,-56.1411,Forward,Stable
22:00:29.932,12.4,78.1,599,-25.6149,-56.5853,Forward,Stable
22:00:30.022,11.1,87.7,599,-24.9893,-55.8084,Right,Tilt Down
22:00:30.105,11.9,81.5,599,-24.4605,-55.0440,Forward,Stable
22:00:30.189,11.9,81.6,599,-23.7491,-54.3833,Forward,Clockwise
22:00:30.276,11.6,84.0,599,-23.5424,-53.7147,Up,Pan Right
22:00:30.350,13.4,72.6,599,-23.4820,-54.4194,Forward,Stable
22:00:30.435,11.8,82.1,599,-23.8183,-55.0764,Forward,Stable
22:00:30.533,10.2,95.3,599,-24.0886,-55.7995,Forward,Stable
22:00:30.616,12.0,80.8,599,-23.4450,-55.4125,Right,Tilt Up
22:00:30.703,11.5,84.6,599,-23.8848,-54.7970,Forward,Counter-Clockwise
22:00:30.782,12.5,77.4,599,-23.5636,-54.0491,Forward,Clockwise
22:00:30.861,12.8,75.8,599,-24.3092,-53.5295,Forward,Counter-Clockwise
22:00:30.953,10.9,89.7,599,-24.3073,-52.7116,Forward,Stable
22:00:31.026,13.7,70.9,599,-24.4050,-51.8924,Forward,Stable
22:00:31.105,12.6,77.2,599,-24.2800,-51.0053,Forward,Stable
22:00:31.194,11.3,86.4,599,-24.0132,-50.2046,Forward,Stable
22:00:31.269,13.3,72.9,599,-23.7956,-49.3624,Forward,Stable
22:00:31.353,11.9,81.6,599,-23.7009,-48.5359,Forward,Stable
22:00:31.446,10.7,90.8,599,-23.7715,-47.7435,Forward,Clockwise
22:00:31.538,10.8,89.8,599,-23.9017,-47.0040,Forward,Stable
22:00:31.634,10.4,93.6,599,-24.3406,-46.4976,Forward,Stable
22:00:31.715,12.4,78.4,599,-24.4358,-45.6650,Forward,Stable
22:00:31.807,10.9,89.5,599,-24.2916,-44.9150,Forward,Clockwise
22:00:31.888,12.3,78.7,599,-23.8583,-44.4554,Forward,Stable
22:00:31.975,11.5,84.7,599,-23.7240,-43.9614,Forward,Clockwise
22:00:32.050,13.4,72.6,599,-23.5180,-43.1209,Up,Pan Left
22:00:32.128,12.8,75.7,599,-22.8255,-43.6772,Forward,Counter-Clockwise
22:00:32.208,12.5,77.3,599,-23.3364,-44.5318,Forward,Stable
22:00:32.297,11.2,86.5,599,-23.8231,-45.3357,Forward,Clockwise
22:00:32.373,13.0,74.5,599,-24.5161,-46.0185,Up,Stable
22:00:32.452,12.8,76.0,599,-23.7000,-46.3952,Forward,Stable
22:00:32.544,10.9,89.5,599,-22.8572,-46.8115,Forward,Stable
22:00:32.629,11.7,83.0,599,-22.0396,-47.0462,Forward,Stable
22:00:32.719,11.1,87.3,599,-21.2334,-47.4168,Forward,Stable
22:00:32.803,11.8,82.2,599,-20.4734,-47.8422,Forward,Stable
22:00:32.880,13.0,74.8,599,-19.6105,-47.9725,Forward,Clockwise
22:00:32.972,10.9,89.2,599,-20.1387,-47.6561,Right,Stable
22:00:33.055,12.0,80.8,599,-20.5857,-48.5506,Forward,Stable
22:00:33.141,11.6,83.7,599,-20.8628,-48.3516,Right,Tilt Down
22:00:33.226,11.7,83.3,599,-21.4453,-47.6971,Forward,Stable
22:00:33.306,12.5,77.7,599,-22.1348,-47.0126,Forward,Clockwise
22:00:33.397,11.1,87.9,599,-22.5551,-47.7958,Right,Stable
22:00:33.472,13.3,73.0,599,-22.3852,-46.9304,Forward,Clockwise
22:00:33.550,12.8,76.0,599,-22.5074,-45.9521,Forward,Stable
22:00:33.639,11.2,86.8,599,-22.6239,-45.9719,Right,Stable
22:00:33.731,10.9,88.8,599,-22.7588,-44.9810,Forward,Stable
22:00:33.823,10.8,89.8,599,-22.7326,-44.0008,Forward,Clockwise
22:00:33.908,11.7,83.0,599,-21.9055,-44.1168,Down,Stable
22:00:33.989,12.5,77.9,599,-21.8346,-45.0854,Backward,Stable
22:00:34.071,12.1,80.2,599,-21.9620,-45.2068,Right,Stable
22:00:34.158,11.5,84.9,599,-22.1281,-44.3607,Forward,Clockwise
22:00:34.234,13.1,74.0,599,-22.2168,-43.3737,Forward,Counter-Clockwise
22:00:34.325,11.0,88.2,599,-22.1044,-42.8216,Right,Stable
22:00:34.407,12.2,79.7,599,-22.0395,-43.1340,Right,Stable
22:00:34.490,12.0,80.8,599,-21.5640,-43.8100,Backward,Stable
22:00:34.569,12.7,76.5,599,-21.7202,-43.0039,Forward,Stable
22:00:34.647,12.7,76.3,599,-22.2554,-42.1716,Forward,Counter-Clockwise
22:00:34.731,11.9,81.3,599,-22.1180,-41.4847,Right,Stable
22:00:34.813,12.3,79.3,599,-21.7368,-40.6861,Right,Tilt Down
22:00:34.903,11.1,87.4,599,-21.1331,-40.2363,Forward,Stable
22:00:34.980,12.9,75.0,599,-20.4390,-39.8347,Forward,Stable
22:00:35.059,12.7,76.5,599,-19.7481,-39.3837,Forward,Clockwise
22:00:35.144,11.7,83.0,599,-18.9014,-39.4895,Backward,Stable
22:00:35.221,12.9,75.0,599,-19.7735,-39.3867,Forward,Stable
22:00:35.308,11.6,83.9,599,-20.7712,-39.3183,Forward,Stable
22:00:35.388,12.4,78.5,599,-20.8297,-38.3709,Up,Stable
22:00:35.476,11.4,85.3,599,-21.6548,-37.9469,Forward,Stable
22:00:35.554,12.8,75.7,599,-22.5971,-38.1935,Forward,Counter-Clockwise
22:00:35.643,11.2,87.0,599,-21.7637,-38.6807,Forward,Stable
22:00:35.720,13.0,74.5,599,-20.8726,-39.0983,Forward,Counter-Clockwise
22:00:35.803,12.1,80.6,599,-21.4617,-39.7711,Forward,Counter-Clockwise
22:00:35.899,10.4,93.9,599,-22.3649,-39.3437,Backward,Stable
22:00:35.988,11.3,86.0,599,-22.2810,-39.0165,Up,Stable
22:00:36.070,12.2,79.8,599,-21.2912,-39.1580,Forward,Stable
22:00:36.146,13.2,73.3,599,-20.4057,-39.6193,Forward,Clockwise
22:00:36.225,12.6,77.3,599,-21.0058,-40.3173,Forward,Counter-Clockwise
22:00:36.314,11.3,86.1,599,-20.1283,-40.6643,Forward,Counter-Clockwise
22:00:36.400,11.6,83.6,599,-20.6264,-41.3903,Forward,Counter-Clockwise
22:00:36.478,12.7,76.4,599,-19.7881,-41.8431,Forward,Counter-Clockwise
22:00:36.557,12.7,76.2,599,-20.3175,-42.4795,Forward,Stable
22:00:36.645,11.3,86.0,599,-20.9126,-43.2088,Forward,Stable
22:00:36.726,12.3,79.0,599,-21.6200,-43.6869,Forward,Stable
22:00:36.816,11.1,87.6,599,-22.3272,-44.1681,Forward,Stable
22:00:36.903,11.6,84.1,599,-22.9458,-44.8374,Forward,Stable
22:00:36.998,10.5,92.8,599,-23.5061,-45.3761,Forward,Stable
22:00:37.092,10.6,92.0,599,-22.8216,-44.7029,Backward,Stable
22:00:37.171,12.6,76.9,599,-23.4738,-45.4570,Forward,Clockwise
22:00:37.260,11.3,86.2,599,-23.1470,-46.3246,Forward,Stable
22:00:37.350,11.1,87.9,599,-23.0056,-47.1969,Forward,Stable
22:00:37.428,12.8,75.9,599,-22.8484,-48.1396,Forward,Counter-Clockwise
22:00:37.509,12.4,78.3,599,-22.8719,-49.0102,Forward,Stable
22:00:37.596,11.4,85.3,599,-22.9298,-49.6238,Forward,Stable
22:00:37.683,11.5,84.6,599,-23.9199,-49.5045,Up,Pan Left
22:00:37.779,10.5,93.0,599,-23.0408,-49.0284,Up,Pan Right
22:00:37.873,10.6,92.3,599,-22.2487,-49.6136,Forward,Stable
22:00:37.970,10.3,94.7,599,-21.4151,-50.1570,Forward,Stable
22:00:38.061,11.1,87.9,599,-20.7933,-50.9085,Forward,Stable
22:00:38.155,10.6,92.2,599,-21.5898,-50.3292,Backward,Stable
22:00:38.240,11.8,82.6,599,-20.8936,-51.0224,Forward,Stable
22:00:38.329,11.3,86.2,599,-21.5105,-51.7011,Right,Stable
22:00:38.417,11.3,85.9,599,-20.9717,-50.9999,Up,Stable
22:00:38.510,10.7,90.8,599,-20.1987,-51.5758,Forward,Clockwise
22:00:38.584,13.4,72.2,599,-20.5426,-52.2056,Forward,Stable
22:00:38.666,12.2,80.0,599,-20.9602,-52.8556,Forward,Counter-Clockwise
22:00:38.756,11.1,87.5,599,-20.0916,-53.1343,Forward,Stable
22:00:38.851,10.6,92.3,599,-19.2442,-53.5749,Forward,Stable
22:00:38.932,12.3,78.9,599,-19.7520,-54.4343,Right,Tilt Down
22:00:39.020,11.4,85.5,599,-19.3915,-53.5834,Forward,Stable
22:00:39.109,11.2,86.9,599,-19.8841,-52.9752,Right,Stable
22:00:39.202,10.7,91.1,599,-19.7172,-51.9902,Forward,Stable
22:00:39.291,11.2,86.7,599,-19.1283,-51.2752,Forward,Stable
22:00:39.370,12.8,75.8,599,-18.4798,-50.5633,Forward,Stable
22:00:39.447,12.9,75.3,599,-17.8433,-49.8024,Forward,Counter-Clockwise
22:00:39.538,11.1,88.0,599,-18.7750,-49.5013,Forward,Stable
22:00:39.628,11.1,88.0,599,-17.8536,-49.8340,Backward,Stable
22:00:39.707,12.7,76.2,599,-17.6377,-49.3527,Up,Stable
22:00:39.789,12.2,79.7,599,-18.5956,-49.1006,Forward,Counter-Clockwise
22:00:39.873,11.8,82.6,599,-18.6808,-48.1159,Forward,Stable
22:00:39.956,12.1,80.4,599,-19.0318,-47.1799,Forward,Clockwise
22:00:40.046,11.1,87.9,599,-18.8219,-46.3337,Forward,Counter-Clockwise
22:00:40.121,13.5,71.9,599,-18.7521,-45.4703,Forward,Stable
22:00:40.211,11.0,88.3,599,-18.6009,-44.5627,Forward,Stable
22:00:40.301,11.1,87.5,599,-18.7934,-45.0166,Up,Stable
22:00:40.388,11.5,84.7,599,-18.3655,-44.3813,Forward,Stable
22:00:40.477,11.3,86.5,599,-17.9144,-43.6776,Forward,Stable
22:00:40.553,13.2,73.7,599,-18.5304,-43.1080,Right,Tilt Down
22:00:40.639,11.5,84.5,599,-18.7445,-43.7874,Right,Tilt Down
22:00:40.717,12.9,75.5,599,-18.7790,-43.1268,Forward,Stable
22:00:40.807,11.1,87.5,599,-18.7186,-43.7910,Backward,Stable
22:00:40.890,12.1,80.5,599,-18.8217,-43.0870,Forward,Clockwise
22:00:40.973,12.1,80.4,599,-18.6417,-43.9785,Backward,Stable
22:00:41.064,11.0,88.5,599,-19.0806,-43.2403,Forward,Stable
22:00:41.142,12.7,76.0,599,-18.1298,-43.1840,Up,Pan Left
22:00:41.233,11.0,88.5,599,-17.9865,-42.3033,Backward,Stable
22:00:41.314,12.4,78.5,599,-18.0957,-43.2178,Forward,Stable
22:00:41.408,10.6,91.6,599,-18.1232,-44.1620,Forward,Clockwise
22:00:41.497,11.2,87.2,599,-17.9561,-45.0999,Forward,Stable
22:00:41.584,11.6,84.2,599,-17.8162,-44.6030,Up,Pan Left
22:00:41.658,13.4,72.1,599,-17.0245,-45.2136,Right,Stable
22:00:41.738,12.5,78.1,599,-17.4981,-46.0790,Up,Stable
22:00:41.824,11.7,82.9,599,-17.1740,-45.7892,Forward,Stable
22:00:41.907,12.0,80.9,599,-17.2620,-45.2816,Forward,Counter-Clockwise
22:00:41.986,12.7,76.6,599,-17.3962,-45.3143,Forward,Counter-Clockwise
22:00:42.064,12.7,76.2,599,-17.1297,-44.8767,Forward,Counter-Clockwise
22:00:42.146,12.3,79.0,599,-17.4981,-45.2092,Forward,Clockwise
22:00:42.229,12.0,80.7,599,-17.3077,-44.8950,Forward,Stable
22:00:42.311,12.2,79.5,599,-17.0607,-44.6928,Forward,Counter-Clockwise
22:00:42.398,11.4,85.4,599,-16.7860,-44.8611,Backward,Stable
22:00:42.492,10.7,90.9,599,-16.4885,-45.1344,Backward,Stable
22:00:42.574,12.1,80.1,599,-16.1514,-45.4766,Backward,Stable
22:00:42.658,12.0,81.3,599,-16.0795,-46.4540,Up,Stable
22:00:42.734,13.1,74.1,599,-15.6621,-46.7690,Backward,Stable
22:00:42.813,12.6,76.6,599,-16.0947,-46.7294,Forward,Stable
22:00:42.902,11.3,86.4,599,-16.4203,-46.3869,Forward,Stable
22:00:42.976,13.5,71.8,599,-16.9283,-46.4837,Forward,Stable
22:00:43.057,12.4,78.6,599,-17.5342,-47.2787,Right,Stable
22:00:43.133,13.1,74.3,599,-17.8160,-47.2088,Forward,Stable
22:00:43.225,10.9,89.7,599,-18.2038,-47.1226,Forward,Stable
22:00:43.314,11.2,86.9,599,-18.5648,-46.7773,Forward,Stable
22:00:43.398,12.0,81.1,599,-18.8691,-46.9400,Forward,Stable
22:00:43.484,11.6,83.8,599,-19.3093,-46.4833,Forward,Stable
22:00:43.579,10.5,92.8,599,-19.6103,-46.3646,Forward,Stable
22:00:43.657,12.8,75.6,599,-19.9127,-46.0888,Forward,Stable
22:00:43.746,11.2,87.0,599,-20.2455,-45.9837,Forward,Stable
22:00:43.826,12.5,77.8,599,-20.5331,-45.8967,Forward,Counter-Clockwise
22:00:43.905,12.7,76.6,599,-20.2812,-45.4335,Forward,Stable
22:00:43.987,12.2,79.8,599,-20.0645,-45.2276,Forward,Clockwise
22:00:44.077,11.1,87.5,599,-20.0758,-44.7906,Forward,Stable
22:00:44.160,12.0,81.0,599,-20.4099,-44.5082,Forward,Stable
22:00:44.247,11.6,83.8,599,-20.7564,-44.4948,Forward,Counter-Clockwise
22:00:44.321,13.4,72.3,599,-20.4942,-44.2824,Forward,Stable
22:00:44.408,11.6,84.1,599,-19.9918,-45.1405,Right,Stable
22:00:44.496,11.3,86.6,599,-19.9944,-45.0001,Forward,Stable
22:00:44.576,12.5,77.6,599,-19.6699,-44.8747,Forward,Stable
22:00:44.667,11.1,88.1,599,-19.4368,-44.5438,Forward,Stable
22:00:44.751,11.9,81.5,599,-19.0440,-44.1356,Forward,Stable
22:00:44.835,11.9,81.7,599,-19.0284,-45.1269,Up,Stable
22:00:44.916,12.2,79.4,599,-18.6327,-44.8684,Forward,Clockwise
22:00:44.992,13.3,72.9,599,-18.5864,-44.7740,Forward,Clockwise
22:00:45.073,12.3,79.0,599,-18.5946,-44.2489,Forward,Counter-Clockwise
22:00:45.162,11.2,86.8,599,-18.9060,-44.1127,Forward,Stable
22:00:45.242,12.5,78.0,599,-19.0706,-44.2519,Forward,Stable
22:00:45.334,10.9,89.4,599,-18.9202,-44.3052,Backward,Stable
22:00:45.419,11.8,82.7,599,-19.1051,-44.4262,Forward,Clockwise
22:00:45.507,11.3,85.9,599,-18.8710,-44.0699,Forward,Stable
22:00:45.594,11.5,84.9,599,-18.7388,-43.6508,Forward,Stable
22:00:45.670,13.1,73.8,599,-18.6541,-43.2907,Forward,Counter-Clockwise
22:00:45.766,10.4,93.3,599,-18.9167,-43.8590,Forward,Stable
22:00:45.848,12.2,79.9,599,-19.3792,-44.2446,Forward,Counter-Clockwise
22:00:45.935,11.5,84.7,599,-19.4218,-44.7046,Forward,Stable
22:00:46.010,13.4,72.5,599,-19.3064,-45.2039,Forward,Counter-Clockwise
22:00:46.092,12.3,77.7,599,-19.1369,-45.5452,Forward,Stable
22:00:46.181,11.2,86.5,599,-19.0021,-46.1431,Forward,Stable
22:00:46.256,13.3,72.9,599,-18.8387,-46.6724,Forward,Stable
22:00:46.335,12.6,77.1,599,-18.7134,-47.2432,Forward,Stable
22:00:46.424,11.3,86.7,599,-18.6295,-47.7945,Forward,Clockwise
22:00:46.507,12.0,80.9,599,-18.3009,-48.2609,Forward,Stable
22:00:46.592,11.8,82.6,599,-18.3059,-48.6421,Forward,Stable
22:00:46.669,13.0,74.8,599,-17.4107,-49.0638,Right,Stable
22:00:46.750,12.4,78.2,599,-17.2635,-49.9332,Up,Stable
22:00:46.846,10.4,93.9,599,-17.7023,-50.7491,Up,Pan Left
22:00:46.921,13.4,72.6,599,-18.0054,-49.8186,Up,Stable
22:00:47.004,12.1,80.6,599,-18.9793,-49.6997,Forward,Clockwise
22:00:47.087,12.0,81.1,599,-18.3318,-48.9439,Forward,Stable
22:00:47.175,11.4,85.4,599,-19.0989,-49.5801,Backward,Stable
22:00:47.255,12.5,77.0,599,-19.4196,-48.9288,Right,Tilt Down
22:00:47.337,12.2,79.5,599,-19.0685,-49.3943,Forward,Stable
22:00:47.427,11.1,88.0,599,-18.7203,-49.7785,Forward,Stable
22:00:47.509,12.1,80.2,599,-18.4113,-50.1703,Forward,Clockwise
22:00:47.594,11.9,82.1,599,-18.3191,-49.7869,Backward,Stable
22:00:47.669,13.2,73.3,599,-18.3797,-50.1937,Forward,Stable
22:00:47.755,11.6,83.6,599,-17.4844,-50.6292,Up,Stable
22:00:47.847,10.9,89.6,599,-16.5775,-51.0496,Up,Stable
22:00:47.938,11.0,88.1,599,-16.8682,-51.6423,Forward,Counter-Clockwise
22:00:48.022,11.9,81.3,599,-16.5786,-51.7842,Forward,Stable
22:00:48.106,11.8,82.6,599,-16.4566,-52.1719,Forward,Stable
22:00:48.190,11.9,81.6,599,-16.2097,-52.3234,Forward,Clockwise
22:00:48.281,11.0,88.3,599,-16.0676,-53.2304,Forward,Stable
22:00:48.357,13.2,73.4,599,-15.8815,-54.0786,Forward,Stable
22:00:48.445,11.3,86.1,599,-15.5807,-54.9080,Forward,Stable
22:00:48.525,12.5,77.8,599,-15.4785,-55.8467,Forward,Stable
22:00:48.608,12.0,81.0,599,-14.8645,-55.6691,Up,Stable
22:00:48.698,11.1,87.9,599,-14.8500,-56.4829,Forward,Stable
22:00:48.774,13.2,73.3,599,-14.8516,-57.4325,Forward,Clockwise
22:00:48.867,10.8,90.5,599,-14.7182,-56.6692,Backward,Stable
22:00:48.949,12.2,79.5,599,-14.5664,-57.3916,Forward,Clockwise
22:00:49.036,11.5,84.4,599,-14.1824,-58.3129,Forward,Counter-Clockwise
22:00:49.121,11.7,82.8,599,-13.7082,-59.1273,Forward,Clockwise
22:00:49.203,12.1,80.3,599,-13.5986,-59.3577,Up,Stable
22:00:49.292,11.3,86.6,599,-14.2199,-60.1181,Forward,Stable
22:00:49.364,14.0,69.3,599,-14.8423,-60.8771,Forward,Stable
22:00:49.432,14.7,65.8,599,-15.3246,-61.6855,Forward,Counter-Clockwise
22:00:49.519,11.5,84.7,599,-16.1955,-62.1630,Backward,Stable
22:00:49.607,11.3,85.8,599,-16.1357,-61.6061,Right,Tilt Down
22:00:49.696,11.3,86.2,599,-15.3560,-61.4098,Forward,Stable
22:00:49.781,11.7,83.3,599,-14.4052,-61.2523,Forward,Stable
22:00:49.871,11.1,88.0,599,-14.7855,-60.3699,Up,Stable
22:00:49.956,11.8,82.2,599,-14.0327,-60.2569,Forward,Stable
22:00:50.048,10.9,89.7,599,-13.2598,-59.9954,Forward,Stable
22:00:50.144,10.4,94.1,599,-12.6767,-59.7938,Right,Stable
22:00:50.228,11.9,81.7,599,-11.7212,-59.6237,Forward,Stable
22:00:50.313,11.8,82.3,599,-11.1942,-60.2455,Right,Tilt Up
22:00:50.392,12.7,76.7,599,-10.2868,-59.8583,Forward,Counter-Clockwise
22:00:50.476,11.9,81.5,599,-11.1679,-60.0059,Forward,Clockwise
22:00:50.561,11.8,82.5,599,-10.2763,-59.7136,Forward,Stable
22:00:50.640,12.6,76.8,599,-9.3229,-59.4259,Forward,Clockwise
22:00:50.722,12.1,80.0,599,-10.2538,-59.2195,Forward,Stable
22:00:50.807,11.8,82.5,599,-9.9812,-58.7982,Up,Stable
22:00:50.893,11.5,84.2,599,-9.9096,-58.2270,Right,Tilt Down
22:00:50.966,13.8,70.2,599,-9.1998,-58.8642,Backward,Stable
22:00:51.051,11.8,82.6,599,-9.9650,-58.2670,Forward,Stable
22:00:51.143,10.8,90.1,599,-10.8579,-57.8932,Forward,Clockwise
22:00:51.226,12.1,80.2,599,-10.5414,-57.8475,Up,Pan Right
22:00:51.309,12.0,80.9,599,-10.7118,-58.2151,Forward,Stable
22:00:51.390,12.3,79.1,599,-10.7996,-58.7507,Forward,Stable
22:00:51.480,11.2,87.0,599,-10.7442,-59.4106,Forward,Counter-Clockwise
22:00:51.556,13.1,73.9,599,-10.7540,-59.7593,Forward,Stable
22:00:51.645,11.2,86.6,599,-10.8897,-59.3627,Backward,Stable
22:00:51.731,11.6,83.7,599,-11.1048,-59.0012,Backward,Stable
22:00:51.815,11.8,82.3,599,-11.3358,-58.6600,Backward,Stable
22:00:51.902,11.6,83.9,599,-11.0876,-58.9883,Forward,Stable
22:00:51.980,12.7,76.5,599,-10.9109,-59.0962,Forward,Stable
22:00:52.070,11.2,87.2,599,-10.0085,-58.8278,Up,Stable
22:00:52.157,11.5,84.6,599,-10.3616,-57.9584,Right,Tilt Up
22:00:52.250,10.7,91.2,599,-9.7230,-57.3784,Forward,Clockwise
22:00:52.341,11.0,88.3,599,-9.5644,-58.0602,Right,Stable
22:00:52.415,13.5,72.0,599,-10.4166,-57.9675,Forward,Stable
22:00:52.502,11.5,84.7,599,-10.8314,-58.0219,Forward,Stable
22:00:52.590,11.4,85.3,599,-11.6559,-58.0837,Forward,Counter-Clockwise
22:00:52.665,13.3,72.9,599,-12.2363,-58.2624,Backward,Stable
22:00:52.751,11.7,83.4,599,-11.7772,-59.0833,Up,Pan Left
22:00:52.843,10.8,89.9,599,-12.2126,-58.2752,Right,Stable
22:00:52.931,11.3,86.0,599,-13.2058,-58.3132,Forward,Stable
22:00:53.012,12.4,78.5,599,-14.0124,-58.9021,Forward,Stable
22:00:53.091,12.6,77.1,599,-14.8342,-59.4623,Forward,Stable
22:00:53.179,11.4,85.7,599,-15.7316,-59.8500,Forward,Counter-Clockwise
22:00:53.259,12.5,77.8,599,-15.9456,-58.9616,Up,Pan Left
22:00:53.356,10.3,94.5,599,-16.4269,-58.8157,Forward,Counter-Clockwise
22:00:53.433,13.0,74.0,599,-16.0748,-58.7543,Forward,Stable
22:00:53.525,10.9,89.6,599,-15.8148,-58.5031,Forward,Stable
22:00:53.606,12.4,78.4,599,-15.5170,-58.3653,Forward,Counter-Clockwise
22:00:53.695,11.2,87.3,599,-15.9191,-58.0357,Forward,Stable
22:00:53.790,10.6,91.9,599,-15.8896,-57.4429,Forward,Clockwise
22:00:53.873,12.1,80.6,599,-15.2653,-58.1011,Forward,Counter-Clockwise
22:00:53.966,10.7,91.1,599,-15.7071,-58.5165,Up,Stable
22:00:54.056,11.1,87.5,599,-15.8343,-59.4851,Forward,Stable
22:00:54.142,11.6,84.2,599,-16.0498,-60.3297,Forward,Counter-Clockwise
22:00:54.223,12.4,78.6,599,-15.5851,-61.0998,Forward,Counter-Clockwise
22:00:54.303,12.6,77.3,599,-14.8432,-60.9134,Backward,Stable
22:00:54.389,11.6,84.2,599,-15.8176,-60.6913,Forward,Counter-Clockwise
22:00:54.480,11.0,88.1,599,-14.8569,-60.4206,Forward,Counter-Clockwise
22:00:54.569,11.2,86.6,599,-15.1388,-61.2132,Down,Stable
22:00:54.642,13.7,70.7,599,-14.1826,-61.1542,Backward,Stable
22:00:54.725,12.0,81.0,599,-14.3731,-61.6742,Right,Tilt Up
22:00:54.805,12.5,77.6,599,-13.5052,-61.4349,Backward,Stable
22:00:54.893,11.3,85.7,599,-14.3014,-61.9058,Forward,Stable
22:00:54.975,12.2,79.7,599,-15.1760,-62.3792,Forward,Counter-Clockwise
22:00:55.060,11.9,82.1,599,-14.6652,-61.8747,Forward,Counter-Clockwise
22:00:55.150,11.0,88.3,599,-14.6250,-62.2732,Right,Tilt Up
22:00:55.225,13.4,72.3,599,-14.3364,-63.1587,Forward,Counter-Clockwise
22:00:55.310,11.8,82.8,599,-14.5881,-62.7117,Backward,Stable
22:00:55.391,12.3,79.3,599,-14.2846,-63.0715,Forward,Clockwise
22:00:55.483,10.9,89.0,599,-14.8154,-62.3575,Up,Pan Left
22:00:55.573,11.0,88.2,599,-14.3097,-62.2993,Up,Pan Left
22:00:55.658,11.8,82.7,599,-13.6831,-62.4297,Forward,Stable
22:00:55.749,11.0,88.4,599,-12.9138,-62.5955,Forward,Stable
22:00:55.826,13.0,74.3,599,-12.1341,-62.1518,Up,Pan Left
22:00:55.910,11.8,82.6,599,-13.0182,-61.9593,Forward,Clockwise
22:00:56.002,10.9,89.5,599,-12.1426,-61.6236,Forward,Stable
22:00:56.090,11.3,85.8,599,-11.2924,-61.3106,Forward,Stable
22:00:56.178,11.5,84.9,599,-10.4433,-61.0061,Forward,Stable
22:00:56.269,11.0,88.9,599,-9.4933,-60.8512,Forward,Stable
22:00:56.344,13.3,72.9,599,-8.6817,-60.7216,Forward,Stable
22:00:56.428,11.9,81.7,599,-7.7994,-60.3957,Forward,Clockwise
22:00:56.515,11.5,84.4,599,-7.4071,-60.1766,Right,Tilt Down
22:00:56.609,10.6,91.6,599,-8.2295,-59.8290,Forward,Stable
22:00:56.698,11.3,86.5,599,-8.9403,-59.3835,Forward,Stable
22:00:56.784,11.6,83.9,599,-9.6246,-59.3131,Forward,Clockwise
22:00:56.874,11.1,88.1,599,-8.9773,-59.0653,Forward,Stable
22:00:56.953,12.8,75.9,599,-9.5848,-59.1145,Backward,Stable
22:00:57.034,12.3,78.9,599,-9.1143,-59.0489,Forward,Counter-Clockwise
22:00:57.112,12.8,76.0,599,-9.8743,-58.8365,Forward,Clockwise
22:00:57.191,12.7,76.6,599,-9.7623,-59.1919,Forward,Counter-Clockwise
22:00:57.280,11.2,86.8,599,-10.0023,-59.2481,Forward,Counter-Clockwise
22:00:57.368,11.4,85.2,599,-10.3046,-58.8775,Forward,Stable
22:00:57.444,13.2,73.6,599,-10.1523,-58.6818,Forward,Stable
22:00:57.534,11.1,87.6,599,-9.9960,-58.4830,Forward,Stable
22:00:57.608,13.5,71.5,599,-9.9651,-58.3563,Forward,Stable
22:00:57.705,10.3,95.3,599,-8.9882,-58.5696,Right,Tilt Down
22:00:57.794,11.2,86.8,599,-9.2067,-58.9088,Forward,Clockwise
22:00:57.868,13.5,71.5,599,-8.6392,-59.0994,Forward,Counter-Clockwise
22:00:57.956,11.4,85.6,599,-8.0211,-59.8536,Up,Stable
22:00:58.043,11.5,84.9,599,-7.9475,-60.1190,Forward,Counter-Clockwise
22:00:58.127,12.0,80.9,599,-7.7053,-60.3144,Forward,Stable
22:00:58.216,11.1,87.4,599,-7.8326,-60.4695,Backward,Stable
22:00:58.297,12.4,78.4,599,-8.2925,-61.3176,Up,Stable
22:00:58.386,11.2,86.7,599,-8.3608,-61.3888,Forward,Counter-Clockwise
22:00:58.462,13.1,74.0,599,-8.5463,-61.4757,Forward,Stable
22:00:58.544,12.3,79.1,599,-8.6865,-61.5721,Forward,Stable
22:00:58.631,11.5,85.0,599,-8.8464,-61.6636,Forward,Stable
22:00:58.707,13.1,74.1,599,-8.5911,-61.6505,Backward,Stable
22:00:58.803,10.5,92.8,599,-8.4421,-61.5688,Backward,Stable
22:00:58.888,11.8,82.8,599,-8.2399,-61.5512,Forward,Stable
22:00:58.973,11.7,83.0,599,-8.5657,-61.4696,Forward,Clockwise
22:00:59.061,11.4,85.6,599,-8.3375,-62.4235,Forward,Counter-Clockwise
22:00:59.147,11.6,84.0,599,-7.9604,-63.1914,Forward,Counter-Clockwise
22:00:59.234,11.5,84.3,599,-7.6125,-64.0422,Forward,Clockwise
22:00:59.321,11.5,84.9,599,-6.8664,-64.4745,Forward,Stable
22:00:59.411,11.2,87.2,599,-7.0812,-64.9918,Forward,Stable
22:00:59.498,11.5,84.8,599,-6.0970,-64.8523,Right,Tilt Down
22:00:59.581,12.0,81.0,599,-5.5898,-64.0427,Forward,Stable
22:00:59.678,10.4,94.0,599,-6.1560,-64.0591,Up,Pan Left
22:00:59.768,11.0,88.2,599,-6.6924,-64.8541,Forward,Stable
22:00:59.859,11.0,88.7,599,-7.2344,-65.6424,Forward,Stable
22:00:59.947,11.4,85.4,599,-6.4700,-66.2664,Up,Pan Left
22:01:00.036,11.2,86.8,599,-6.3708,-65.6628,Forward,Stable
22:01:00.120,11.9,81.9,599,-6.2157,-65.3369,Forward,Stable
22:01:00.208,11.3,85.9,599,-6.3420,-65.6671,Backward,Stable
22:01:00.284,13.1,73.7,599,-7.3385,-65.5927,Up,Stable
22:01:00.375,11.0,88.8,599,-8.3377,-65.6119,Up,Stable
22:01:00.456,12.5,78.0,599,-8.4433,-65.2302,Forward,Stable
22:01:00.552,10.3,94.3,599,-8.3407,-64.8887,Forward,Clockwise
22:01:00.639,11.5,84.3,599,-8.7585,-64.3189,Forward,Stable
22:01:00.719,12.5,77.6,599,-8.9148,-63.7541,Forward,Counter-Clockwise
22:01:00.799,12.4,78.0,599,-9.3144,-63.6630,Forward,Counter-Clockwise
22:01:00.882,12.1,79.9,599,-9.6192,-63.1886,Forward,Stable
22:01:00.974,10.8,90.0,599,-8.8763,-62.5518,Up,Pan Right
22:01:01.058,11.9,81.5,599,-8.9443,-62.6931,Up,Pan Right
22:01:01.135,13.0,74.5,599,-9.1337,-63.2620,Forward,Stable
22:01:01.220,11.8,82.8,599,-9.3607,-63.7725,Forward,Stable
22:01:01.308,11.3,85.8,599,-9.4759,-64.1198,Forward,Stable
22:01:01.389,12.4,78.6,599,-9.3375,-64.4850,Forward,Stable
22:01:01.468,12.6,76.8,599,-9.3988,-63.8955,Backward,Stable
22:01:01.556,11.4,85.3,599,-9.3925,-64.4921,Forward,Stable
22:01:01.633,12.9,75.5,599,-9.6586,-64.9370,Forward,Counter-Clockwise
22:01:01.726,10.8,90.4,599,-9.3754,-65.5584,Forward,Counter-Clockwise
22:01:01.798,13.9,69.8,599,-9.7969,-66.0775,Forward,Stable
22:01:01.879,12.5,77.8,599,-10.6073,-65.5444,Right,Stable
22:01:01.965,11.6,83.7,599,-11.2659,-64.9889,Right,Stable
22:01:02.060,10.5,92.8,599,-11.7780,-64.6652,Right,Tilt Down
22:01:02.149,11.2,87.0,599,-11.2992,-64.4488,Forward,Stable
22:01:02.239,11.2,87.2,599,-11.0767,-63.5351,Right,Tilt Down
22:01:02.314,13.3,73.0,599,-10.1267,-63.5362,Forward,Stable
22:01:02.392,12.7,76.3,599,-9.1352,-63.4456,Forward,Counter-Clockwise
22:01:02.474,12.3,79.1,599,-10.0264,-63.8885,Forward,Stable
22:01:02.552,12.9,75.5,599,-9.2515,-63.2684,Backward,Stable
22:01:02.645,10.7,91.2,599,-10.1544,-63.6983,Forward,Stable
22:01:02.731,11.6,83.9,599,-10.0478,-63.7135,Up,Stable
22:01:02.818,11.5,84.5,599,-10.7355,-64.4355,Forward,Stable
22:01:02.903,11.8,82.8,599,-11.4290,-65.1525,Forward,Counter-Clockwise
22:01:02.992,11.2,86.6,599,-10.7495,-65.8769,Forward,Stable
22:01:03.081,11.3,86.0,599,-9.9602,-66.4221,Forward,Clockwise
22:01:03.167,11.6,83.7,599,-10.3956,-67.3085,Forward,Stable
22:01:03.252,11.7,83.5,599,-10.8785,-68.1759,Forward,Stable
22:01:03.332,12.5,77.4,599,-11.3782,-69.0373,Forward,Stable
22:01:03.418,11.7,83.0,599,-10.5014,-69.5168,Right,Tilt Down
22:01:03.507,11.2,86.7,599,-11.1109,-69.0478,Forward,Stable
22:01:03.584,12.9,75.0,599,-10.5102,-69.4436,Backward,Stable
22:01:03.659,13.3,73.0,599,-11.0139,-68.8360,Forward,Counter-Clockwise
22:01:03.743,11.9,81.4,599,-10.5716,-68.0477,Forward,Clockwise
22:01:03.831,11.4,85.5,599,-11.3992,-68.3037,Up,Stable
22:01:03.922,10.9,89.1,599,-10.8585,-68.7765,Backward,Stable
22:01:04.004,12.2,79.9,599,-11.2784,-68.3665,Forward,Clockwise
22:01:04.090,11.6,83.8,599,-12.1692,-68.1622,Right,Stable
22:01:04.180,11.1,87.5,599,-12.0778,-67.1945,Forward,Counter-Clockwise
22:01:04.265,11.7,82.7,599,-12.4139,-66.5197,Forward,Stable
22:01:04.346,12.4,78.4,599,-13.0059,-65.8284,Forward,Stable
22:01:04.433,11.5,85.0,599,-13.6454,-66.0325,Up,Pan Right
22:01:04.512,12.7,76.2,599,-13.6359,-66.1489,Up,Stable
22:01:04.589,13.0,74.5,599,-13.0156,-66.8531,Forward,Clockwise
22:01:04.669,12.5,78.0,599,-12.8672,-66.0591,Backward,Stable
22:01:04.754,11.7,83.0,599,-12.7893,-67.0294,Forward,Stable
22:01:04.839,11.8,82.5,599,-12.9372,-67.8279,Forward,Stable
22:01:04.934,10.6,92.4,599,-12.0932,-68.2622,Right,Stable
22:01:05.014,12.4,78.4,599,-12.2064,-69.1334,Forward,Stable
22:01:05.100,11.7,83.0,599,-12.4653,-69.9790,Forward,Stable
22:01:05.181,12.3,79.0,599,-12.7385,-70.7112,Forward,Clockwise
22:01:05.271,11.1,88.1,599,-12.0098,-71.2431,Forward,Stable
22:01:05.353,12.2,79.6,599,-12.6253,-70.5119,Backward,Stable
22:01:05.435,12.2,79.7,599,-11.8069,-71.0153,Forward,Stable
22:01:05.527,10.9,89.3,599,-12.6323,-70.4898,Backward,Stable
22:01:05.607,12.5,77.6,599,-11.9193,-71.1819,Forward,Counter-Clockwise
22:01:05.692,11.8,82.5,599,-11.1172,-70.7668,Backward,Stable
22:01:05.778,11.6,83.6,599,-11.4977,-71.0105,Up,Stable
22:01:05.863,11.7,83.0,599,-12.3198,-71.4521,Forward,Stable
22:01:05.936,13.7,70.9,599,-12.8140,-72.2922,Forward,Stable
22:01:06.023,11.5,85.0,599,-12.4876,-73.1267,Right,Stable
22:01:06.116,10.8,90.3,599,-13.1224,-73.8103,Forward,Stable
22:01:06.206,11.1,87.5,599,-12.3527,-73.3777,Backward,Stable
22:01:06.292,11.5,84.5,599,-11.8388,-74.1317,Right,Tilt Down
22:01:06.385,10.8,90.6,599,-10.9692,-74.5994,Backward,Stable
22:01:06.463,12.8,75.6,599,-10.4955,-73.7687,Right,Stable
22:01:06.549,11.7,83.0,599,-11.3894,-73.3887,Forward,Clockwise
22:01:06.631,12.1,80.2,599,-10.8708,-72.5339,Forward,Stable
22:01:06.718,11.5,84.4,599,-10.4201,-71.7060,Forward,Stable
22:01:06.809,11.0,89.0,599,-9.8739,-70.8889,Forward,Counter-Clockwise
22:01:06.895,11.7,83.2,599,-10.6327,-70.5581,Forward,Stable
22:01:06.983,11.3,86.4,599,-11.5066,-70.0893,Forward,Counter-Clockwise
22:01:07.075,10.9,89.5,599,-10.6590,-69.6377,Forward,Counter-Clockwise
22:01:07.164,11.2,86.8,599,-10.7290,-69.6267,Up,Stable
22:01:07.248,12.0,81.1,599,-11.1548,-69.4253,Up,Stable
22:01:07.341,10.7,91.3,599,-10.9477,-68.6970,Down,Stable
22:01:07.432,11.0,88.3,599,-11.8371,-68.8351,Forward,Stable
22:01:07.525,10.8,90.3,599,-12.8341,-68.7668,Forward,Stable
22:01:07.614,11.2,86.9,599,-13.6774,-68.7351,Forward,Stable
22:01:07.693,12.7,76.7,599,-14.5746,-68.8756,Forward,Counter-Clockwise
22:01:07.776,12.1,80.7,599,-13.8298,-68.2692,Forward,Stable
22:01:07.864,11.4,85.5,599,-14.5660,-68.8642,Backward,Stable
22:01:07.942,12.8,75.9,599,-13.8590,-68.2391,Forward,Stable
22:01:08.027,11.8,82.8,599,-14.4538,-67.4469,Right,Tilt Down
22:01:08.105,12.8,75.8,599,-13.8637,-67.9053,Forward,Stable
22:01:08.183,12.8,75.8,599,-13.5071,-66.9979,Up,Stable
22:01:08.270,11.5,84.6,599,-13.1402,-67.6860,Right,Tilt Down
22:01:08.361,11.0,88.6,599,-13.3525,-68.1541,Backward,Stable
22:01:08.434,13.7,70.7,599,-13.3247,-67.4844,Forward,Counter-Clockwise
22:01:08.515,12.3,79.0,599,-13.8389,-68.3055,Up,Stable
22:01:08.607,11.0,88.7,599,-13.7078,-67.3331,Right,Stable
22:01:08.684,12.9,75.5,599,-14.2419,-66.5001,Right,Stable
22:01:08.775,11.0,88.6,599,-14.3468,-66.7013,Forward,Clockwise
22:01:08.856,12.3,78.8,599,-14.2746,-66.3057,Forward,Stable
22:01:08.941,11.8,82.5,599,-14.9273,-65.6105,Right,Stable
22:01:09.028,11.6,84.2,599,-14.7686,-65.1461,Forward,Counter-Clockwise
22:01:09.106,12.8,76.0,599,-14.9577,-64.9706,Forward,Stable
22:01:09.189,12.2,80.0,599,-15.1145,-64.8690,Forward,Clockwise
22:01:09.278,11.2,87.2,599,-15.1653,-64.2199,Forward,Stable
22:01:09.363,11.7,82.9,599,-14.9585,-63.2827,Forward,Counter-Clockwise
22:01:09.447,11.9,81.8,599,-14.1122,-62.7524,Forward,Stable
22:01:09.536,11.3,86.4,599,-14.4983,-61.8322,Up,Stable
22:01:09.634,10.2,95.7,599,-13.5942,-61.4785,Forward,Stable
22:01:09.718,11.9,81.6,599,-13.3447,-62.3030,Right,Stable
22:01:09.800,12.2,79.2,599,-12.8698,-62.9863,Right,Tilt Up
22:01:09.878,12.8,76.0,599,-11.9733,-62.5688,Forward,Stable
22:01:09.965,11.5,84.9,599,-11.7586,-63.5452,Up,Stable
22:01:10.045,12.5,77.5,599,-10.9915,-63.1000,Forward,Counter-Clockwise
22:01:10.126,12.4,78.3,599,-11.7332,-62.5020,Forward,Stable
22:01:10.205,12.6,77.3,599,-12.6292,-62.0820,Forward,Counter-Clockwise
22:01:10.284,12.7,76.5,599,-12.1993,-61.2089,Forward,Counter-Clockwise
22:01:10.365,12.3,79.2,599,-12.9844,-60.6463,Forward,Stable
22:01:10.457,10.9,89.0,599,-13.7959,-60.1220,Forward,Counter-Clockwise
22:01:10.534,12.9,75.2,599,-13.5066,-59.4191,Forward,Stable
22:01:10.615,12.4,78.5,599,-13.3689,-60.2771,Up,Stable
22:01:10.699,11.9,81.5,599,-13.2941,-59.3266,Forward,Stable
22:01:10.795,10.4,93.7,599,-13.5313,-60.1394,Up,Stable
22:01:10.876,12.4,78.3,599,-13.0792,-59.3300,Forward,Stable
22:01:10.954,12.7,76.5,599,-12.6462,-58.4807,Forward,Stable
22:01:11.035,12.4,78.4,599,-12.9973,-59.3809,Up,Pan Right
22:01:11.116,12.4,78.6,599,-13.9433,-59.5404,Forward,Stable
22:01:11.207,11.0,88.3,599,-14.5286,-58.7373,Up,Stable
22:01:11.291,11.8,82.6,599,-15.4363,-58.9721,Forward,Stable
22:01:11.376,11.9,81.9,599,-16.3625,-58.8182,Forward,Clockwise
22:01:11.458,12.1,80.2,599,-15.4461,-58.5769,Forward,Stable
22:01:11.535,13.0,74.6,599,-16.3405,-58.2979,Backward,Stable
22:01:11.621,11.7,83.5,599,-15.4406,-58.7257,Forward,Stable
22:01:11.710,11.2,86.7,599,-15.2859,-57.8528,Right,Stable
22:01:11.795,11.7,83.1,599,-14.4563,-58.1677,Forward,Clockwise
22:01:11.886,11.0,88.6,599,-15.2057,-58.8286,Forward,Counter-Clockwise
22:01:11.976,11.1,88.0,599,-14.3304,-59.2795,Forward,Stable
22:01:12.054,12.9,75.0,599,-13.4319,-59.6712,Forward,Counter-Clockwise
22:01:12.140,11.7,83.5,599,-13.9547,-59.6803,Up,Stable
22:01:12.225,11.7,83.3,599,-13.9594,-59.4880,Right,Tilt Down
22:01:12.303,12.9,75.6,599,-14.1329,-58.5847,Forward,Counter-Clockwise
22:01:12.383,12.5,77.6,599,-13.8844,-59.0573,Backward,Stable
22:01:12.478,10.5,93.3,599,-14.3680,-58.6372,Forward,Clockwise
22:01:12.563,11.8,82.1,599,-14.5685,-57.6579,Forward,Clockwise
22:01:12.648,11.8,82.8,599,-14.9139,-56.8105,Forward,Stable
22:01:12.721,13.6,71.1,599,-15.1468,-55.9261,Forward,Counter-Clockwise
22:01:12.806,11.8,82.2,599,-15.5538,-55.0641,Forward,Stable
22:01:12.908,9.8,99.4,599,-15.8601,-54.1895,Forward,Stable
22:01:12.997,11.2,86.7,599,-16.1512,-53.3937,Forward,Clockwise
22:01:13.081,11.9,82.0,599,-15.3317,-53.8701,Up,Stable
22:01:13.163,12.2,79.9,599,-15.3322,-52.9070,Forward,Counter-Clockwise
22:01:13.249,11.7,83.2,599,-14.8224,-53.7619,Backward,Stable
22:01:13.328,12.7,76.4,599,-15.4820,-53.0197,Forward,Stable
22:01:13.409,12.3,78.9,599,-15.7161,-52.0525,Forward,Counter-Clockwise
22:01:13.500,11.0,88.6,599,-15.2588,-52.7679,Up,Stable
22:01:13.579,12.6,77.1,599,-14.3481,-52.4111,Forward,Stable
22:01:13.670,11.0,88.4,599,-13.4402,-52.0457,Forward,Stable
22:01:13.761,11.0,89.0,599,-12.7904,-51.7941,Forward,Stable
22:01:13.839,12.9,75.3,599,-11.8746,-51.4378,Forward,Stable
22:01:13.917,12.8,75.9,599,-11.0509,-51.1943,Forward,Stable
22:01:14.013,10.3,94.2,599,-10.9182,-52.1846,Up,Pan Left
22:01:14.099,11.7,83.2,599,-11.8474,-52.3067,Forward,Counter-Clockwise
22:01:14.177,12.8,75.7,599,-10.9739,-52.1024,Forward,Counter-Clockwise
22:01:14.365,5.3,185.5,599,-11.8752,-51.9860,Forward,Stable
22:01:14.474,9.2,106.4,599,-12.8037,-52.0004,Forward,Stable
22:01:14.567,10.7,91.0,599,-13.7848,-51.8925,Forward,Clockwise
22:01:14.655,11.4,85.3,599,-13.0047,-51.3077,Forward,Counter-Clockwise
22:01:14.738,12.0,80.9,599,-13.9103,-51.1021,Forward,Clockwise
22:01:14.829,11.0,88.8,599,-13.2219,-50.7061,Forward,Clockwise
22:01:14.911,12.2,79.4,599,-14.0882,-50.2175,Forward,Counter-Clockwise
22:01:14.996,11.8,82.4,599,-15.0047,-50.3778,Up,Pan Left
22:01:15.091,10.5,92.8,599,-14.4694,-51.2202,Forward,Clockwise
22:01:15.167,13.2,73.7,599,-14.7217,-52.1585,Forward,Stable
22:01:15.250,12.1,80.1,599,-15.0350,-53.1062,Forward,Counter-Clockwise
22:01:15.340,11.0,88.7,599,-14.1621,-53.5771,Forward,Stable
22:01:15.413,13.7,70.6,599,-13.4185,-54.2409,Forward,Stable
22:01:15.494,12.4,78.4,599,-12.7568,-54.9883,Forward,Counter-Clockwise
22:01:15.569,13.3,73.1,599,-13.6316,-54.7419,Right,Stable
22:01:15.652,12.1,80.6,599,-14.2148,-54.5430,Right,Stable
22:01:15.737,11.9,81.9,599,-14.4280,-55.5179,Forward,Stable
22:01:15.819,12.1,80.6,599,-14.6249,-56.4982,Forward,Stable
22:01:15.901,12.3,79.3,599,-14.8242,-57.4779,Forward,Stable
22:01:15.979,12.8,75.8,599,-14.2455,-57.2674,Up,Pan Right
22:01:16.073,10.7,91.2,599,-14.1555,-56.4609,Forward,Clockwise
22:01:16.167,10.7,91.5,599,-14.4736,-56.2112,Forward,Stable
22:01:16.262,10.5,92.5,599,-14.6775,-55.8609,Forward,Stable
22:01:16.352,11.1,87.7,599,-15.1680,-55.7246,Forward,Clockwise
22:01:16.435,12.0,81.2,599,-16.1484,-55.7449,Up,Stable
22:01:16.528,10.8,90.0,599,-16.0604,-54.9149,Forward,Counter-Clockwise
22:01:16.610,12.1,80.0,599,-15.1902,-54.6120,Up,Pan Right
22:01:16.702,10.8,89.8,599,-15.9639,-54.1662,Backward,Stable
22:01:16.782,12.6,77.1,599,-16.6817,-53.7448,Backward,Stable
22:01:16.865,12.0,81.1,599,-16.0553,-54.0187,Forward,Clockwise
22:01:16.957,10.9,89.4,599,-16.1646,-53.5131,Right,Tilt Up
22:01:17.043,11.6,84.1,599,-16.5956,-53.7135,Forward,Counter-Clockwise
22:01:17.127,12.0,81.3,599,-16.7283,-54.2453,Backward,Stable
22:01:17.220,10.7,91.3,599,-16.7253,-53.5104,Forward,Clockwise
22:01:17.313,10.8,90.6,599,-16.5457,-54.2337,Right,Stable
22:01:17.403,11.1,87.7,599,-15.6822,-54.4073,Right,Tilt Down
22:01:17.479,13.2,73.2,599,-16.0960,-53.8833,Right,Tilt Down
22:01:17.566,11.4,85.1,599,-17.0261,-54.2132,Forward,Counter-Clockwise
22:01:17.652,11.6,83.4,599,-16.5542,-55.0426,Forward,Counter-Clockwise
22:01:17.739,11.5,84.5,599,-16.4733,-54.5201,Backward,Stable
22:01:17.814,13.3,72.8,599,-16.1556,-55.2094,Forward,Counter-Clockwise
22:01:17.892,12.8,75.7,599,-16.3798,-56.1611,Forward,Stable
22:01:17.981,11.2,86.6,599,-16.9059,-56.1734,Right,Tilt Up
22:01:18.067,11.6,83.7,599,-17.6155,-55.5058,Forward,Stable
22:01:18.144,13.0,74.7,599,-16.7952,-56.0739,Backward,Stable
22:01:18.223,12.7,76.6,599,-16.5950,-56.0624,Right,Tilt Down
22:01:18.306,12.0,80.8,599,-17.5902,-56.0195,Right,Stable
22:01:18.402,10.4,93.5,599,-17.8655,-56.9663,Forward,Stable
22:01:18.480,12.8,75.8,599,-17.8446,-56.0301,Backward,Stable
22:01:18.563,12.1,79.9,599,-18.0556,-56.9549,Forward,Counter-Clockwise
22:01:18.651,11.3,86.0,599,-17.7622,-57.4741,Forward,Stable
22:01:18.740,11.2,86.9,599,-17.4497,-57.9889,Forward,Clockwise
22:01:18.820,12.5,77.9,599,-17.2218,-58.9626,Forward,Stable
22:01:18.909,11.3,86.4,599,-17.1323,-58.8933,Up,Pan Right
22:01:18.996,11.5,84.5,599,-17.4180,-58.0028,Forward,Stable
22:01:19.079,12.0,80.9,599,-17.3051,-58.2745,Up,Pan Left
22:01:19.165,11.6,83.7,599,-16.9069,-58.9056,Forward,Clockwise
22:01:19.256,11.0,88.6,599,-16.4801,-59.3244,Forward,Stable
22:01:19.338,12.2,79.6,599,-15.9441,-59.8639,Forward,Stable
22:01:19.435,10.3,94.5,599,-15.4318,-60.2434,Forward,Stable
22:01:19.531,10.3,94.3,599,-15.1049,-60.9047,Forward,Stable
22:01:19.620,11.3,85.9,599,-14.5758,-60.1381,Right,Stable
22:01:19.703,12.0,81.1,599,-13.7692,-59.5611,Right,Tilt Down
22:01:19.793,11.1,87.7,599,-13.0973,-59.0764,Up,Stable
22:01:19.881,11.3,86.1,599,-12.1414,-59.2287,Right,Stable
22:01:19.958,13.0,74.2,599,-11.8938,-58.3436,Forward,Stable
22:01:20.046,11.4,85.2,599,-11.6466,-57.4471,Forward,Clockwise
22:01:20.133,11.5,84.8,599,-12.4617,-57.9952,Right,Stable
22:01:20.216,12.1,80.3,599,-13.3471,-58.4594,Right,Tilt Down
22:01:20.302,11.5,84.5,599,-12.3968,-58.5406,Up,Pan Right
22:01:20.379,13.0,74.8,599,-12.2005,-57.5665,Forward,Stable
22:01:20.467,11.4,85.6,599,-11.8014,-56.6538,Forward,Stable
22:01:20.560,10.8,90.5,599,-11.4739,-55.7861,Forward,Stable
22:01:20.658,10.3,95.1,599,-11.3017,-54.8132,Forward,Counter-Clockwise
22:01:20.751,10.7,90.9,599,-11.5274,-53.8399,Forward,Counter-Clockwise
22:01:20.830,12.6,77.0,599,-12.1134,-53.0315,Forward,Stable
22:01:20.915,11.7,83.1,599,-11.5951,-53.8788,Backward,Stable
22:01:21.004,11.3,86.5,599,-11.1197,-54.7535,Backward,Stable
22:01:21.083,12.8,76.1,599,-11.7072,-53.9518,Forward,Counter-Clockwise
22:01:21.171,11.3,86.0,599,-12.1057,-53.0348,Forward,Stable
22:01:21.260,11.3,86.4,599,-12.3485,-52.0880,Forward,Stable
22:01:21.338,12.8,75.9,599,-12.6233,-51.1275,Forward,Stable
22:01:21.426,11.3,85.9,599,-12.7124,-50.2843,Forward,Counter-Clockwise
22:01:21.513,11.5,84.5,599,-13.6185,-50.4836,Right,Tilt Up
22:01:21.605,10.9,89.8,599,-14.2160,-51.2732,Forward,Stable
22:01:21.693,11.4,85.8,599,-14.7859,-52.0790,Forward,Stable
22:01:21.779,11.6,83.8,599,-15.2292,-52.9742,Forward,Stable
22:01:21.865,11.7,83.5,599,-15.6459,-53.8811,Forward,Stable
22:01:21.954,11.2,86.6,599,-16.2070,-54.6650,Forward,Counter-Clockwise
22:01:22.041,11.5,84.8,599,-15.2279,-54.6664,Forward,Stable
22:01:22.121,12.4,78.1,599,-14.2354,-54.6584,Forward,Stable
22:01:22.210,11.2,86.8,599,-14.3596,-55.4251,Down,Stable
22:01:22.300,11.1,87.6,599,-13.4007,-55.6812,Forward,Clockwise
22:01:22.380,12.5,77.5,599,-14.1500,-55.6507,Forward,Stable
22:01:22.464,12.0,81.4,599,-14.5229,-54.7423,Up,Stable
22:01:22.552,11.4,85.8,599,-15.4079,-55.2022,Forward,Stable
22:01:22.637,11.7,82.9,599,-16.1333,-55.8593,Forward,Stable
22:01:22.730,10.8,90.1,599,-16.3539,-55.6875,Up,Stable
22:01:22.823,10.7,91.5,599,-17.2432,-56.1032,Forward,Stable
22:01:22.914,11.0,88.9,599,-16.4952,-55.4622,Backward,Stable
22:01:23.006,10.9,89.3,599,-17.2565,-56.0890,Forward,Stable
22:01:23.085,12.7,76.3,599,-18.0497,-56.6385,Forward,Stable
22:01:23.169,11.9,81.8,599,-18.8225,-56.0122,Up,Stable
22:01:23.262,10.8,90.4,599,-17.9352,-55.5530,Backward,Stable
22:01:23.357,10.4,93.4,599,-18.8163,-56.0144,Forward,Counter-Clockwise
22:01:23.441,12.0,81.3,599,-19.8122,-56.0499,Backward,Stable
22:01:23.527,11.6,83.8,599,-18.8158,-55.9828,Forward,Clockwise
22:01:23.621,10.7,91.3,599,-19.6626,-56.5022,Forward,Stable
22:01:23.703,12.1,80.3,599,-20.1578,-55.8509,Up,Pan Right
22:01:23.798,10.6,92.1,599,-19.2763,-55.7510,Forward,Stable
22:01:23.883,11.7,83.3,599,-18.4840,-55.6170,Forward,Stable
22:01:23.965,12.3,78.9,599,-18.2523,-56.5802,Up,Pan Right
22:01:24.044,12.6,77.1,599,-19.1925,-56.8698,Forward,Stable
22:01:24.120,13.2,73.2,599,-20.0565,-57.0601,Forward,Clockwise
22:01:24.199,12.6,76.9,599,-19.2052,-57.4808,Forward,Stable
22:01:24.281,12.1,80.4,599,-18.9199,-56.7354,Right,Tilt Up
22:01:24.364,12.1,80.6,599,-18.8307,-55.8757,Forward,Clockwise
22:01:24.446,12.2,79.6,599,-19.8026,-55.7844,Right,Stable
22:01:24.526,12.5,78.0,599,-19.6749,-54.8862,Forward,Stable
22:01:24.607,12.5,77.9,599,-19.8138,-54.0208,Forward,Counter-Clockwise
22:01:24.695,11.4,85.6,599,-19.6762,-53.0629,Forward,Clockwise
22:01:24.768,13.6,71.3,599,-20.1787,-52.4537,Right,Tilt Down
22:01:24.863,10.5,92.6,599,-20.7923,-53.0719,Right,Stable
22:01:24.960,10.4,94.1,599,-20.6627,-52.3853,Up,Stable
22:01:25.037,13.0,74.7,599,-20.8407,-52.9686,Right,Tilt Up
22:01:25.117,12.4,78.1,599,-20.8341,-52.0503,Forward,Stable
22:01:25.199,12.3,79.3,599,-19.9133,-52.0970,Up,Stable
22:01:25.281,12.2,79.8,599,-19.8151,-51.2416,Forward,Clockwise
22:01:25.368,11.4,85.6,599,-20.4927,-50.6549,Forward,Counter-Clockwise
22:01:25.457,11.2,86.6,599,-20.5531,-49.6889,Forward,Counter-Clockwise
22:01:25.540,12.0,80.9,599,-20.0636,-48.8620,Right,Tilt Down
22:01:25.633,10.8,90.5,599,-20.3705,-49.7801,Up,Stable
22:01:25.716,12.2,80.0,599,-19.5123,-50.2859,Forward,Clockwise
22:01:25.793,12.9,75.3,599,-20.3723,-50.7901,Forward,Stable
22:01:25.872,12.6,77.0,599,-20.7903,-51.6270,Forward,Clockwise
22:01:25.970,10.2,95.3,599,-21.7149,-51.7262,Up,Stable
22:01:26.055,11.8,82.5,599,-22.1046,-50.8083,Backward,Stable
22:01:26.149,10.6,91.9,599,-22.5730,-49.9389,Backward,Stable
22:01:26.241,10.9,89.2,599,-22.3459,-50.8745,Forward,Counter-Clockwise
22:01:26.333,10.9,89.5,599,-22.7378,-51.6644,Forward,Stable
22:01:26.407,13.5,71.7,599,-22.5952,-50.8856,Backward,Stable
22:01:26.497,11.1,88.1,599,-22.9023,-51.6531,Forward,Clockwise
22:01:26.576,12.7,76.4,599,-22.2276,-52.3906,Forward,Counter-Clockwise
22:01:26.658,12.1,80.1,599,-21.9113,-53.1925,Forward,Counter-Clockwise
22:01:26.747,11.3,86.1,599,-21.9363,-53.9550,Forward,Stable
22:01:26.822,13.2,73.3,599,-21.9487,-54.8051,Forward,Stable
22:01:26.906,12.0,80.9,599,-22.0774,-55.7357,Forward,Clockwise
22:01:26.997,10.9,89.2,599,-21.5331,-56.0186,Forward,Stable
22:01:27.083,11.6,84.1,599,-22.0769,-55.3334,Backward,Clockwise
22:01:27.168,11.8,82.7,599,-22.5396,-56.2045,Forward,Stable
22:01:27.253,11.8,82.7,599,-22.8139,-57.1650,Forward,Counter-Clockwise
22:01:27.335,12.2,79.6,599,-22.4679,-57.0768,Up,Pan Right
22:01:27.418,12.1,80.5,599,-22.5996,-56.1626,Forward,Clockwise
22:01:27.503,11.8,82.4,599,-22.9740,-55.2466,Forward,Stable
22:01:27.592,11.3,86.4,599,-22.1398,-55.6781,Right,Stable
22:01:27.667,13.2,73.2,599,-22.4411,-54.7679,Forward,Clockwise
22:01:27.748,12.3,78.9,599,-22.6132,-53.7842,Forward,Stable
22:01:27.836,11.4,85.6,599,-23.2130,-54.0396,Right,Stable
22:01:27.915,12.7,76.7,599,-24.0859,-53.9323,Down,Stable
22:01:28.001,11.7,83.1,599,-23.3352,-54.0955,Up,Pan Left
22:01:28.084,12.0,80.9,599,-23.0898,-55.0400,Forward,Stable
22:01:28.170,11.6,83.8,599,-22.2672,-54.7475,Right,Tilt Down
22:01:28.250,12.5,78.1,599,-22.1908,-53.7516,Forward,Stable
22:01:28.341,11.0,88.3,599,-21.2486,-53.7230,Right,Stable
22:01:28.416,13.4,72.2,599,-21.3806,-52.7483,Forward,Stable
22:01:28.497,12.2,79.3,599,-21.5867,-51.7698,Forward,Stable
22:01:28.574,13.0,74.8,599,-21.8555,-51.9675,Up,Stable
22:01:28.652,12.8,74.2,599,-20.9029,-51.8659,Right,Stable
22:01:28.732,12.6,77.3,599,-21.0418,-50.8756,Forward,Stable
22:01:28.816,11.9,81.7,599,-21.2670,-49.9039,Forward,Stable
22:01:28.894,12.9,75.5,599,-20.5085,-49.7988,Up,Pan Left
22:01:28.977,11.9,81.5,599,-20.0174,-50.5621,Forward,Stable
22:01:29.065,11.4,85.3,599,-19.8796,-51.4443,Forward,Stable
22:01:29.151,11.7,83.1,599,-19.3222,-51.5931,Forward,Counter-Clockwise
22:01:29.250,10.0,96.9,599,-19.7679,-51.4908,Forward,Clockwise
22:01:29.332,12.2,79.7,599,-19.1836,-51.5241,Forward,Stable
22:01:29.419,11.5,84.7,599,-19.7699,-50.7944,Right,Tilt Down
22:01:29.511,10.9,89.7,599,-19.0448,-51.3280,Up,Stable
22:01:29.600,11.3,86.5,599,-18.3530,-50.9159,Forward,Stable
22:01:29.677,13.0,74.7,599,-17.6508,-50.7636,Forward,Clockwise
22:01:29.760,12.0,80.9,599,-18.4174,-50.4063,Forward,Stable
22:01:29.851,11.0,88.7,599,-19.2581,-50.2715,Forward,Counter-Clockwise
22:01:29.928,13.0,74.8,599,-19.0276,-51.0728,Right,Stable
22:01:30.012,12.0,81.2,599,-18.3085,-50.5965,Forward,Clockwise
22:01:30.100,11.4,85.8,599,-19.1435,-50.3665,Forward,Counter-Clockwise
22:01:30.179,12.6,77.1,599,-18.6125,-49.9371,Up,Stable
22:01:30.270,11.1,87.9,599,-17.9971,-49.6849,Up,Pan Right
22:01:30.353,12.0,80.7,599,-18.1187,-48.7907,Right,Stable
22:01:30.439,11.6,83.9,599,-17.9169,-49.3146,Forward,Counter-Clockwise
22:01:30.521,12.1,80.0,599,-17.9704,-49.7676,Forward,Stable
22:01:30.609,11.4,85.7,599,-17.9750,-50.1962,Forward,Stable
22:01:30.687,12.8,75.6,599,-17.9442,-50.5918,Forward,Stable
22:01:30.777,11.2,87.1,599,-18.0115,-50.2710,Backward,Stable
22:01:30.862,11.8,82.7,599,-17.9442,-50.5684,Forward,Stable
22:01:30.941,12.5,77.4,599,-17.9606,-50.6549,Forward,Stable
22:01:31.032,11.0,88.3,599,-17.9844,-50.3871,Backward,Stable
22:01:31.112,12.5,78.0,599,-17.5539,-51.2529,Left,Stable
22:01:31.195,12.1,80.3,599,-17.4972,-51.5318,Forward,Stable
22:01:31.273,12.8,75.7,599,-17.4411,-51.8486,Forward,Stable
22:01:31.362,11.3,86.3,599,-17.4996,-51.6037,Backward,Stable
22:01:31.457,10.5,92.4,599,-16.5701,-51.2582,Up,Pan Right
22:01:31.533,13.1,74.2,599,-17.5152,-50.9364,Forward,Stable
22:01:31.621,11.3,85.9,599,-18.4747,-50.6673,Forward,Counter-Clockwise
22:01:31.697,13.2,73.4,599,-17.7856,-49.9764,Forward,Clockwise
22:01:31.779,12.3,79.3,599,-17.0513,-50.3596,Right,Tilt Down
22:01:31.870,11.0,88.8,599,-17.7617,-49.6560,Forward,Stable
22:01:31.960,11.1,87.5,599,-17.4936,-49.4036,Up,Stable
22:01:32.044,11.9,81.7,599,-18.2274,-48.8149,Forward,Stable
22:01:32.127,11.9,81.5,599,-18.7170,-47.9437,Forward,Counter-Clockwise
22:01:32.211,11.9,81.5,599,-18.3906,-48.0178,Down,Stable
22:01:32.287,13.1,73.9,599,-19.3017,-47.7542,Right,Stable
22:01:32.364,13.1,74.2,599,-19.0364,-46.8212,Forward,Stable
22:01:32.463,10.1,96.6,599,-18.6837,-45.8936,Forward,Stable
22:01:32.551,11.3,86.4,599,-18.3223,-44.9624,Forward,Stable
22:01:32.644,10.8,90.3,599,-18.4835,-45.9492,Backward,Stable
22:01:32.740,10.5,93.3,599,-18.3908,-44.9540,Forward,Stable
22:01:32.836,10.4,93.6,599,-17.9188,-44.0729,Forward,Counter-Clockwise
22:01:32.930,10.6,92.0,599,-18.6557,-44.0211,Forward,Clockwise
22:01:33.027,10.3,94.3,599,-18.0953,-43.1956,Forward,Counter-Clockwise
22:01:33.121,10.6,91.9,599,-18.8914,-42.6331,Forward,Counter-Clockwise
22:01:33.208,11.6,84.3,599,-19.6833,-42.2875,Up,Pan Right
22:01:33.301,10.7,90.8,599,-19.6693,-42.8996,Forward,Stable
22:01:33.394,10.8,90.6,599,-19.6136,-43.2086,Forward,Counter-Clockwise
22:01:33.488,10.6,91.9,599,-20.5559,-43.2067,Right,Tilt Down
22:01:33.581,10.7,90.9,599,-20.7734,-42.2562,Forward,Stable
22:01:33.667,11.6,82.4,599,-20.5257,-43.0239,Backward,Stable
22:01:33.754,11.5,84.3,599,-20.8090,-42.1049,Forward,Stable
22:01:33.847,10.7,91.1,599,-21.1298,-41.1956,Forward,Counter-Clockwise
22:01:33.938,11.1,88.0,599,-22.0825,-41.4948,Up,Stable
22:01:34.030,10.8,90.1,599,-22.4973,-40.6091,Forward,Stable
22:01:34.115,11.8,82.5,599,-22.1177,-41.5210,Backward,Stable
22:01:34.208,10.8,90.5,599,-22.4968,-40.6051,Forward,Clockwise
22:01:34.299,11.0,88.9,599,-22.4258,-41.5449,Backward,Stable
22:01:34.388,11.3,86.3,599,-22.3388,-42.4744,Backward,Stable
22:01:34.477,11.2,86.6,599,-22.6112,-41.5123,Forward,Clockwise
22:01:34.571,10.7,91.5,599,-23.1880,-41.9180,Backward,Clockwise
22:01:34.669,10.2,95.3,599,-23.7221,-42.7510,Right,Stable
22:01:34.762,10.7,91.2,599,-24.0587,-42.2489,Forward,Clockwise
22:01:34.854,10.8,89.9,599,-24.3448,-41.4934,Forward,Stable
22:01:34.953,10.1,96.4,599,-23.5415,-41.7694,Right,Tilt Down
22:01:35.050,10.3,94.7,599,-22.6258,-41.8782,Forward,Stable
22:01:35.151,9.9,98.4,599,-21.9214,-41.3792,Forward,Clockwise
22:01:35.236,11.8,82.6,599,-22.7379,-40.9950,Forward,Counter-Clockwise
22:01:35.327,11.0,88.6,599,-21.8253,-41.0998,Forward,Counter-Clockwise
22:01:35.416,11.2,86.7,599,-22.1554,-40.2492,Right,Tilt Down
22:01:35.505,11.3,86.5,599,-21.9643,-39.5740,Up,Stable
22:01:35.601,10.3,94.2,599,-22.8145,-40.0531,Forward,Counter-Clockwise
22:01:35.695,10.7,90.9,599,-22.0427,-40.2709,Forward,Counter-Clockwise
22:01:35.792,10.3,94.9,599,-22.8727,-40.4413,Forward,Counter-Clockwise
22:01:35.887,10.6,92.3,599,-23.0707,-40.7092,Right,Stable
22:01:35.982,10.5,92.7,599,-23.3262,-40.7169,Right,Stable
22:01:36.075,10.7,90.9,599,-22.3385,-40.7100,Forward,Stable
22:01:36.169,10.7,91.3,599,-22.7054,-40.0874,Up,Stable
22:01:36.264,10.5,93.1,599,-22.5959,-39.0938,Up,Stable
22:01:36.361,10.3,94.7,599,-21.6048,-39.1026,Forward,Counter-Clockwise
22:01:36.456,10.5,92.8,599,-22.1742,-39.8990,Forward,Clockwise
22:01:36.556,10.0,97.2,599,-21.3226,-40.2232,Forward,Stable
22:01:36.648,10.8,90.0,599,-20.4372,-40.6384,Forward,Stable
22:01:36.744,10.5,93.1,599,-19.6083,-41.1694,Forward,Stable
22:01:36.839,10.4,93.4,599,-19.9288,-41.7511,Right,Stable
22:01:36.934,10.5,92.5,599,-19.4373,-40.9838,Up,Stable
22:01:37.028,10.7,91.3,599,-18.6429,-41.5364,Forward,Stable
22:01:37.121,10.7,90.9,599,-18.1901,-40.6871,Up,Pan Right
22:01:37.213,10.9,89.4,599,-18.8384,-40.3557,Forward,Counter-Clockwise
22:01:37.308,10.6,92.1,599,-17.9923,-40.2477,Right,Stable
22:01:37.396,11.3,85.9,599,-17.8073,-39.4685,Forward,Clockwise
22:01:37.488,10.9,89.4,599,-18.2814,-39.3665,Forward,Stable
22:01:37.585,10.3,94.9,599,-18.7595,-39.3195,Forward,Stable
22:01:37.684,10.2,96.1,599,-19.4323,-39.4695,Forward,Stable
22:01:37.775,10.9,89.2,599,-19.9084,-39.3820,Forward,Stable
22:01:37.868,10.7,91.1,599,-20.7388,-39.2563,Right,Stable
22:01:37.963,10.6,92.0,599,-21.4148,-39.3890,Forward,Counter-Clockwise
22:01:38.054,11.0,88.6,599,-20.9400,-39.2472,Forward,Stable
22:01:38.151,10.3,95.1,599,-20.4009,-39.1678,Forward,Stable
22:01:38.246,10.6,92.0,599,-19.8497,-38.8113,Forward,Counter-Clockwise
22:01:38.338,10.8,89.9,599,-20.6497,-38.3600,Right,Stable
22:01:38.430,10.9,89.4,599,-21.1689,-38.9727,Forward,Stable
22:01:38.529,10.1,97.0,599,-21.1457,-39.7257,Up,Pan Right
22:01:38.621,10.9,89.5,599,-20.3476,-39.1499,Forward,Stable
22:01:38.720,10.1,96.9,599,-19.4994,-38.6253,Forward,Stable
22:01:38.814,10.6,91.7,599,-18.6446,-38.1062,Forward,Clockwise
22:01:38.907,10.8,90.5,599,-18.2707,-39.0239,Right,Stable
22:01:39.004,10.3,95.1,599,-19.1518,-38.5981,Forward,Stable
22:01:39.103,10.2,94.4,599,-19.3583,-38.6431,Right,Tilt Down
22:01:39.199,10.3,94.3,599,-19.7647,-38.1315,Backward,Stable
22:01:39.295,10.4,93.6,599,-19.4298,-38.7926,Forward,Counter-Clockwise
22:01:39.392,10.3,94.2,599,-19.3685,-39.0327,Forward,Clockwise
22:01:39.486,10.6,91.9,599,-19.5205,-39.9815,Forward,Stable
22:01:39.581,10.6,92.2,599,-19.7073,-40.9322,Forward,Stable
22:01:39.674,10.7,91.4,599,-20.0470,-41.8169,Forward,Stable
22:01:39.769,10.5,92.2,599,-20.4306,-42.6534,Forward,Stable
22:01:39.863,10.6,91.6,599,-20.7876,-43.4978,Forward,Stable
22:01:39.960,10.3,94.3,599,-21.1394,-44.3338,Forward,Stable
22:01:40.057,10.3,94.9,599,-21.0769,-45.2839,Forward,Stable
22:01:40.151,10.6,91.6,599,-21.2112,-46.1893,Forward,Clockwise
22:01:40.246,10.6,92.0,599,-21.5970,-45.5720,Backward,Stable
22:01:40.342,10.3,94.6,599,-21.0632,-45.8946,Forward,Counter-Clockwise
22:01:40.436,10.7,90.7,599,-21.7258,-46.3456,Forward,Counter-Clockwise
22:01:40.525,11.1,87.5,599,-21.0917,-47.0029,Forward,Stable
22:01:40.618,10.8,89.9,599,-20.5692,-47.6036,Forward,Clockwise
22:01:40.713,10.4,93.3,599,-20.0715,-47.6812,Down,Stable
22:01:40.814,10.0,97.9,599,-20.3558,-48.6198,Forward,Stable
22:01:40.906,10.9,89.7,599,-20.5915,-49.5663,Forward,Stable
22:01:41.000,10.7,91.4,599,-20.9571,-50.4811,Forward,Stable
22:01:41.091,10.9,89.1,599,-21.4230,-51.2496,Forward,Stable
22:01:41.191,10.0,97.8,599,-21.9459,-52.0144,Forward,Stable
22:01:41.289,10.3,95.2,599,-22.3590,-52.9026,Forward,Stable
22:01:41.383,10.6,91.6,599,-22.6376,-53.8612,Forward,Clockwise
22:01:41.476,10.7,91.0,599,-21.7365,-53.9509,Forward,Stable
22:01:41.568,10.8,90.1,599,-21.5115,-53.1692,Up,Pan Left
22:01:41.656,11.4,85.2,599,-21.8654,-53.6806,Up,Pan Left
22:01:41.750,10.7,91.5,599,-22.5379,-53.1881,Right,Tilt Down
22:01:41.847,10.3,95.3,599,-22.2958,-52.8652,Forward,Stable
22:01:41.937,11.2,87.3,599,-22.5316,-53.1272,Backward,Stable
22:01:42.033,10.4,93.3,599,-22.9303,-53.9121,Right,Tilt Down
22:01:42.130,10.2,95.0,599,-22.6728,-52.9482,Up,Stable
22:01:42.223,10.8,90.2,599,-22.0346,-53.2483,Forward,Stable
22:01:42.315,10.8,90.1,599,-21.4695,-53.2575,Forward,Stable
22:01:42.409,10.7,90.9,599,-21.6570,-52.9125,Backward,Stable
22:01:42.508,10.0,97.3,599,-21.1754,-53.1097,Forward,Clockwise
22:01:42.602,10.7,91.4,599,-21.8871,-52.4389,Up,Pan Right
22:01:42.696,10.7,91.2,599,-22.2353,-52.0898,Forward,Stable
22:01:42.793,10.3,95.0,599,-22.5500,-52.0927,Forward,Clockwise
22:01:42.885,10.9,89.8,599,-22.8544,-51.7184,Forward,Clockwise
22:01:42.979,10.7,91.3,599,-22.0058,-51.6960,Up,Stable
22:01:43.074,10.5,93.0,599,-22.5546,-51.6042,Forward,Counter-Clockwise
22:01:43.165,11.1,88.0,599,-23.3160,-50.9596,Up,Pan Right
22:01:43.260,10.5,92.8,599,-24.2181,-51.3908,Forward,Stable
22:01:43.354,10.6,91.8,599,-23.3178,-50.9605,Backward,Stable
22:01:43.446,10.8,90.2,599,-22.8026,-50.4666,Up,Stable
22:01:43.542,10.5,92.7,599,-23.7396,-50.7477,Forward,Stable
22:01:43.643,9.8,99.3,599,-24.6782,-51.0336,Forward,Counter-Clockwise
22:01:43.735,10.9,89.7,599,-23.7023,-51.1966,Forward,Stable
22:01:43.825,11.1,87.4,599,-22.7202,-51.2375,Forward,Stable
22:01:43.922,10.3,95.0,599,-22.9629,-51.5831,Up,Stable
22:01:44.013,11.0,88.8,599,-21.9806,-51.4620,Forward,Stable
22:01:44.101,11.5,85.0,599,-21.0168,-51.6902,Forward,Stable
22:01:44.183,12.2,79.7,599,-20.0548,-51.7626,Forward,Stable
22:01:44.267,11.8,82.2,599,-19.8318,-50.9559,Right,Tilt Down
22:01:44.357,11.1,87.9,599,-19.4619,-50.1806,Forward,Stable
22:01:44.450,10.8,90.0,599,-19.8535,-50.8759,Backward,Stable
22:01:44.536,11.6,84.0,599,-20.7795,-50.5579,Up,Stable
22:01:44.631,10.5,92.7,599,-20.4258,-49.8302,Forward,Clockwise
22:01:44.726,10.6,92.2,599,-19.7921,-50.3097,Backward,Stable
22:01:44.820,10.6,92.2,599,-19.5651,-50.9113,Right,Tilt Up
22:01:44.908,11.4,85.6,599,-20.0447,-51.7717,Forward,Stable
22:01:44.985,12.9,75.2,599,-20.6064,-52.5756,Forward,Stable
22:01:45.063,12.8,75.8,599,-20.8773,-52.1347,Right,Tilt Down
22:01:45.131,14.7,65.6,599,-20.9088,-51.2471,Forward,Clockwise
22:01:45.209,12.8,75.1,599,-21.5678,-50.6719,Forward,Stable
22:01:45.293,12.0,81.0,599,-22.1780,-50.0750,Forward,Stable
22:01:45.362,14.4,67.4,599,-22.7673,-49.7471,Forward,Clockwise
22:01:45.435,13.8,70.1,599,-23.1594,-48.9753,Up,Stable
22:01:45.510,13.3,72.7,599,-22.8629,-49.2669,Right,Stable
22:01:45.599,11.2,86.7,599,-22.1851,-48.6087,Forward,Stable
22:01:45.674,13.2,73.3,599,-21.3554,-48.2227,Forward,Stable
22:01:45.762,11.5,84.8,599,-20.6246,-47.6127,Forward,Stable
22:01:45.836,13.5,71.8,599,-20.1142,-46.9527,Forward,Clockwise
22:01:45.917,12.4,78.6,599,-19.5632,-46.6491,Right,Tilt Up
22:01:45.995,12.7,76.4,599,-19.7698,-46.9889,Up,Pan Right
22:01:46.063,14.8,65.3,599,-19.2381,-47.4374,Backward,Stable
22:01:46.139,13.1,73.7,599,-19.6222,-46.7706,Forward,Stable
22:01:46.215,13.3,73.0,599,-19.9713,-46.1052,Forward,Stable
22:01:46.305,11.1,88.1,599,-20.6963,-45.6997,Forward,Clockwise
22:01:46.376,14.0,69.0,599,-20.8230,-46.6795,Backward,Stable
22:01:46.467,11.0,88.3,599,-20.7038,-45.6940,Forward,Clockwise
22:01:46.548,12.3,78.9,599,-21.3796,-45.0240,Forward,Counter-Clockwise
22:01:46.636,11.4,85.4,599,-21.3212,-44.0428,Forward,Stable
22:01:46.708,13.9,69.8,599,-21.1729,-43.0543,Forward,Counter-Clockwise
22:01:46.786,12.9,75.4,599,-20.3829,-42.8558,Right,Stable
22:01:46.862,13.2,73.6,599,-19.9456,-43.0973,Right,Tilt Down
22:01:46.941,12.6,77.1,599,-18.9777,-42.8504,Right,Tilt Down
22:01:47.018,12.9,75.0,599,-19.1779,-42.0802,Forward,Stable
22:01:47.096,12.9,75.3,599,-19.3785,-41.3253,Forward,Stable
22:01:47.170,13.4,72.2,599,-19.5509,-40.5372,Forward,Stable
22:01:47.249,12.7,76.5,599,-19.6181,-39.8699,Forward,Counter-Clockwise
22:01:47.334,11.8,82.3,599,-20.2578,-39.1826,Forward,Counter-Clockwise
22:01:47.407,13.7,70.8,599,-19.7116,-38.3668,Forward,Stable
22:01:47.494,11.4,85.2,599,-19.0739,-37.6987,Forward,Stable
22:01:47.570,13.3,73.0,599,-18.4071,-37.0461,Forward,Stable
22:01:47.651,12.3,78.8,599,-17.7036,-36.5044,Forward,Counter-Clockwise
22:01:47.744,10.8,90.3,599,-18.5822,-36.3584,Forward,Counter-Clockwise
22:01:47.815,14.1,68.4,599,-17.6364,-36.5346,Forward,Stable
22:01:47.886,14.0,69.2,599,-16.7121,-36.5906,Forward,Counter-Clockwise
22:01:47.965,12.7,76.6,599,-17.6135,-36.8759,Forward,Stable
22:01:48.046,12.3,78.8,599,-18.5265,-37.1000,Forward,Clockwise
22:01:48.117,14.0,69.0,599,-18.1151,-37.8783,Right,Tilt Up
22:01:48.190,13.7,70.7,599,-17.5515,-38.0829,Forward,Stable
22:01:48.267,13.0,74.5,599,-18.3606,-38.5225,Up,Stable
22:01:48.355,11.4,85.0,599,-17.9082,-38.5218,Forward,Clockwise
22:01:48.428,13.6,71.3,599,-17.5169,-38.4842,Backward,Stable
22:01:48.507,12.7,76.5,599,-16.9720,-38.5300,Backward,Stable
22:01:48.577,14.3,67.7,599,-17.3469,-38.3550,Forward,Stable
22:01:48.652,13.4,72.2,599,-17.6946,-38.2274,Forward,Stable
22:01:48.738,11.6,83.7,599,-18.2213,-38.0462,Forward,Clockwise
22:01:48.839,9.8,99.0,599,-17.5811,-38.4361,Forward,Stable
22:01:48.923,11.9,81.7,599,-17.2900,-38.5491,Forward,Counter-Clockwise
22:01:48.992,14.5,66.6,599,-17.8616,-39.0104,Forward,Stable
22:01:49.071,12.6,77.0,599,-18.4342,-39.4006,Forward,Stable
22:01:49.153,12.3,79.1,599,-18.6905,-39.6280,Forward,Stable
22:01:49.237,11.9,81.9,599,-19.0727,-39.9288,Forward,Clockwise
22:01:49.309,14.0,69.1,599,-18.7459,-40.3652,Forward,Stable
22:01:49.389,12.5,78.0,599,-19.1936,-39.9940,Backward,Stable
22:01:49.475,11.6,84.2,599,-18.7125,-40.4467,Forward,Stable
22:01:49.545,14.4,67.2,599,-18.2633,-40.8635,Forward,Stable
22:01:49.623,12.8,75.6,599,-17.5641,-41.0558,Forward,Stable
22:01:49.696,13.7,70.8,599,-18.4244,-41.0515,Up,Pan Right
22:01:49.783,11.5,84.3,599,-19.0547,-40.3633,Forward,Stable
22:01:49.868,11.8,82.7,599,-20.0132,-40.1681,Forward,Counter-Clockwise
22:01:49.952,11.8,82.5,599,-19.3495,-39.4232,Forward,Stable
22:01:50.031,12.7,76.2,599,-20.0843,-38.7762,Up,Stable
22:01:50.105,13.5,71.5,599,-19.4462,-38.0072,Forward,Clockwise
22:01:50.188,12.0,81.3,599,-20.3166,-37.8103,Forward,Counter-Clockwise
22:01:50.258,14.4,67.0,599,-19.3658,-37.5922,Forward,Counter-Clockwise
22:01:50.344,11.6,83.9,599,-20.1429,-38.0055,Forward,Stable
22:01:50.417,13.7,70.9,599,-19.9276,-37.4596,Up,Pan Left
22:01:50.485,14.6,66.1,599,-19.0735,-37.0336,Forward,Clockwise
22:01:50.565,12.5,77.6,599,-20.0688,-36.9375,Forward,Counter-Clockwise
22:01:50.643,12.8,75.7,599,-19.1597,-36.5400,Forward,Counter-Clockwise
22:01:50.719,13.2,73.2,599,-19.9781,-36.8995,Forward,Stable
22:01:50.798,12.7,76.8,599,-20.8158,-37.3230,Forward,Stable
22:01:50.889,11.0,88.8,599,-20.3019,-37.9070,Up,Pan Right
22:01:50.980,10.9,89.4,599,-20.9793,-38.3853,Right,Tilt Up
22:01:51.064,11.9,81.2,599,-20.0066,-38.2454,Forward,Counter-Clockwise
22:01:51.137,13.7,70.7,599,-20.9155,-38.4125,Forward,Counter-Clockwise
22:01:51.219,12.2,79.9,599,-20.4978,-38.8687,Up,Stable
22:01:51.301,12.2,79.4,599,-19.8209,-38.1605,Forward,Stable
22:01:51.377,13.1,73.8,599,-19.0118,-37.6779,Forward,Clockwise
22:01:51.461,11.9,81.7,599,-19.9948,-37.7065,Forward,Stable
22:01:51.535,13.6,71.4,599,-20.9386,-37.9579,Forward,Counter-Clockwise
22:01:51.605,14.4,67.2,599,-20.9660,-37.1803,Right,Tilt Down
22:01:51.684,12.6,77.0,599,-21.9384,-37.4133,Backward,Stable
22:01:51.757,13.7,70.7,599,-21.8750,-38.1318,Right,Tilt Down
22:01:51.830,13.7,70.5,599,-20.9819,-37.9266,Forward,Counter-Clockwise
22:01:51.915,11.7,83.4,599,-20.8110,-38.1612,Up,Stable
22:01:51.981,15.1,63.9,599,-21.6020,-38.2535,Forward,Stable
22:01:52.072,11.0,88.2,599,-22.5912,-38.3996,Forward,Stable
22:01:52.144,13.9,69.8,599,-23.3399,-38.8852,Forward,Counter-Clockwise
22:01:52.228,11.9,81.4,599,-24.0217,-39.3858,Backward,Stable
22:01:52.300,13.9,69.4,599,-23.4625,-39.8072,Up,Stable
22:01:52.375,13.4,72.6,599,-22.7471,-39.1131,Forward,Stable
22:01:52.459,11.9,81.9,599,-21.9469,-38.7122,Forward,Counter-Clockwise
22:01:52.536,13.1,74.1,599,-22.7612,-38.6667,Forward,Stable
22:01:52.620,11.9,82.1,599,-23.6857,-38.7258,Forward,Clockwise
22:01:52.685,15.5,62.4,599,-23.0191,-38.8972,Forward,Clockwise
22:01:52.765,12.5,77.7,599,-22.8430,-38.5915,Up,Pan Left
22:01:52.838,13.6,71.2,599,-22.6332,-37.7392,Forward,Clockwise
22:01:52.924,11.6,83.7,599,-23.3767,-37.3766,Forward,Stable
22:01:52.993,14.6,66.4,599,-23.9677,-37.4670,Right,Tilt Up
22:01:53.077,11.9,81.8,599,-23.7276,-38.0826,Forward,Clockwise
22:01:53.168,11.0,88.6,599,-23.8239,-39.0778,Forward,Clockwise
22:01:53.244,13.1,74.0,599,-24.4513,-38.5093,Backward,Stable
22:01:53.324,12.5,77.4,599,-25.3829,-38.1518,Right,Stable
22:01:53.406,12.1,80.5,599,-24.6222,-37.7409,Up,Stable
22:01:53.483,13.1,74.1,599,-23.9093,-38.0535,Forward,Clockwise
22:01:53.558,13.2,73.4,599,-24.4042,-38.5686,Forward,Counter-Clockwise
22:01:53.640,12.3,79.0,599,-23.9296,-37.6958,Up,Stable
22:01:53.716,13.2,73.5,599,-23.3072,-36.9226,Up,Pan Right
22:01:53.800,11.9,81.7,599,-23.7176,-36.5198,Forward,Stable
22:01:53.868,14.7,65.7,599,-24.2001,-35.9992,Forward,Clockwise
22:01:53.938,14.2,67.9,599,-23.8463,-35.7928,Forward,Clockwise
22:01:54.014,13.2,73.5,599,-24.1417,-35.1241,Forward,Stable
22:01:54.087,13.6,71.2,599,-24.2807,-34.4437,Forward,Stable
22:01:54.172,11.8,82.4,599,-25.1741,-34.8271,Up,Stable
22:01:54.262,11.1,87.9,599,-25.7103,-35.0375,Forward,Clockwise
22:01:54.336,13.6,71.4,599,-24.8450,-34.5464,Forward,Stable
22:01:54.407,14.0,69.3,599,-24.9600,-34.5539,Right,Stable
22:01:54.479,14.0,69.3,599,-24.1005,-34.1860,Forward,Stable
22:01:54.554,13.3,72.7,599,-23.2126,-33.8270,Forward,Clockwise
22:01:54.640,11.6,84.2,599,-24.1619,-33.8661,Forward,Stable
22:01:54.706,15.3,63.3,599,-25.1487,-33.7616,Forward,Counter-Clockwise
22:01:54.776,14.4,67.2,599,-24.3988,-33.1403,Forward,Clockwise
22:01:54.853,12.9,75.4,599,-25.3230,-33.1228,Forward,Stable
22:01:54.927,13.7,71.0,599,-26.3144,-33.1707,Forward,Stable
22:01:55.005,12.7,76.5,599,-27.3084,-33.2044,Forward,Stable
22:01:55.074,14.5,66.5,599,-28.3022,-33.1363,Forward,Stable
22:01:55.142,14.7,65.7,599,-27.3285,-33.3221,Backward,Stable
22:01:55.217,13.3,73.0,599,-26.4961,-33.8497,Up,Pan Right
22:01:55.295,12.9,75.6,599,-26.4479,-34.4130,Right,Stable
22:01:55.383,11.4,85.1,599,-26.4926,-34.6768,Right,Stable
22:01:55.455,13.8,70.2,599,-25.5288,-34.9400,Forward,Stable
22:01:55.526,14.1,68.5,599,-24.5605,-35.1840,Forward,Stable
22:01:55.602,13.2,73.4,599,-25.5401,-34.9877,Backward,Stable
22:01:55.683,12.2,79.4,599,-25.7048,-35.9585,Right,Tilt Down
22:01:55.762,12.8,76.1,599,-26.5533,-35.4359,Right,Tilt Down
22:01:55.838,13.1,74.3,599,-25.9433,-35.7813,Forward,Counter-Clockwise
22:01:55.919,12.3,78.9,599,-25.3640,-36.5184,Right,Stable
22:01:55.993,13.6,71.0,599,-26.1160,-36.6510,Forward,Stable
22:01:56.066,13.6,71.2,599,-25.7797,-37.5897,Right,Stable
22:01:56.145,12.6,77.0,599,-26.5320,-37.7306,Forward,Clockwise
22:01:56.232,11.5,84.6,599,-26.7661,-38.5007,Right,Tilt Up
22:01:56.302,14.3,67.5,599,-25.7943,-38.2867,Forward,Stable
22:01:56.377,13.3,73.0,599,-24.8283,-38.1139,Forward,Counter-Clockwise
22:01:56.461,12.0,80.9,599,-25.7056,-38.5898,Forward,Stable
22:01:56.539,12.8,76.0,599,-26.6692,-38.8466,Forward,Clockwise
22:01:56.604,15.4,62.4,599,-26.5417,-38.5905,Up,Stable
22:01:56.682,12.8,75.4,599,-25.5594,-38.4308,Forward,Counter-Clockwise
22:01:56.756,13.5,71.5,599,-26.5425,-38.5600,Forward,Stable
22:01:56.831,13.3,73.0,599,-27.4716,-38.2605,Forward,Clockwise
22:01:56.904,13.8,70.3,599,-26.8103,-38.9670,Forward,Stable
22:01:56.971,14.8,65.2,599,-26.0898,-39.6144,Forward,Stable
22:01:57.052,12.4,78.3,599,-25.5314,-39.1188,Right,Tilt Up
22:01:57.125,13.7,70.5,599,-25.3607,-40.0293,Up,Pan Right
22:01:57.201,13.2,73.3,599,-26.1099,-39.3853,Right,Stable
22:01:57.268,14.8,65.3,599,-26.2445,-39.5126,Up,Stable
22:01:57.345,13.0,74.7,599,-25.6432,-40.1438,Forward,Clockwise
22:01:57.416,14.1,68.8,599,-24.6511,-40.0318,Up,Stable
22:01:57.506,11.2,87.3,599,-23.8753,-40.6512,Up,Pan Left
22:01:57.578,13.8,70.4,599,-24.1632,-40.1176,Up,Stable
22:01:57.657,12.7,76.4,599,-24.5122,-39.4714,Forward,Stable
22:01:57.736,12.6,76.9,599,-24.3428,-38.7585,Forward,Clockwise
22:01:57.824,11.5,84.9,599,-24.1498,-38.5208,Backward,Stable
22:01:57.900,13.1,74.1,599,-23.2070,-38.7807,Right,Stable
22:01:57.979,12.6,76.9,599,-22.2174,-38.7400,Right,Tilt Down
22:01:58.054,13.4,72.5,599,-21.3108,-38.7350,Right,Stable
22:01:58.132,12.9,75.3,599,-21.5847,-38.8382,Forward,Stable
22:01:58.206,13.4,72.6,599,-22.0059,-38.9043,Forward,Clockwise
22:01:58.294,11.5,84.9,599,-21.5035,-38.9044,Forward,Stable
22:01:58.369,13.3,72.7,599,-21.0822,-39.1299,Forward,Clockwise
22:01:58.453,11.8,82.2,599,-21.5316,-39.3485,Forward,Counter-Clockwise
22:01:58.528,13.4,72.3,599,-21.1543,-39.5538,Forward,Stable
22:01:58.618,11.1,87.4,599,-20.5888,-39.7963,Forward,Stable
22:01:58.693,13.3,73.1,599,-20.1703,-40.2923,Forward,Stable
22:01:58.773,12.6,77.4,599,-19.5630,-40.5825,Forward,Stable
22:01:58.844,14.0,69.2,599,-19.1296,-41.1021,Forward,Stable
22:01:58.920,13.2,73.3,599,-18.5760,-41.5272,Forward,Clockwise
22:01:58.992,13.9,69.6,599,-17.6747,-41.9144,Right,Stable
22:01:59.071,12.6,76.7,599,-17.4504,-41.3408,Backward,Stable
22:01:59.148,13.0,74.9,599,-17.5381,-41.9487,Forward,Clockwise
22:01:59.228,12.4,78.2,599,-17.2780,-42.4776,Forward,Clockwise
22:01:59.314,11.7,83.4,599,-17.5033,-43.0318,Forward,Stable
22:01:59.387,13.8,70.4,599,-17.5457,-43.4439,Forward,Clockwise
22:01:59.460,13.6,71.1,599,-17.2730,-44.1027,Forward,Stable
22:01:59.536,13.1,73.9,599,-18.0909,-44.3756,Up,Pan Right
22:01:59.620,11.9,81.4,599,-17.5164,-45.1919,Backward,Stable
22:01:59.704,11.9,81.3,599,-17.9908,-44.3123,Forward,Stable
22:01:59.785,12.3,79.3,599,-18.4173,-43.5015,Forward,Clockwise
22:01:59.856,14.2,68.1,599,-18.9664,-43.1281,Right,Tilt Up
22:01:59.927,14.1,68.7,599,-18.4041,-43.4227,Forward,Stable
22:02:00.005,12.8,76.1,599,-17.6799,-43.9895,Forward,Counter-Clockwise
22:02:00.088,12.0,81.1,599,-18.5052,-44.5488,Forward,Clockwise
22:02:00.173,11.8,82.5,599,-18.4053,-45.5003,Forward,Clockwise
22:02:00.247,13.6,71.3,599,-18.4110,-44.5296,Backward,Stable
22:02:00.325,12.8,75.6,599,-18.0921,-45.4765,Forward,Clockwise
22:02:00.401,13.1,74.1,599,-17.1129,-45.5141,Right,Stable
22:02:00.476,13.3,73.1,599,-17.2218,-46.4920,Forward,Clockwise
22:02:00.556,12.5,77.5,599,-16.7555,-47.2334,Forward,Counter-Clockwise
22:02:00.640,12.0,81.3,599,-17.5470,-47.5950,Forward,Stable
22:02:00.805,6.1,163.0,599,-18.4004,-48.0787,Forward,Stable
22:02:00.900,10.5,92.3,599,-19.2187,-48.6527,Forward,Stable
22:02:00.999,10.1,96.4,599,-19.1883,-47.6532,Up,Stable
22:02:01.079,12.6,77.2,599,-20.0334,-48.1761,Forward,Stable
22:02:01.154,13.3,72.9,599,-20.3626,-47.2332,Up,Pan Left
22:02:01.235,12.4,77.9,599,-19.7217,-46.6441,Forward,Stable
22:02:01.305,14.1,68.6,599,-18.8650,-46.2975,Forward,Stable
22:02:01.376,14.2,68.1,599,-18.1635,-45.7732,Forward,Stable
22:02:01.447,14.1,68.7,599,-17.9826,-45.2152,Right,Tilt Down
22:02:01.527,12.4,78.2,599,-18.3537,-44.4845,Up,Stable
22:02:01.611,12.0,81.1,599,-17.6166,-44.5005,Forward,Clockwise
22:02:01.686,13.3,72.9,599,-18.3732,-44.4953,Forward,Stable
22:02:01.770,11.8,82.2,599,-17.6808,-44.4263,Backward,Stable
22:02:01.855,11.8,82.3,599,-18.3870,-44.3942,Forward,Counter-Clockwise
22:02:01.935,12.4,78.0,599,-17.7925,-44.0672,Forward,Stable
22:02:02.013,12.8,75.8,599,-17.2157,-43.7759,Forward,Stable
22:02:02.089,13.3,73.0,599,-16.5385,-44.3810,Right,Stable
22:02:02.162,13.6,71.2,599,-15.9503,-44.0683,Forward,Stable
22:02:02.238,13.1,74.0,599,-15.3073,-44.7751,Right,Tilt Up
22:02:02.315,13.0,74.4,599,-14.6803,-45.1346,Forward,Counter-Clockwise
22:02:02.408,10.7,90.8,599,-13.8055,-45.0331,Backward,Stable
22:02:02.477,14.6,66.2,599,-14.6312,-45.1519,Forward,Counter-Clockwise
22:02:02.553,13.1,74.2,599,-13.7471,-45.2018,Forward,Stable
22:02:02.637,11.9,81.5,599,-12.9316,-45.5255,Forward,Stable
22:02:02.709,13.9,69.3,599,-12.0703,-45.9418,Forward,Stable
22:02:02.794,11.7,82.5,599,-11.1539,-46.2623,Forward,Stable
22:02:02.869,13.5,72.0,599,-10.2414,-46.3805,Forward,Counter-Clockwise
22:02:02.954,11.7,83.2,599,-9.6754,-46.1390,Right,Stable
22:02:03.030,13.1,73.8,599,-10.4911,-46.5112,Forward,Stable
22:02:03.103,13.7,70.9,599,-11.2384,-47.0557,Forward,Stable
22:02:03.183,12.5,77.9,599,-11.9038,-47.5344,Forward,Clockwise
22:02:03.261,12.9,75.1,599,-11.1506,-47.8804,Forward,Stable
22:02:03.342,12.3,79.1,599,-12.0181,-47.6327,Backward,Stable
22:02:03.414,13.9,69.8,599,-11.4233,-47.8337,Forward,Stable
22:02:03.485,14.1,68.6,599,-12.2992,-48.3086,Up,Tilt Down
22:02:03.558,13.7,70.9,599,-12.1083,-47.3272,Up,Stable
22:02:03.645,11.5,84.5,599,-12.3444,-47.0836,Forward,Stable
22:02:03.717,14.0,69.0,599,-13.1805,-46.7022,Right,Stable
22:02:03.791,13.4,72.1,599,-13.6975,-46.8045,Forward,Stable
22:02:03.873,12.2,79.8,599,-13.9984,-46.8043,Forward,Stable
22:02:03.945,13.9,69.8,599,-14.4581,-47.0124,Forward,Counter-Clockwise
22:02:04.026,12.3,78.9,599,-15.1190,-47.7259,Up,Stable
22:02:04.109,12.0,80.9,599,-14.6746,-47.9041,Forward,Counter-Clockwise
22:02:04.188,12.7,76.6,599,-15.0992,-48.2763,Forward,Stable
22:02:04.261,13.8,70.1,599,-15.6030,-48.7372,Forward,Stable
22:02:04.340,12.7,76.4,599,-15.0540,-48.4172,Backward,Stable
22:02:04.421,12.3,78.9,599,-15.4960,-48.8277,Forward,Counter-Clockwise
22:02:04.504,12.0,81.3,599,-14.9027,-49.2035,Forward,Counter-Clockwise
22:02:04.575,14.1,68.8,599,-15.1496,-49.5526,Forward,Stable
22:02:04.659,12.0,81.4,599,-14.1940,-49.6941,Up,Pan Right
22:02:04.735,13.2,73.4,599,-13.5486,-50.3749,Backward,Stable
22:02:04.813,12.8,76.0,599,-13.6602,-49.8268,Forward,Stable
22:02:04.899,11.6,83.7,599,-13.8837,-49.4619,Forward,Stable
22:02:04.966,14.8,65.2,599,-13.8635,-50.0309,Backward,Stable
22:02:05.052,11.7,83.1,599,-13.9171,-50.9358,Right,Tilt Down
22:02:05.140,11.3,86.1,599,-13.5983,-51.3798,Forward,Stable
22:02:05.218,12.9,75.4,599,-13.1476,-50.5846,Right,Stable
22:02:05.302,11.9,81.6,599,-12.8263,-51.0905,Forward,Stable
22:02:05.372,14.1,68.5,599,-13.5080,-51.7630,Up,Stable
22:02:05.441,14.6,66.0,599,-13.4057,-52.3435,Forward,Counter-Clockwise
22:02:05.521,12.4,78.0,599,-13.5257,-52.7036,Forward,Stable
22:02:05.590,14.6,66.2,599,-13.5356,-51.8386,Right,Stable
22:02:05.657,14.9,64.7,599,-13.4598,-52.3710,Forward,Stable
22:02:05.741,11.9,81.7,599,-13.4571,-52.9085,Forward,Clockwise
22:02:05.814,13.6,71.0,599,-13.3104,-53.8416,Forward,Stable
22:02:05.891,12.9,75.1,599,-13.1275,-54.6805,Forward,Clockwise
22:02:05.971,12.5,77.6,599,-13.1035,-55.3459,Forward,Stable
22:02:06.050,12.6,77.0,599,-13.3248,-56.1163,Forward,Stable
22:02:06.120,14.3,67.7,599,-13.3393,-56.9845,Forward,Stable
22:02:06.203,12.1,80.0,599,-13.1187,-57.7828,Forward,Clockwise
22:02:06.276,13.6,71.1,599,-12.9080,-58.5690,Forward,Clockwise
22:02:06.350,13.6,71.4,599,-13.5698,-58.1119,Right,Tilt Down
22:02:06.419,14.4,67.0,599,-14.2120,-57.3534,Forward,Stable
22:02:06.502,12.0,80.8,599,-14.9400,-56.6773,Forward,Clockwise
22:02:06.570,14.8,65.2,599,-14.6265,-55.8838,Forward,Clockwise
22:02:06.643,13.6,71.0,599,-15.4622,-55.3621,Forward,Stable
22:02:06.713,14.3,67.7,599,-15.3336,-54.5863,Up,Pan Left
22:02:06.793,12.5,77.4,599,-14.4182,-54.2366,Right,Tilt Down
22:02:06.865,13.9,69.7,599,-14.1208,-54.7674,Right,Stable
22:02:06.932,14.8,65.3,599,-14.5140,-55.2398,Backward,Stable
22:02:07.014,12.3,79.2,599,-13.7145,-54.6573,Forward,Clockwise
22:02:07.096,12.2,79.9,599,-13.7713,-54.2611,Forward,Stable
22:02:07.163,15.0,64.6,599,-13.9483,-53.6326,Forward,Stable
22:02:07.235,13.8,70.3,599,-14.2398,-53.3921,Forward,Clockwise
22:02:07.324,11.2,86.5,599,-14.1786,-53.8398,Forward,Stable
22:02:07.402,12.8,75.6,599,-15.1644,-53.6718,Up,Pan Left
22:02:07.480,12.9,75.5,599,-15.4221,-53.1380,Forward,Stable
22:02:07.549,14.4,67.1,599,-15.2888,-52.6111,Forward,Counter-Clockwise
22:02:07.622,13.7,70.6,599,-15.6739,-52.2146,Forward,Counter-Clockwise
22:02:07.699,13.0,74.7,599,-15.5172,-51.7367,Forward,Counter-Clockwise
22:02:07.778,12.8,76.0,599,-16.0556,-51.1858,Forward,Stable
22:02:07.848,14.2,67.9,599,-16.4526,-50.8247,Forward,Stable
22:02:07.922,13.4,72.2,599,-16.9183,-50.1970,Forward,Stable
22:02:07.998,13.1,73.8,599,-17.1902,-49.7476,Forward,Stable
22:02:08.075,13.1,73.9,599,-17.5629,-49.4539,Forward,Clockwise
22:02:08.145,14.2,68.3,599,-17.2994,-48.6705,Forward,Counter-Clockwise
22:02:08.224,12.7,76.6,599,-18.2428,-48.3390,Forward,Stable
22:02:08.297,13.7,70.4,599,-18.9136,-47.6313,Forward,Counter-Clockwise
22:02:08.388,11.0,88.8,599,-18.7144,-48.3060,Up,Pan Left
22:02:08.461,13.7,70.7,599,-18.2276,-47.4339,Backward,Stable
22:02:08.539,12.8,75.7,599,-18.7571,-47.4306,Up,Pan Left
22:02:08.620,12.3,79.1,599,-19.0565,-47.4344,Forward,Stable
22:02:08.686,15.1,63.8,599,-19.6227,-47.3042,Right,Tilt Down
22:02:08.763,13.0,74.5,599,-19.1161,-47.3680,Forward,Stable
22:02:08.832,14.4,67.0,599,-19.4546,-47.0491,Backward,Stable
22:02:08.912,12.5,77.8,599,-18.9261,-47.3151,Forward,Clockwise
22:02:08.992,12.5,77.6,599,-19.2867,-48.1203,Up,Pan Right
22:02:09.085,10.8,90.6,599,-20.1761,-48.5682,Backward,Stable
22:02:09.169,12.0,80.8,599,-19.6098,-49.2239,Right,Tilt Up
22:02:09.238,14.3,67.5,599,-18.6835,-48.9044,Forward,Stable
22:02:09.319,12.4,78.3,599,-17.8678,-48.3459,Forward,Stable
22:02:09.396,13.0,74.9,599,-16.9573,-47.9701,Forward,Clockwise
22:02:09.488,10.9,89.2,599,-17.8465,-47.7496,Forward,Stable
22:02:09.557,14.3,67.6,599,-18.0337,-46.7733,Right,Tilt Down
22:02:09.636,12.7,76.5,599,-18.9084,-46.9424,Forward,Stable
22:02:09.722,11.7,83.1,599,-18.0304,-46.7706,Backward,Stable
22:02:09.800,12.8,75.6,599,-17.7644,-47.6692,Right,Stable
22:02:09.886,11.6,83.9,599,-18.6789,-47.8217,Forward,Stable
22:02:09.961,13.2,73.3,599,-19.6403,-48.0939,Forward,Stable
22:02:10.045,11.9,81.5,599,-18.8519,-48.3480,Backward,Stable
22:02:10.117,13.9,69.8,599,-19.7442,-48.4926,Forward,Stable
22:02:10.190,13.7,70.8,599,-19.8671,-49.0922,Right,Tilt Up
22:02:10.274,11.9,81.5,599,-19.9793,-48.1106,Right,Stable
22:02:10.345,14.1,68.7,599,-20.2620,-48.3449,Forward,Clockwise
22:02:10.412,14.9,65.0,599,-20.1208,-48.8269,Forward,Counter-Clockwise
22:02:10.487,13.4,72.6,599,-20.3505,-49.3290,Forward,Stable
22:02:10.576,11.3,86.6,599,-20.1264,-50.2296,Up,Stable
22:02:10.654,12.8,76.0,599,-19.7906,-50.8900,Forward,Stable
22:02:10.738,12.0,81.4,599,-19.5485,-51.4649,Forward,Stable
22:02:10.805,15.0,64.4,599,-19.4475,-51.9326,Forward,Counter-Clockwise
22:02:10.881,13.1,74.1,599,-19.5183,-50.9913,Down,Stable
22:02:10.960,12.6,77.0,599,-19.3960,-51.1477,Forward,Counter-Clockwise
22:02:11.042,12.2,79.7,599,-19.6855,-51.7733,Forward,Stable
22:02:11.111,14.5,66.8,599,-19.9843,-52.3983,Forward,Stable
22:02:11.196,11.9,81.8,599,-20.1980,-53.0585,Forward,Stable
22:02:11.268,13.8,70.0,599,-20.6107,-52.4093,Right,Tilt Down
22:02:11.341,13.6,71.2,599,-20.7441,-51.5268,Forward,Stable
22:02:11.417,13.2,73.5,599,-20.6788,-50.8520,Forward,Stable
22:02:11.498,12.4,78.6,599,-21.4279,-50.2921,Up,Pan Left
22:02:11.573,13.3,72.9,599,-21.0060,-50.8298,Up,Pan Left
22:02:11.668,10.5,92.9,599,-21.3301,-51.4646,Backward,Stable
22:02:11.748,12.5,77.6,599,-20.8391,-50.8787,Forward,Stable
22:02:11.827,12.8,76.0,599,-20.6968,-50.2665,Forward,Stable
22:02:11.897,14.3,67.8,599,-20.9631,-50.9973,Backward,Stable
22:02:11.974,13.0,74.7,599,-21.1644,-51.7156,Backward,Stable
22:02:12.053,12.7,76.5,599,-20.8546,-50.9981,Forward,Stable
22:02:12.128,13.3,72.7,599,-21.1615,-51.6007,Right,Tilt Down
22:02:12.194,15.1,64.0,599,-20.9254,-50.6328,Right,Stable
22:02:12.274,12.5,78.0,599,-19.9611,-50.8927,Forward,Stable
22:02:12.349,13.4,72.3,599,-19.6901,-50.0616,Right,Tilt Down
22:02:12.425,13.0,74.4,599,-19.0459,-50.4028,Right,Tilt Up
22:02:12.496,14.1,68.7,599,-19.8175,-50.0005,Backward,Stable
22:02:12.583,11.5,84.4,599,-19.0435,-50.3930,Forward,Counter-Clockwise
22:02:12.667,12.0,81.3,599,-18.9169,-50.8290,Up,Stable
22:02:12.759,10.8,90.3,599,-19.5312,-51.5648,Forward,Stable
22:02:12.843,12.0,81.4,599,-20.1138,-52.2711,Forward,Clockwise
22:02:12.910,15.0,64.5,599,-19.8548,-51.4825,Down,Stable
22:02:12.992,12.2,79.5,599,-19.2476,-52.2569,Forward,Stable
22:02:13.058,15.1,64.0,599,-18.5550,-52.7864,Forward,Stable
22:02:13.132,13.5,71.8,599,-17.9553,-53.3830,Forward,Stable
22:02:13.200,14.7,65.6,599,-18.3834,-52.7899,Backward,Stable
22:02:13.275,13.2,73.3,599,-17.8552,-53.2074,Forward,Stable
22:02:13.348,13.8,70.2,599,-17.1609,-53.6514,Forward,Stable
22:02:13.436,11.3,86.1,599,-17.3160,-54.4099,Up,Pan Right
22:02:13.516,12.6,77.1,599,-18.0372,-53.8958,Forward,Stable
22:02:13.596,12.4,78.3,599,-18.7239,-53.3126,Forward,Stable
22:02:13.674,12.8,75.9,599,-19.4792,-52.8530,Forward,Counter-Clockwise
22:02:13.748,13.7,71.0,599,-18.5962,-52.3982,Forward,Stable
22:02:13.841,10.7,90.9,599,-17.7837,-51.8159,Forward,Stable
22:02:13.914,13.6,71.2,599,-16.9607,-51.2487,Forward,Stable
22:02:13.987,13.8,70.3,599,-16.2876,-50.5357,Forward,Counter-Clockwise
22:02:14.068,12.3,78.8,599,-16.3625,-51.2628,Right,Stable
22:02:14.149,12.3,79.0,599,-17.3496,-51.1164,Forward,Clockwise
22:02:14.233,11.9,81.6,599,-16.6544,-50.4050,Forward,Stable
22:02:14.307,13.5,71.5,599,-16.0995,-49.5847,Forward,Stable
22:02:14.381,13.6,71.1,599,-15.4347,-48.8429,Forward,Counter-Clockwise
22:02:14.455,13.4,72.5,599,-16.2543,-48.2700,Forward,Counter-Clockwise
22:02:14.542,11.6,84.2,599,-16.3202,-47.2886,Forward,Stable
22:02:14.615,13.8,70.4,599,-16.1735,-46.3123,Forward,Stable
22:02:14.696,12.3,78.8,599,-16.3024,-47.3023,Backward,Stable
22:02:14.782,11.6,83.6,599,-15.8725,-47.2166,Right,Tilt Up
22:02:14.858,13.2,73.7,599,-15.5351,-48.1575,Forward,Clockwise
22:02:14.948,11.0,88.2,599,-16.0830,-48.9886,Forward,Counter-Clockwise
22:02:15.024,13.2,73.6,599,-15.5455,-49.6063,Forward,Stable
22:02:15.107,12.1,80.6,599,-14.9956,-50.2123,Forward,Counter-Clockwise
22:02:15.192,11.7,83.3,599,-15.4001,-50.8985,Forward,Stable
22:02:15.262,14.4,67.1,599,-16.0362,-51.4182,Forward,Stable
22:02:15.343,12.3,78.7,599,-15.6140,-52.3019,Right,Stable
22:02:15.434,11.0,89.0,599,-15.7453,-52.9417,Right,Stable
22:02:15.512,12.9,75.4,599,-16.2465,-53.5980,Forward,Stable
22:02:15.580,14.7,65.8,599,-16.7489,-54.2871,Forward,Clockwise
22:02:15.653,13.6,71.2,599,-16.0561,-54.7047,Forward,Stable
22:02:15.736,12.1,80.2,599,-15.3112,-55.0724,Forward,Stable
22:02:15.807,14.0,69.0,599,-15.5791,-55.9856,Right,Stable
22:02:15.877,14.2,68.1,599,-14.8357,-56.4018,Forward,Stable
22:02:15.960,12.1,80.2,599,-14.1426,-56.8066,Forward,Counter-Clockwise
22:02:16.050,11.1,87.9,599,-14.3415,-57.7515,Forward,Stable
22:02:16.128,12.9,75.3,599,-14.6704,-58.5830,Forward,Stable
22:02:16.193,15.4,62.6,599,-14.0083,-59.1207,Right,Stable
22:02:16.269,13.1,74.1,599,-14.4648,-59.9926,Forward,Stable
22:02:16.345,13.2,73.3,599,-14.0862,-59.8148,Right,Stable
22:02:16.432,11.5,84.6,599,-14.0543,-59.4118,Up,Stable
22:02:16.503,14.1,68.7,599,-13.9756,-60.2952,Forward,Stable
22:02:16.584,12.4,78.5,599,-13.8309,-61.2226,Forward,Clockwise
22:02:16.660,13.0,74.5,599,-14.0278,-62.2021,Forward,Clockwise
22:02:16.732,14.0,69.1,599,-13.7276,-63.1558,Forward,Clockwise
22:02:16.821,11.2,87.0,599,-14.6531,-63.2184,Right,Stable
22:02:16.897,13.2,73.3,599,-14.6026,-62.2512,Backward,Stable
22:02:16.981,11.8,82.3,599,-14.5781,-61.2769,Backward,Stable
22:02:17.058,13.0,74.5,599,-14.2707,-62.2224,Forward,Counter-Clockwise
22:02:17.144,11.6,83.9,599,-13.5805,-62.5354,Forward,Clockwise
22:02:17.226,12.2,79.6,599,-14.0238,-61.7191,Right,Stable
22:02:17.300,13.6,71.2,599,-14.6000,-62.3574,Forward,Stable
22:02:17.370,14.2,68.1,599,-14.8301,-62.9922,Up,Pan Left
22:02:17.444,13.6,71.3,599,-15.2638,-62.8905,Up,Stable
22:02:17.515,14.0,69.2,599,-14.4418,-62.3919,Forward,Counter-Clockwise
22:02:17.602,11.6,84.3,599,-15.2097,-62.4806,Forward,Stable
22:02:17.680,12.8,75.8,599,-15.9406,-62.6419,Forward,Stable
22:02:17.759,12.6,77.3,599,-16.6524,-62.7834,Forward,Stable
22:02:17.835,13.2,73.2,599,-17.4702,-62.6851,Forward,Stable
22:02:17.914,12.6,77.1,599,-18.2268,-62.7383,Forward,Stable
22:02:17.997,12.1,80.6,599,-18.8734,-62.9668,Forward,Counter-Clockwise
22:02:18.067,14.3,67.8,599,-18.4495,-63.7366,Right,Stable
22:02:18.157,11.2,87.4,599,-18.5875,-64.3312,Up,Stable
22:02:18.233,13.2,73.7,599,-19.1557,-63.9747,Up,Stable
22:02:18.310,13.0,74.4,599,-18.5548,-64.4766,Forward,Stable
22:02:18.390,12.5,77.9,599,-17.8301,-64.5604,Forward,Stable
22:02:18.460,14.1,68.6,599,-18.6271,-64.6580,Backward,Stable
22:02:18.532,13.9,69.6,599,-17.8249,-65.1252,Forward,Stable
22:02:18.607,13.4,72.3,599,-16.9900,-65.0371,Forward,Stable
22:02:18.681,13.5,71.5,599,-16.8091,-65.9920,Right,Tilt Down
22:02:18.753,13.7,70.6,599,-15.9356,-65.6472,Forward,Stable
22:02:18.827,13.5,71.5,599,-15.3501,-65.1418,Forward,Stable
22:02:18.910,12.1,80.1,599,-14.7859,-64.5904,Forward,Counter-Clockwise
22:02:18.982,13.7,70.5,599,-14.6567,-63.6612,Right,Stable
22:02:19.068,11.7,82.9,599,-14.5788,-62.6984,Right,Tilt Up
22:02:19.135,15.0,64.4,599,-14.9261,-63.4264,Forward,Stable
22:02:19.204,14.5,66.9,599,-15.1875,-64.2942,Forward,Stable
22:02:19.294,11.0,88.1,599,-15.5525,-65.1542,Forward,Stable
22:02:19.373,12.6,77.0,599,-14.5937,-65.2541,Right,Tilt Down
22:02:19.448,13.4,72.2,599,-15.1561,-64.4446,Forward,Stable
22:02:19.526,12.9,75.6,599,-15.4606,-63.5039,Forward,Clockwise
22:02:19.599,13.7,70.7,599,-15.8206,-62.9370,Forward,Stable
22:02:19.674,13.3,72.8,599,-16.7819,-63.1893,Right,Stable
22:02:19.749,13.3,72.6,599,-17.1509,-62.4994,Forward,Stable
22:02:19.830,12.3,79.1,599,-17.0277,-61.7628,Forward,Stable
22:02:19.916,11.7,83.0,599,-17.6439,-61.4918,Forward,Counter-Clockwise
22:02:19.999,12.0,80.8,599,-18.1260,-61.9844,Up,Stable
22:02:20.067,14.7,65.9,599,-18.6939,-62.5892,Backward,Stable
22:02:20.145,12.8,76.1,599,-18.1291,-61.9570,Forward,Stable
22:02:20.232,11.5,84.4,599,-18.7018,-62.5904,Backward,Stable
22:02:20.318,11.7,82.6,599,-18.2123,-62.0223,Forward,Stable
22:02:20.396,12.8,75.8,599,-17.7357,-61.4412,Forward,Stable
22:02:20.474,12.8,75.9,599,-17.1090,-61.0778,Forward,Stable
22:02:20.546,13.9,69.5,599,-16.5839,-60.5839,Forward,Stable
22:02:20.619,13.7,70.6,599,-16.0143,-61.3947,Right,Stable
22:02:20.696,13.0,74.5,599,-15.4690,-60.7523,Forward,Stable
22:02:20.765,14.4,67.0,599,-15.1487,-59.9857,Forward,Stable
22:02:20.847,12.2,79.9,599,-14.5431,-60.7775,Right,Tilt Down
22:02:20.921,13.6,71.3,599,-14.1307,-61.2259,Forward,Stable
22:02:21.010,11.2,87.0,599,-14.3542,-60.7641,Backward,Stable
22:02:21.078,14.7,65.6,599,-15.3513,-60.8362,Up,Stable
22:02:21.166,11.3,86.3,599,-15.0722,-61.3506,Forward,Stable
22:02:21.231,15.4,62.7,599,-14.9456,-61.6338,Forward,Clockwise
22:02:21.303,14.0,69.3,599,-14.8842,-62.2783,Forward,Counter-Clockwise
22:02:21.381,12.7,76.2,599,-14.1746,-62.2047,Forward,Counter-Clockwise
22:02:21.469,11.5,84.8,599,-14.7253,-61.7941,Forward,Stable
22:02:21.547,12.8,76.1,599,-14.0150,-61.9649,Backward,Stable
22:02:21.626,12.7,76.6,599,-14.5186,-61.5573,Forward,Stable
22:02:21.690,15.7,61.3,599,-14.8732,-61.0071,Forward,Stable
22:02:21.761,13.9,69.5,599,-15.6798,-60.8208,Forward,Clockwise
22:02:21.839,12.9,75.4,599,-16.5029,-61.2424,Up,Pan Right
22:02:21.912,13.7,70.8,599,-16.4017,-60.9523,Forward,Stable
22:02:21.988,13.2,73.4,599,-16.3941,-60.8399,Forward,Stable
22:02:22.070,12.2,79.5,599,-15.6279,-61.4815,Right,Tilt Down
22:02:22.143,13.7,71.0,599,-14.6356,-61.6046,Backward,Stable
22:02:22.214,13.9,69.4,599,-15.5800,-61.9311,Forward,Stable
22:02:22.293,12.8,75.7,599,-16.5388,-62.2136,Forward,Stable
22:02:22.359,15.1,64.0,599,-15.5847,-61.9502,Backward,Stable
22:02:22.436,13.0,75.0,599,-16.5253,-62.1833,Forward,Stable
22:02:22.523,11.5,84.7,599,-16.3365,-63.1030,Left,Stable
22:02:22.595,13.8,70.1,599,-16.5611,-63.8865,Up,Stable
22:02:22.666,14.1,68.8,599,-16.2080,-63.2295,Right,Stable
22:02:22.732,15.2,63.3,599,-17.1657,-63.4903,Forward,Stable
22:02:22.813,12.4,78.4,599,-18.1314,-63.7253,Forward,Clockwise
22:02:22.880,14.9,64.9,599,-17.7100,-64.4621,Up,Pan Right
22:02:22.955,13.3,73.2,599,-17.0357,-65.1979,Right,Stable
22:02:23.030,13.3,72.8,599,-17.5372,-65.4379,Forward,Stable
22:02:23.111,12.4,78.3,599,-16.7378,-66.0352,Up,Stable
22:02:23.183,13.8,70.1,599,-15.8725,-65.5344,Up,Pan Right
22:02:23.256,13.7,70.9,599,-15.3099,-64.7339,Forward,Counter-Clockwise
22:02:23.333,13.1,73.7,599,-15.2961,-64.3758,Up,Stable
22:02:23.402,14.4,67.3,599,-15.0758,-63.4280,Up,Pan Left
22:02:23.478,13.1,73.8,599,-14.6351,-63.9193,Forward,Counter-Clockwise
22:02:23.549,14.1,68.9,599,-14.4511,-64.5344,Forward,Stable
22:02:23.641,10.9,89.4,599,-14.2105,-65.1951,Forward,Counter-Clockwise
22:02:23.714,13.7,70.5,599,-14.4046,-65.9260,Forward,Clockwise
22:02:23.798,11.9,81.8,599,-14.6699,-66.3481,Forward,Stable
22:02:23.868,14.3,67.6,599,-14.6959,-66.9286,Forward,Stable
22:02:23.940,13.9,69.9,599,-14.7142,-67.4229,Forward,Stable
22:02:24.013,13.7,70.9,599,-13.7225,-67.3728,Right,Tilt Up
22:02:24.097,12.0,81.5,599,-14.3635,-67.0817,Forward,Counter-Clockwise
22:02:24.163,15.2,63.6,599,-13.3989,-67.0562,Forward,Stable
22:02:24.234,14.0,69.2,599,-12.4145,-66.8824,Forward,Counter-Clockwise
22:02:24.313,12.6,77.0,599,-12.1398,-66.3014,Right,Tilt Down
22:02:24.397,12.0,81.0,599,-13.0924,-66.3439,Up,Stable
22:02:24.469,13.9,69.8,599,-12.9524,-65.4287,Forward,Stable
22:02:24.558,11.2,86.7,599,-13.3727,-65.3575,Right,Stable
22:02:24.638,12.5,77.6,599,-12.9464,-64.5208,Forward,Stable
22:02:24.728,11.1,88.0,599,-12.4611,-63.6541,Forward,Clockwise
22:02:24.813,11.8,82.3,599,-13.0349,-64.0924,Left,Stable
22:02:24.889,13.2,72.9,599,-13.3503,-63.6873,Forward,Stable
22:02:24.966,13.0,74.5,599,-13.5709,-63.3695,Forward,Stable
22:02:25.045,12.6,77.1,599,-14.3753,-63.1047,Forward,Clockwise
22:02:25.128,12.1,80.7,599,-13.9065,-62.5367,Forward,Stable
22:02:25.198,14.3,67.6,599,-13.2838,-61.8766,Forward,Counter-Clockwise
22:02:25.266,14.6,66.2,599,-12.4051,-61.8846,Right,Tilt Up
22:02:25.340,13.6,71.2,599,-13.0169,-61.1434,Forward,Clockwise
22:02:25.427,11.4,85.1,599,-12.2221,-61.4607,Forward,Clockwise
22:02:25.500,13.8,70.2,599,-13.0986,-61.3389,Forward,Stable
22:02:25.568,14.6,66.4,599,-13.8928,-61.7597,Up,Stable
22:02:25.654,11.7,83.1,599,-14.7175,-61.5943,Forward,Stable
22:02:25.731,12.9,75.0,599,-15.5900,-61.4945,Forward,Stable
22:02:25.827,10.5,92.5,599,-16.3800,-61.3210,Forward,Clockwise
22:02:25.914,11.4,85.0,599,-15.4577,-61.2822,Forward,Stable
22:02:25.978,15.6,61.9,599,-14.7407,-61.1889,Forward,Stable
22:02:26.051,13.7,70.6,599,-13.9282,-60.8740,Forward,Counter-Clockwise
22:02:26.125,13.6,71.3,599,-13.4641,-61.7598,Right,Tilt Up
22:02:26.207,12.2,79.8,599,-13.1750,-62.2478,Up,Stable
22:02:26.278,14.0,69.0,599,-13.4438,-62.7624,Up,Stable
22:02:26.357,12.7,76.6,599,-14.4282,-62.5889,Forward,Stable
22:02:26.447,11.2,87.2,599,-15.4158,-62.4583,Forward,Stable
22:02:26.515,14.5,66.6,599,-15.0814,-62.5127,Up,Pan Left
22:02:26.592,13.0,74.6,599,-14.1679,-62.7400,Forward,Stable
22:02:26.663,14.1,68.6,599,-15.0954,-62.5768,Backward,Stable
22:02:26.748,11.8,82.2,599,-14.1747,-62.5162,Forward,Clockwise
22:02:26.824,13.2,73.5,599,-13.5202,-63.1321,Right,Tilt Up
22:02:26.911,11.4,84.9,599,-13.7505,-62.9929,Forward,Clockwise
22:02:26.985,13.6,71.2,599,-13.5259,-62.2401,Forward,Clockwise
22:02:27.065,12.5,77.7,599,-13.8371,-61.8391,Forward,Counter-Clockwise
22:02:27.141,13.2,73.6,599,-14.7979,-61.6427,Right,Tilt Up
22:02:27.219,12.7,76.2,599,-15.3176,-62.3215,Right,Tilt Down
22:02:27.285,15.1,63.9,599,-14.9107,-61.4087,Forward,Clockwise
22:02:27.356,14.1,68.5,599,-14.9109,-61.2854,Up,Stable
22:02:27.428,13.9,69.5,599,-15.7052,-60.6778,Forward,Stable
22:02:27.512,11.9,81.8,599,-15.1062,-59.8784,Right,Tilt Up
22:02:27.579,14.8,65.3,599,-15.2335,-58.9797,Backward,Stable
22:02:27.654,13.3,72.6,599,-15.3517,-59.7907,Forward,Counter-Clockwise
22:02:27.733,12.8,76.1,599,-14.9615,-60.4632,Forward,Stable
22:02:27.809,13.0,74.4,599,-14.6579,-61.2554,Forward,Stable
22:02:27.880,14.1,68.6,599,-14.4140,-61.7165,Right,Stable
22:02:27.967,11.6,84.2,599,-13.9434,-62.4971,Forward,Clockwise
22:02:28.042,13.3,72.9,599,-13.9262,-63.3029,Forward,Stable
22:02:28.121,12.6,76.8,599,-13.9538,-64.1072,Forward,Stable
22:02:28.189,14.7,65.7,599,-14.1859,-64.9527,Forward,Stable
22:02:28.264,13.4,72.5,599,-15.0924,-65.0939,Up,Pan Left
22:02:28.333,14.4,66.7,599,-15.5248,-65.1849,Right,Stable
22:02:28.414,12.4,78.6,599,-15.1714,-64.4482,Forward,Counter-Clockwise
22:02:28.493,12.6,77.2,599,-15.6227,-63.8325,Forward,Clockwise
22:02:28.567,13.6,71.1,599,-15.4252,-63.0867,Forward,Stable
22:02:28.640,13.7,71.0,599,-15.0596,-62.3261,Forward,Stable
22:02:28.721,12.3,79.3,599,-14.7501,-61.5741,Forward,Stable
22:02:28.791,14.3,67.5,599,-14.4285,-60.9534,Forward,Stable
22:02:28.872,12.3,78.9,599,-14.1952,-61.7082,Up,Pan Right
22:02:28.941,14.5,66.5,599,-14.9508,-61.2929,Right,Tilt Down
22:02:29.023,12.2,79.6,599,-15.4469,-60.7473,Forward,Counter-Clockwise
22:02:29.112,11.2,87.0,599,-14.4799,-60.9560,Right,Stable
22:02:29.185,13.9,69.7,599,-14.2490,-60.1027,Forward,Clockwise
22:02:29.256,13.9,69.7,599,-15.1330,-60.4207,Right,Stable
22:02:29.329,13.7,70.8,599,-15.5623,-59.6111,Forward,Stable
22:02:29.415,11.6,83.5,599,-15.7039,-58.8064,Forward,Stable
22:02:29.487,14.0,68.9,599,-16.0002,-58.0929,Forward,Stable
22:02:29.567,12.4,78.0,599,-16.8376,-57.9693,Right,Stable
22:02:29.649,12.2,79.4,599,-17.7406,-58.2589,Right,Stable
22:02:29.723,13.5,71.9,599,-17.9976,-57.3488,Forward,Stable
22:02:29.807,11.9,81.5,599,-18.0949,-56.4473,Forward,Stable
22:02:29.885,12.7,76.3,599,-17.9104,-57.2541,Backward,Stable
22:02:29.972,11.5,84.5,599,-17.7921,-58.1798,Backward,Stable
22:02:30.042,14.3,67.4,599,-18.0406,-57.4060,Forward,Stable
22:02:30.130,11.4,85.4,599,-18.1350,-56.5068,Forward,Stable
22:02:30.212,12.2,79.8,599,-18.2966,-55.5829,Forward,Counter-Clockwise
22:02:30.294,12.2,79.5,599,-18.5724,-54.6223,Forward,Stable
22:02:30.368,13.4,72.4,599,-18.9517,-53.6986,Forward,Clockwise
22:02:30.444,13.2,73.5,599,-18.8159,-54.1129,Up,Stable
22:02:30.524,12.6,77.3,599,-19.2855,-53.4033,Forward,Stable
22:02:30.599,13.4,72.6,599,-19.6261,-52.4631,Forward,Stable
22:02:30.674,13.2,73.4,599,-20.0097,-51.5993,Forward,Clockwise
22:02:30.753,12.7,76.4,599,-19.9786,-50.6276,Forward,Clockwise
22:02:30.828,13.4,72.3,599,-20.1774,-49.8466,Forward,Stable
22:02:30.909,12.3,78.9,599,-20.8322,-49.1942,Forward,Stable
22:02:30.984,13.3,72.9,599,-21.6615,-49.7466,Right,Tilt Down
22:02:31.059,13.4,72.1,599,-21.5585,-50.6836,Forward,Counter-Clockwise
22:02:31.135,13.1,74.2,599,-22.3410,-50.0614,Backward,Stable
22:02:31.230,10.5,93.0,599,-21.5617,-50.6877,Forward,Stable
22:02:31.301,14.2,68.0,599,-20.6757,-51.1362,Forward,Stable
22:02:31.376,13.3,72.9,599,-19.9018,-51.7695,Forward,Clockwise
22:02:31.444,14.6,66.1,599,-20.1487,-52.7082,Forward,Stable
22:02:31.530,11.7,83.0,599,-20.3962,-53.6564,Forward,Stable
22:02:31.604,13.4,72.3,599,-20.7325,-54.5233,Forward,Stable
22:02:31.683,12.6,77.0,599,-21.0250,-55.4334,Forward,Clockwise
22:02:31.755,14.1,68.8,599,-20.3109,-56.1271,Forward,Stable
22:02:31.832,12.9,75.0,599,-19.5322,-56.7347,Forward,Stable
22:02:31.916,11.8,82.3,599,-18.8278,-57.4443,Forward,Stable
22:02:31.992,13.2,73.6,599,-18.1280,-58.1559,Forward,Stable
22:02:32.069,13.1,74.1,599,-17.3773,-58.7488,Forward,Stable
22:02:32.141,13.9,69.9,599,-16.7660,-57.9862,Right,Stable
22:02:32.226,11.7,83.2,599,-16.0938,-58.7259,Forward,Clockwise
22:02:32.317,11.1,88.1,599,-16.2325,-59.5515,Forward,Stable
22:02:32.400,12.0,81.0,599,-16.3052,-60.4964,Forward,Stable
22:02:32.471,14.1,68.7,599,-16.6615,-61.2853,Forward,Clockwise
22:02:32.549,12.8,75.8,599,-16.4812,-62.1665,Forward,Counter-Clockwise
22:02:32.629,12.5,77.6,599,-16.1842,-62.9265,Forward,Stable
22:02:32.694,15.3,62.9,599,-16.9667,-63.5211,Right,Stable
22:02:32.769,13.4,72.1,599,-17.2862,-62.6890,Backward,Stable
22:02:32.851,12.1,80.0,599,-16.9428,-63.5583,Forward,Stable
22:02:32.923,13.8,70.1,599,-16.6569,-64.4789,Forward,Clockwise
22:02:33.018,10.6,91.9,599,-16.6194,-65.4580,Forward,Counter-Clockwise
22:02:33.093,13.2,73.4,599,-16.3336,-65.6724,Up,Pan Left
22:02:33.177,12.0,81.0,599,-15.4399,-65.8902,Down,Stable
22:02:33.252,13.3,73.1,599,-15.3203,-64.9616,Up,Pan Left
22:02:33.334,12.2,80.0,599,-14.8280,-64.0924,Backward,Stable
22:02:33.426,10.9,89.5,599,-15.1620,-65.0051,Forward,Stable
22:02:33.499,13.8,70.2,599,-15.5030,-65.9367,Forward,Stable
22:02:33.584,11.7,83.1,599,-15.9143,-66.8443,Forward,Stable
22:02:33.649,15.4,62.8,599,-15.0893,-67.1325,Up,Stable
22:02:33.726,13.0,74.8,599,-14.7632,-66.2272,Backward,Stable
22:02:33.801,13.4,72.5,599,-15.1951,-67.0644,Forward,Stable
22:02:33.885,11.8,82.0,599,-14.2997,-67.3871,Up,Stable
22:02:33.953,14.8,65.2,599,-14.8324,-68.1485,Forward,Stable
22:02:34.033,12.5,77.1,599,-15.3208,-68.9389,Forward,Stable
22:02:34.108,13.4,72.6,599,-15.6414,-69.8481,Forward,Counter-Clockwise
22:02:34.187,12.6,77.3,599,-16.2664,-70.4249,Up,Pan Right
22:02:34.259,14.0,69.3,599,-16.2986,-69.5667,Up,Stable
22:02:34.341,12.1,80.3,599,-15.5362,-68.9228,Right,Stable
22:02:34.417,13.2,73.7,599,-14.8415,-68.2082,Up,Stable
22:02:34.512,10.6,92.2,599,-14.5890,-67.4557,Forward,Stable
22:02:34.583,14.1,68.8,599,-14.9306,-66.7541,Forward,Stable
22:02:34.669,11.7,83.5,599,-15.3531,-66.4448,Forward,Stable
22:02:34.740,14.2,68.2,599,-14.8144,-66.8947,Backward,Stable
22:02:34.816,13.1,74.3,599,-14.3195,-67.3259,Backward,Stable
22:02:34.889,13.7,70.9,599,-14.9476,-66.7565,Forward,Clockwise
22:02:34.973,11.9,81.9,599,-15.2053,-65.9098,Forward,Clockwise
22:02:35.044,14.2,68.4,599,-15.4294,-65.3471,Up,Pan Left
22:02:35.129,11.8,82.5,599,-15.3450,-65.2195,Right,Tilt Up
22:02:35.194,15.5,62.4,599,-15.9272,-64.7889,Up,Pan Right
22:02:35.265,13.9,69.5,599,-16.4247,-65.5983,Forward,Counter-Clockwise
22:02:35.348,12.1,80.1,599,-15.6129,-66.0384,Right,Tilt Down
22:02:35.425,13.0,74.6,599,-16.5678,-66.3202,Up,Pan Right
22:02:35.493,14.6,66.0,599,-15.8904,-67.0550,Forward,Clockwise
22:02:35.588,10.5,92.9,599,-16.0598,-68.0364,Forward,Stable
22:02:35.674,11.6,83.7,599,-15.6694,-67.1263,Backward,Stable
22:02:35.746,13.9,69.5,599,-16.2947,-67.8233,Forward,Stable
22:02:35.823,13.0,74.7,599,-15.4973,-68.0568,Right,Stable
22:02:35.897,13.5,71.9,599,-15.1222,-68.2505,Up,Pan Right
22:02:35.975,12.9,75.5,599,-14.7209,-67.3687,Forward,Stable
22:02:36.054,12.7,76.7,599,-14.3582,-66.5423,Forward,Counter-Clockwise
22:02:36.130,13.1,74.2,599,-15.3153,-66.3124,Forward,Stable
22:02:36.196,15.2,63.7,599,-16.2761,-66.0950,Forward,Stable
22:02:36.271,13.5,72.0,599,-17.1925,-65.7827,Forward,Stable
22:02:36.343,13.8,70.1,599,-18.0343,-65.2447,Forward,Counter-Clockwise
22:02:36.421,12.9,75.1,599,-17.2005,-64.8162,Forward,Clockwise
22:02:36.503,12.1,80.3,599,-18.1847,-64.7020,Forward,Clockwise
22:02:36.573,14.3,67.5,599,-17.5013,-64.3708,Forward,Stable
22:02:36.666,10.8,90.5,599,-18.3456,-64.6557,Backward,Stable
22:02:36.746,12.5,77.7,599,-17.4534,-64.2754,Forward,Counter-Clockwise
22:02:36.820,13.4,72.1,599,-17.6387,-63.3164,Right,Stable
22:02:36.891,14.2,68.0,599,-18.6037,-63.2694,Forward,Stable
22:02:36.963,13.9,69.8,599,-19.5518,-63.1895,Forward,Stable
22:02:37.043,12.5,77.9,599,-18.7386,-62.6833,Right,Stable
22:02:37.122,12.7,76.8,599,-19.6698,-62.6719,Forward,Counter-Clockwise
22:02:37.200,12.8,75.8,599,-19.0900,-61.9726,Forward,Clockwise
22:02:37.274,13.5,72.0,599,-20.0320,-61.6439,Forward,Counter-Clockwise
22:02:37.346,14.0,69.2,599,-19.5840,-61.1321,Forward,Stable
22:02:37.418,13.9,69.9,599,-20.0325,-61.8318,Backward,Stable
22:02:37.494,13.2,73.5,599,-19.6533,-61.6647,Forward,Clockwise
22:02:37.579,11.7,83.1,599,-19.2662,-61.3909,Backward,Stable
22:02:37.648,14.5,66.5,599,-20.0146,-61.5553,Forward,Counter-Clockwise
22:02:37.742,10.6,92.0,599,-19.1654,-61.8914,Forward,Stable
22:02:37.822,12.5,77.9,599,-18.3104,-62.0309,Forward,Clockwise
22:02:37.893,14.3,67.9,599,-18.8617,-62.5949,Forward,Counter-Clockwise
22:02:37.969,13.1,74.1,599,-18.1325,-62.3436,Forward,Stable
22:02:38.035,15.1,63.8,599,-17.8778,-62.1031,Forward,Stable
22:02:38.115,12.6,77.3,599,-17.3959,-61.6423,Forward,Stable
22:02:38.187,13.7,70.4,599,-16.8782,-61.0317,Forward,Stable
22:02:38.271,11.9,81.6,599,-17.3974,-61.6387,Backward,Stable
22:02:38.336,15.4,62.7,599,-16.8735,-61.0705,Forward,Stable
22:02:38.416,12.6,77.3,599,-16.5328,-60.6091,Forward,Counter-Clockwise
22:02:38.492,13.1,73.9,599,-16.1718,-61.2883,Backward,Stable
22:02:38.564,14.0,69.3,599,-16.7487,-60.6769,Forward,Stable
22:02:38.639,13.2,73.2,599,-16.2798,-61.1567,Up,Pan Right
22:02:38.710,14.1,68.5,599,-16.0070,-60.7617,Right,Stable
22:02:38.797,11.5,84.4,599,-16.9194,-60.3767,Backward,Stable
22:02:38.892,10.5,92.7,599,-15.9408,-60.5791,Forward,Clockwise
22:02:38.989,10.3,94.9,599,-15.7245,-59.6049,Up,Pan Left
22:02:39.134,6.9,141.9,599,-15.9680,-58.6815,Right,Stable
22:02:39.245,9.0,108.1,599,-15.0468,-58.2978,Forward,Clockwise
22:02:39.345,9.9,98.3,599,-15.9487,-58.2350,Forward,Stable
22:02:39.444,10.1,96.2,599,-16.9427,-58.2305,Forward,Counter-Clockwise
22:02:39.537,10.7,91.0,599,-16.1294,-57.7033,Forward,Stable
22:02:39.628,11.1,87.6,599,-16.3705,-56.8960,Right,Stable
22:02:39.705,12.9,74.8,599,-15.7381,-56.1218,Forward,Stable
22:02:39.780,13.3,73.0,599,-16.3471,-55.3290,Right,Stable
22:02:39.861,12.3,78.8,599,-15.5538,-54.7227,Forward,Counter-Clockwise
22:02:39.959,10.3,94.9,599,-16.4361,-54.4587,Forward,Stable
22:02:40.043,11.9,81.6,599,-17.3696,-54.1734,Forward,Stable
22:02:40.114,14.1,68.6,599,-17.7300,-54.9870,Up,Stable
22:02:40.194,12.5,77.6,599,-18.6481,-54.5921,Forward,Counter-Clockwise
22:02:40.281,11.4,85.0,599,-17.9246,-53.9270,Forward,Stable
22:02:40.357,13.2,73.4,599,-17.1166,-53.4803,Forward,Stable
22:02:40.439,12.1,80.3,599,-17.3391,-52.5069,Right,Stable
22:02:40.519,12.5,77.7,599,-16.5585,-51.8850,Forward,Stable
22:02:40.604,11.7,82.9,599,-16.1405,-52.5476,Up,Stable
22:02:40.694,11.1,87.6,599,-16.2920,-51.7710,Right,Tilt Down
22:02:40.775,12.3,78.8,599,-16.0788,-52.7198,Right,Stable
22:02:40.858,12.1,80.7,599,-16.2791,-52.9613,Up,Stable
22:02:40.941,12.1,80.2,599,-17.2082,-53.2688,Backward,Stable
22:02:41.038,10.3,94.5,599,-16.3872,-52.8693,Forward,Stable
22:02:41.128,11.1,87.4,599,-15.4732,-52.5660,Forward,Stable
22:02:41.229,9.9,98.6,599,-14.6170,-52.4351,Forward,Counter-Clockwise
22:02:41.334,9.6,102.2,599,-14.3758,-51.9114,Up,Pan Right
22:02:41.436,9.8,99.9,599,-13.4695,-51.9424,Forward,Clockwise
22:02:41.541,9.5,102.5,599,-13.6666,-51.7197,Up,Pan Left
22:02:41.640,10.1,97.0,599,-14.1604,-52.2659,Backward,Stable
22:02:41.744,9.7,100.5,599,-13.4509,-51.7669,Forward,Stable
22:02:41.841,10.3,94.7,599,-12.7005,-51.4096,Forward,Stable
22:02:41.945,9.6,102.0,599,-11.9179,-50.9149,Forward,Stable
22:02:42.047,9.8,99.4,599,-11.4528,-50.3791,Forward,Counter-Clockwise
22:02:42.148,9.9,98.7,599,-11.7539,-49.8610,Up,Stable
22:02:42.244,10.5,93.2,599,-12.4364,-49.7965,Forward,Stable
22:02:42.336,10.9,89.8,599,-13.2320,-49.6165,Forward,Stable
22:02:42.413,13.0,74.3,599,-13.7553,-49.1218,Forward,Clockwise
22:02:42.500,11.5,84.3,599,-13.1282,-49.1142,Forward,Stable
22:02:42.576,13.0,74.3,599,-13.5275,-48.2260,Up,Stable
22:02:42.664,11.4,85.3,599,-12.8215,-48.0220,Forward,Counter-Clockwise
22:02:42.747,12.0,81.3,599,-12.0883,-47.9834,Backward,Stable
22:02:42.831,11.9,81.4,599,-12.7640,-48.0319,Forward,Stable
22:02:42.920,11.2,86.8,599,-12.1914,-47.8782,Backward,Stable
22:02:42.991,14.1,68.6,599,-12.9374,-47.9348,Forward,Stable
22:02:43.078,11.5,84.4,599,-13.5568,-48.0204,Forward,Stable
22:02:43.161,12.1,80.3,599,-14.3076,-48.2119,Forward,Stable
22:02:43.259,10.1,96.4,599,-14.3310,-47.4987,Up,Pan Left
22:02:43.343,11.9,81.7,599,-13.6207,-47.9561,Forward,Stable
22:02:43.416,13.7,70.7,599,-12.9475,-48.5411,Forward,Stable
22:02:43.494,12.9,75.4,599,-13.5449,-47.8036,Backward,Stable
22:02:43.578,11.8,82.2,599,-14.3658,-47.3053,Backward,Stable
22:02:43.661,12.1,80.5,599,-13.4476,-47.6233,Forward,Stable
22:02:43.751,11.1,87.8,599,-12.5454,-47.8047,Forward,Stable
22:02:43.835,11.9,81.6,599,-11.9871,-47.1682,Right,Tilt Down
22:02:43.905,14.4,67.1,599,-11.4360,-46.6106,Forward,Stable
22:02:43.983,12.7,76.4,599,-10.9845,-45.7542,Forward,Stable
22:02:44.080,10.4,93.8,599,-10.6817,-45.1382,Forward,Clockwise
22:02:44.163,12.0,80.8,599,-11.1896,-44.2968,Forward,Counter-Clockwise
22:02:44.252,11.2,87.2,599,-11.3489,-43.3118,Forward,Stable
22:02:44.351,10.2,96.0,599,-12.3358,-43.4687,Up,Pan Right
22:02:44.438,11.4,85.2,599,-13.1443,-43.9208,Right,Stable
22:02:44.524,11.6,83.6,599,-12.6735,-44.7904,Forward,Stable
22:02:44.608,12.0,81.4,599,-13.1828,-43.9298,Backward,Stable
22:02:44.688,12.5,77.6,599,-12.5756,-44.7208,Forward,Stable
22:02:44.784,10.4,93.9,599,-11.9936,-45.5007,Forward,Counter-Clockwise
22:02:44.865,12.3,78.9,599,-12.1030,-44.8630,Backward,Stable
22:02:44.950,11.8,82.7,599,-11.8617,-45.6825,Forward,Stable
22:02:45.026,13.2,73.5,599,-11.0394,-45.1349,Right,Stable
22:02:45.113,11.6,84.2,599,-10.7132,-45.8709,Forward,Stable
22:02:45.199,11.6,83.5,599,-10.5270,-46.6976,Forward,Clockwise
22:02:45.276,12.9,75.5,599,-10.8162,-47.5048,Forward,Counter-Clockwise
22:02:45.362,11.7,83.1,599,-10.1224,-48.1833,Right,Tilt Up
22:02:45.459,10.3,94.8,599,-10.8702,-48.0842,Forward,Clockwise
22:02:45.541,12.2,79.3,599,-10.4295,-47.4142,Forward,Clockwise
22:02:45.622,12.4,78.3,599,-11.1258,-47.0371,Forward,Clockwise
22:02:45.704,12.1,80.1,599,-11.1311,-46.4695,Forward,Clockwise
22:02:45.790,11.6,84.1,599,-11.4088,-46.3881,Forward,Stable
22:02:45.868,12.9,75.0,599,-11.5067,-46.2115,Forward,Counter-Clockwise
22:02:45.951,12.1,80.3,599,-12.4292,-45.8792,Right,Tilt Up
22:02:46.035,11.8,82.2,599,-12.7639,-46.6342,Right,Stable
22:02:46.115,12.6,77.1,599,-12.0326,-46.3749,Forward,Stable
22:02:46.201,11.6,83.7,599,-11.2715,-46.1418,Forward,Stable
22:02:46.277,13.0,74.3,599,-12.2661,-46.1771,Right,Stable
22:02:46.361,12.0,81.0,599,-11.5312,-45.9215,Forward,Counter-Clockwise
22:02:46.440,12.6,77.1,599,-11.1921,-46.8274,Up,Stable
22:02:46.530,11.1,88.0,599,-10.5991,-46.5045,Right,Tilt Down
22:02:46.619,11.3,86.5,599,-11.1439,-47.1045,Forward,Counter-Clockwise
22:02:46.693,13.6,71.4,599,-10.4123,-47.2867,Forward,Counter-Clockwise
22:02:46.781,11.3,85.9,599,-10.4841,-46.8856,Right,Stable
22:02:46.853,13.8,70.2,599,-10.9143,-47.7477,Forward,Clockwise
22:02:46.928,13.4,72.1,599,-10.2468,-47.9330,Forward,Counter-Clockwise
22:02:47.013,11.8,82.7,599,-10.9185,-48.5606,Forward,Clockwise
22:02:47.090,12.9,75.1,599,-11.7282,-48.0981,Backward,Stable
22:02:47.176,11.7,83.3,599,-10.7376,-47.9927,Forward,Counter-Clockwise
22:02:47.249,13.7,70.5,599,-11.2704,-48.0814,Forward,Stable
22:02:47.335,11.6,84.1,599,-12.0925,-48.0574,Forward,Counter-Clockwise
22:02:47.425,11.1,87.4,599,-11.6278,-48.2345,Forward,Stable
22:02:47.496,14.0,68.9,599,-10.8751,-48.2503,Forward,Stable
22:02:47.582,11.6,83.9,599,-10.1172,-48.0734,Forward,Clockwise
22:02:47.679,10.4,93.7,599,-10.9105,-47.9458,Forward,Stable
22:02:47.762,12.0,81.0,599,-11.2374,-47.0146,Right,Stable
22:02:47.841,12.8,76.1,599,-11.9348,-46.8571,Forward,Clockwise
22:02:47.918,12.9,74.9,599,-12.5745,-46.9321,Backward,Stable
22:02:47.998,12.5,77.2,599,-13.0353,-46.0599,Right,Tilt Up
22:02:48.080,12.2,79.4,599,-13.5546,-46.1303,Forward,Stable
22:02:48.161,12.2,79.2,599,-12.7854,-46.7193,Right,Stable
22:02:48.243,12.2,79.6,599,-13.4716,-46.9002,Forward,Counter-Clockwise
22:02:48.317,13.6,71.2,599,-13.3751,-46.0712,Forward,Stable
22:02:48.405,11.3,85.8,599,-12.7042,-46.5363,Right,Stable
22:02:48.475,14.3,67.8,599,-13.4886,-46.7544,Up,Stable
22:02:48.552,13.0,74.6,599,-13.4014,-47.2271,Right,Tilt Down
22:02:48.625,13.6,71.2,599,-13.1074,-47.9904,Forward,Clockwise
22:02:48.712,11.5,84.4,599,-12.2825,-48.3596,Up,Stable
22:02:48.899,5.3,184.7,599,-12.6415,-49.2925,Forward,Stable
22:02:48.996,10.3,94.1,599,-12.9353,-50.2431,Forward,Stable
22:02:49.108,8.9,109.0,599,-12.7718,-50.2739,Right,Stable
22:02:49.208,10.1,97.0,599,-12.8294,-51.1995,Forward,Stable
22:02:49.305,10.3,94.9,599,-12.8348,-52.1216,Forward,Counter-Clockwise
22:02:49.397,10.9,89.2,599,-13.8118,-52.3243,Up,Stable
22:02:49.485,11.4,85.6,599,-13.7320,-53.1283,Forward,Stable
22:02:49.558,13.7,70.8,599,-14.5304,-53.5363,Up,Stable
22:02:49.634,13.1,74.2,599,-15.4646,-53.8094,Up,Pan Right
22:02:49.715,12.4,78.6,599,-15.0730,-53.1057,Forward,Counter-Clockwise
22:02:49.800,11.8,82.4,599,-15.1691,-52.1897,Forward,Stable
22:02:49.895,10.5,92.5,599,-15.1890,-51.2533,Forward,Stable
22:02:49.966,14.1,68.5,599,-15.3336,-50.3335,Forward,Stable
22:02:50.054,11.4,85.7,599,-15.3874,-49.4190,Forward,Stable
22:02:50.139,11.7,82.9,599,-15.2043,-48.5450,Forward,Stable
22:02:50.213,13.5,72.0,599,-15.3607,-47.6430,Forward,Stable
22:02:50.300,11.5,84.9,599,-15.2026,-46.6706,Forward,Stable
22:02:50.373,13.9,69.7,599,-15.4625,-46.7824,Right,Tilt Up
22:02:50.457,11.8,82.4,599,-15.2696,-47.4305,Forward,Clockwise
22:02:50.535,12.8,75.7,599,-15.3235,-47.5293,Forward,Stable
22:02:50.612,13.1,74.2,599,-15.7977,-48.3063,Up,Stable
22:02:50.699,11.4,85.4,599,-16.3965,-49.0181,Up,Pan Left
22:02:50.769,14.3,67.5,599,-17.1827,-48.7405,Forward,Stable
22:02:50.848,12.7,76.2,599,-16.7421,-47.8461,Up,Stable
22:02:50.936,11.4,85.5,599,-17.4660,-47.7008,Forward,Clockwise
22:02:51.018,12.1,80.2,599,-16.8770,-47.3118,Forward,Counter-Clockwise
22:02:51.101,12.0,80.7,599,-17.5309,-47.1496,Forward,Stable
22:02:51.177,13.3,73.0,599,-18.1189,-46.8904,Forward,Stable
22:02:51.263,11.5,84.4,599,-18.6830,-46.3538,Forward,Stable
22:02:51.341,12.9,75.1,599,-19.3249,-46.0932,Forward,Stable
22:02:51.430,11.2,87.2,599,-20.0496,-45.6904,Forward,Counter-Clockwise
22:02:51.515,11.8,82.5,599,-19.4256,-45.3484,Forward,Clockwise
22:02:51.591,13.1,74.0,599,-18.8779,-44.6861,Up,Pan Left
22:02:51.680,11.2,86.4,599,-17.9640,-44.9523,Right,Tilt Down
22:02:51.752,14.0,68.9,599,-18.4044,-45.0305,Forward,Clockwise
22:02:51.827,13.2,73.3,599,-18.3109,-44.9306,Forward,Stable
22:02:51.909,12.2,79.9,599,-17.9324,-44.6431,Forward,Stable
22:02:51.988,12.7,76.1,599,-18.0933,-44.2061,Forward,Stable
22:02:52.087,10.1,96.9,599,-17.6684,-44.0871,Forward,Clockwise
22:02:52.167,12.5,77.6,599,-17.8174,-44.3310,Forward,Clockwise
22:02:52.254,11.5,84.3,599,-17.5176,-44.2585,Forward,Stable
22:02:52.331,12.9,74.8,599,-17.8146,-44.1012,Backward,Stable
22:02:52.406,13.4,72.6,599,-17.4931,-44.1283,Forward,Stable
22:02:52.492,11.6,83.7,599,-17.2702,-44.1264,Forward,Stable
22:02:52.578,11.5,84.1,599,-17.2133,-44.3646,Forward,Clockwise
22:02:52.653,13.3,72.6,599,-17.4019,-45.0350,Forward,Stable
22:02:52.739,11.7,82.8,599,-17.4773,-45.9240,Forward,Stable
22:02:52.814,13.2,73.5,599,-17.4417,-46.5114,Forward,Clockwise
22:02:52.897,12.2,79.8,599,-17.3433,-47.1826,Forward,Stable
22:02:52.977,12.4,78.2,599,-17.5175,-46.4722,Right,Tilt Down
22:02:53.061,12.0,81.3,599,-17.7424,-45.8692,Forward,Stable
22:02:53.153,10.8,90.0,599,-17.6143,-45.4126,Forward,Stable
22:02:53.245,10.8,89.9,599,-17.5938,-46.0163,Backward,Stable
22:02:53.331,11.6,83.7,599,-17.4651,-45.5345,Forward,Stable
22:02:53.416,11.8,82.5,599,-17.0408,-44.7707,Up,Stable
22:02:53.493,13.0,74.8,599,-16.3680,-44.1640,Up,Stable
22:02:53.582,11.3,86.1,599,-16.6831,-44.0156,Forward,Stable
22:02:53.663,12.3,79.1,599,-16.7937,-43.2062,Forward,Counter-Clockwise
22:02:53.741,12.9,75.4,599,-16.3113,-43.6772,Backward,Stable
22:02:53.824,12.0,80.9,599,-16.8781,-43.1782,Forward,Stable
22:02:53.904,12.6,77.3,599,-17.7398,-43.4041,Up,Pan Right
22:02:53.993,11.2,86.6,599,-18.0771,-43.8193,Forward,Counter-Clockwise
22:02:54.066,13.6,71.0,599,-17.3735,-43.9311,Forward,Counter-Clockwise
22:02:54.151,11.8,82.2,599,-17.8351,-43.8844,Forward,Counter-Clockwise
22:02:54.237,11.6,83.9,599,-17.6194,-43.0202,Right,Tilt Down
22:02:54.320,12.0,80.8,599,-16.7739,-43.2572,Forward,Stable
22:02:54.405,11.8,82.2,599,-16.6762,-42.7918,Up,Pan Right
22:02:54.492,11.5,84.6,599,-17.4085,-42.5580,Forward,Clockwise
22:02:54.565,13.7,70.7,599,-16.5805,-42.9189,Up,Pan Left
22:02:54.651,11.7,83.5,599,-15.8626,-42.2714,Backward,Stable
22:02:54.724,13.7,70.7,599,-16.7096,-42.7395,Forward,Stable
22:02:54.810,11.6,84.1,599,-17.5457,-43.2112,Forward,Counter-Clockwise
22:02:54.888,12.8,75.7,599,-17.6546,-42.9594,Up,Pan Right
22:02:54.969,12.4,78.3,599,-18.1400,-42.7824,Forward,Stable
22:02:55.054,11.7,83.4,599,-18.3553,-41.8552,Right,Tilt Down
22:02:55.124,14.3,67.5,599,-19.0587,-42.2242,Forward,Stable
22:02:55.214,11.1,87.5,599,-19.6574,-42.8133,Forward,Stable
22:02:55.296,12.2,79.5,599,-19.9182,-43.3554,Right,Tilt Down
22:02:55.391,10.5,92.9,599,-19.8177,-43.4601,Forward,Stable
22:02:55.476,11.9,81.9,599,-19.7962,-43.4593,Forward,Stable
22:02:55.552,13.0,74.4,599,-20.6616,-43.7083,Up,Stable
22:02:55.635,12.2,79.9,599,-20.7941,-43.4122,Forward,Stable
22:02:55.713,12.7,76.5,599,-20.8186,-44.4037,Up,Stable
22:02:55.793,12.5,77.5,599,-21.3939,-44.4194,Forward,Clockwise
22:02:55.879,11.7,83.4,599,-21.2789,-45.0475,Forward,Stable
22:02:55.950,13.9,69.4,599,-21.6073,-45.5879,Forward,Counter-Clockwise
22:02:56.035,11.8,82.0,599,-20.9046,-46.0662,Forward,Clockwise
22:02:56.112,13.0,74.7,599,-20.0128,-46.5118,Right,Stable
22:02:56.192,12.4,78.1,599,-20.3641,-47.0271,Forward,Counter-Clockwise
22:02:56.269,13.0,74.6,599,-21.0942,-46.4427,Backward,Stable
22:02:56.347,12.9,75.2,599,-20.2537,-46.9231,Forward,Stable
22:02:56.443,10.4,94.2,599,-19.6016,-47.5739,Forward,Counter-Clockwise
22:02:56.524,12.3,78.8,599,-19.5851,-48.0785,Up,Stable
22:02:56.611,11.6,84.1,599,-19.8753,-48.8340,Forward,Counter-Clockwise
22:02:56.695,11.9,81.4,599,-20.6483,-49.4609,Right,Tilt Down
22:02:56.769,13.5,71.9,599,-20.8539,-48.9358,Forward,Stable
22:02:56.855,11.6,84.2,599,-21.8074,-48.7954,Right,Stable
22:02:56.932,13.1,74.1,599,-21.9932,-48.0019,Up,Stable
22:02:57.017,11.7,83.1,599,-21.2726,-47.4572,Up,Stable
22:02:57.095,12.9,75.1,599,-21.5292,-46.8362,Forward,Stable
22:02:57.178,12.0,80.8,599,-21.9767,-46.0975,Forward,Clockwise
22:02:57.265,11.4,85.1,599,-21.3429,-45.4312,Forward,Stable
22:02:57.335,14.4,66.9,599,-20.8239,-44.7642,Forward,Counter-Clockwise
22:02:57.420,11.7,83.3,599,-21.0370,-44.2160,Forward,Stable
22:02:57.498,12.9,74.9,599,-20.7614,-44.8184,Backward,Stable
22:02:57.590,10.9,89.8,599,-21.5787,-45.3904,Right,Stable
22:02:57.668,12.8,75.6,599,-21.3217,-44.7105,Up,Stable
22:02:57.753,11.8,82.4,599,-21.6042,-44.1296,Forward,Stable
22:02:57.841,11.3,86.0,599,-21.8459,-43.5481,Forward,Clockwise
22:02:57.916,13.2,73.3,599,-21.6191,-42.8790,Forward,Stable
22:02:58.004,11.5,84.6,599,-21.7339,-42.0189,Forward,Stable
22:02:58.081,12.9,75.4,599,-21.7588,-41.4980,Forward,Counter-Clockwise
22:02:58.163,12.2,79.4,599,-22.1378,-40.9055,Forward,Stable
22:02:58.251,11.4,85.4,599,-21.6552,-40.0313,Up,Stable
22:02:58.345,10.6,92.0,599,-21.4413,-40.6596,Backward,Stable
22:02:58.427,12.2,79.6,599,-21.5974,-40.1779,Forward,Stable
22:02:58.514,11.5,84.8,599,-21.7436,-39.7142,Forward,Clockwise
22:02:58.605,11.0,86.7,599,-21.7479,-39.7265,Backward,Stable
22:02:58.698,10.8,90.4,599,-21.7014,-39.8378,Forward,Stable
22:02:58.777,12.7,76.7,599,-21.5709,-39.8196,Forward,Counter-Clockwise
22:02:58.856,12.6,77.0,599,-21.6870,-39.0310,Forward,Stable
22:02:58.936,12.5,77.5,599,-21.5987,-38.2964,Forward,Clockwise
22:02:59.008,13.8,70.3,599,-22.1160,-37.8094,Forward,Stable
22:02:59.085,13.1,73.7,599,-22.5579,-37.2224,Forward,Clockwise
22:02:59.161,13.1,73.9,599,-22.8106,-36.4352,Right,Tilt Up
22:02:59.246,11.8,82.5,599,-21.8727,-36.7753,Forward,Counter-Clockwise
22:02:59.325,12.6,76.8,599,-22.8253,-36.9562,Forward,Clockwise
22:02:59.405,12.4,77.9,599,-22.6641,-37.9136,Right,Stable
22:02:59.492,11.5,84.4,599,-21.6929,-37.6773,Forward,Stable
22:02:59.568,13.2,73.6,599,-20.7051,-37.5223,Forward,Stable
22:02:59.658,11.1,87.4,599,-19.7328,-37.4947,Forward,Counter-Clockwise
22:02:59.752,10.6,91.9,599,-19.9508,-38.4638,Right,Stable
22:02:59.830,12.8,75.7,599,-20.9500,-38.4463,Forward,Stable
22:02:59.914,11.9,81.5,599,-21.9320,-38.3365,Forward,Stable
22:02:59.999,11.8,82.3,599,-22.8990,-38.1712,Forward,Stable
22:03:00.081,12.2,79.1,599,-23.2586,-38.2656,Up,Stable
22:03:00.162,12.3,78.8,599,-24.1961,-38.2984,Forward,Stable
22:03:00.237,13.2,73.3,599,-25.1582,-38.0384,Forward,Stable
22:03:00.319,12.2,79.8,599,-26.1568,-38.0624,Forward,Stable
22:03:00.393,13.7,70.8,599,-25.1917,-38.3191,Backward,Stable
22:03:00.476,12.0,81.1,599,-26.1530,-38.0513,Forward,Stable
22:03:00.549,13.7,70.8,599,-25.9509,-37.1291,Up,Pan Left
22:03:00.630,12.3,78.7,599,-25.8732,-37.3143,Forward,Stable
22:03:00.702,13.9,69.7,599,-25.3468,-36.6897,Right,Stable
22:03:00.789,11.5,84.8,599,-24.5584,-37.2035,Up,Stable
22:03:00.886,10.4,94.1,599,-24.3431,-37.4945,Forward,Counter-Clockwise
22:03:00.960,13.5,71.5,599,-24.6068,-36.6581,Right,Tilt Down
22:03:01.036,13.1,73.9,599,-23.8758,-35.9832,Forward,Counter-Clockwise
22:03:01.117,12.3,78.7,599,-24.8105,-36.2383,Forward,Stable
22:03:01.199,12.2,79.7,599,-25.7367,-36.5183,Forward,Stable
22:03:01.282,12.0,80.9,599,-26.7163,-36.7047,Forward,Counter-Clockwise
22:03:01.356,13.6,71.2,599,-26.0309,-36.1261,Forward,Stable
22:03:01.437,12.2,79.6,599,-25.2501,-35.5612,Forward,Stable
22:03:01.515,12.8,75.5,599,-24.4219,-35.0008,Forward,Clockwise
22:03:01.592,13.1,73.9,599,-23.4241,-34.9376,Backward,Stable
22:03:01.685,10.7,90.8,599,-23.3907,-33.9393,Up,Pan Left
22:03:01.759,13.6,71.4,599,-22.9076,-33.9191,Forward,Stable
22:03:01.846,11.4,85.2,599,-22.3542,-33.8777,Forward,Stable
22:03:01.940,10.7,91.2,599,-21.6152,-34.3885,Up,Pan Right
22:03:02.026,11.7,83.3,599,-21.7285,-33.8256,Forward,Counter-Clockwise
22:03:02.116,11.0,88.4,599,-20.8099,-33.8627,Right,Tilt Up
22:03:02.195,12.7,76.3,599,-20.8744,-34.4259,Forward,Clockwise
22:03:02.267,13.8,69.9,599,-21.1118,-33.7801,Right,Stable
22:03:02.356,11.2,86.7,599,-21.4728,-33.1522,Right,Stable
22:03:02.436,12.6,77.0,599,-21.2600,-33.6720,Forward,Clockwise
22:03:02.515,12.6,77.1,599,-21.3836,-34.1859,Forward,Stable
22:03:02.597,12.1,80.2,599,-21.5296,-34.8133,Forward,Stable
22:03:02.677,12.6,77.1,599,-21.6105,-35.3463,Forward,Stable
22:03:02.761,11.9,81.5,599,-22.0426,-36.0020,Forward,Stable
22:03:02.831,14.2,68.2,599,-21.4767,-36.3200,Forward,Counter-Clockwise
22:03:02.923,10.9,89.0,599,-21.6169,-36.9001,Backward,Stable
22:03:03.005,12.2,79.8,599,-21.5765,-36.4379,Forward,Stable
22:03:03.093,11.3,86.2,599,-21.0927,-35.9740,Forward,Counter-Clockwise
22:03:03.177,12.0,81.2,599,-21.7835,-35.2808,Forward,Clockwise
22:03:03.252,13.3,73.0,599,-21.3949,-34.9176,Forward,Stable
22:03:03.335,12.0,81.0,599,-21.6835,-35.4472,Backward,Stable
22:03:03.409,13.6,71.4,599,-21.1550,-34.8170,Right,Tilt Up
22:03:03.494,11.8,82.3,599,-20.1927,-35.0370,Forward,Stable
22:03:03.577,12.0,81.1,599,-19.2384,-35.2951,Forward,Stable
22:03:03.652,13.2,73.3,599,-18.3779,-35.6495,Forward,Stable
22:03:03.736,12.0,81.1,599,-17.9788,-35.4894,Down,Stable
22:03:03.808,13.8,70.0,599,-18.8187,-35.0420,Backward,Stable
22:03:03.895,11.5,84.8,599,-18.1514,-35.7764,Forward,Clockwise
22:03:03.969,13.5,71.7,599,-19.0419,-35.4085,Forward,Stable
22:03:04.043,13.7,70.8,599,-18.9771,-36.0972,Up,Stable
22:03:04.137,10.6,92.3,599,-18.0492,-36.1311,Backward,Stable
22:03:04.219,12.2,79.7,599,-18.9681,-36.1461,Forward,Stable
22:03:04.307,11.4,85.6,599,-18.6822,-36.6539,Up,Pan Right
22:03:04.389,12.3,79.2,599,-17.7294,-36.8655,Forward,Counter-Clockwise
22:03:04.468,12.6,76.8,599,-18.3917,-37.5869,Forward,Stable
22:03:04.560,10.8,90.1,599,-19.2059,-38.1668,Forward,Counter-Clockwise
22:03:04.639,12.7,76.7,599,-19.8824,-37.4348,Backward,Stable
22:03:04.726,11.5,84.4,599,-19.1384,-38.1028,Forward,Counter-Clockwise
22:03:04.809,12.0,81.0,599,-20.0039,-37.9135,Right,Stable
22:03:04.897,11.4,85.7,599,-20.5381,-38.7588,Forward,Clockwise
22:03:04.985,11.5,84.8,599,-20.2782,-39.7243,Forward,Stable
22:03:05.056,14.1,68.7,599,-20.5365,-38.7767,Backward,Stable
22:03:05.140,11.9,82.0,599,-20.0808,-39.6516,Forward,Clockwise
22:03:05.225,11.8,82.4,599,-20.4363,-40.5858,Forward,Clockwise
22:03:05.312,11.4,85.1,599,-20.7975,-39.7107,Backward,Stable
22:03:05.396,11.9,81.3,599,-20.2021,-40.4407,Forward,Stable
22:03:05.468,13.9,69.6,599,-20.5605,-39.5669,Backward,Stable
22:03:05.551,12.1,80.4,599,-20.1889,-40.4426,Forward,Clockwise
22:03:05.628,13.0,74.8,599,-20.2519,-41.4396,Forward,Stable
22:03:05.707,12.6,77.1,599,-20.0596,-42.4022,Forward,Stable
22:03:05.783,13.3,72.8,599,-19.8141,-43.3670,Forward,Stable
22:03:05.859,13.1,74.0,599,-19.7055,-44.3557,Forward,Stable
22:03:05.947,11.4,85.4,599,-19.6319,-45.3239,Forward,Stable
22:03:06.027,12.5,78.0,599,-19.4807,-46.2957,Forward,Stable
22:03:06.103,13.2,73.3,599,-19.6535,-46.0573,Up,Pan Left
22:03:06.187,11.8,82.4,599,-19.4824,-45.2709,Forward,Stable
22:03:06.265,12.8,75.6,599,-19.1840,-46.2156,Backward,Stable
22:03:06.365,10.0,97.2,599,-19.2860,-45.2240,Forward,Clockwise
22:03:06.444,12.7,76.4,599,-19.3926,-44.7035,Forward,Stable
22:03:06.527,12.0,81.0,599,-20.2568,-44.6930,Right,Tilt Down
22:03:06.604,13.0,74.4,599,-19.7064,-44.7031,Forward,Stable
22:03:06.675,14.0,69.1,599,-18.9451,-45.0866,Forward,Stable
22:03:06.758,12.0,80.9,599,-18.2762,-45.2392,Forward,Stable
22:03:06.843,11.8,82.1,599,-17.5416,-45.4472,Forward,Stable
22:03:06.922,12.7,76.4,599,-18.0952,-46.2760,Right,Stable
22:03:07.002,12.4,77.9,599,-18.8178,-46.5402,Up,Stable
22:03:07.080,12.8,76.1,599,-18.8960,-47.5315,Right,Stable
22:03:07.161,12.5,77.9,599,-18.2037,-47.9276,Forward,Clockwise
22:03:07.251,11.1,87.8,599,-18.7474,-48.6556,Forward,Stable
22:03:07.320,14.4,67.0,599,-19.3596,-49.3531,Forward,Stable
22:03:07.401,12.3,78.9,599,-19.0676,-49.9055,Right,Stable
22:03:07.497,10.5,93.1,599,-18.5444,-49.2023,Backward,Stable
22:03:07.569,13.9,69.4,599,-19.1929,-49.8481,Forward,Stable
22:03:07.646,12.9,75.3,599,-19.7961,-50.6241,Forward,Clockwise
22:03:07.718,14.0,69.4,599,-19.2032,-50.7443,Forward,Clockwise
22:03:07.796,12.9,75.4,599,-19.8973,-51.1338,Forward,Stable
22:03:07.892,10.3,94.3,599,-20.5824,-51.5044,Forward,Stable
22:03:07.974,12.2,79.4,599,-20.2318,-50.7520,Up,Stable
22:03:08.057,12.0,80.7,599,-19.5346,-50.3511,Backward,Stable
22:03:08.143,11.6,83.6,599,-20.1936,-50.8684,Forward,Stable
22:03:08.224,12.3,78.8,599,-19.6188,-50.8035,Up,Stable
22:03:08.321,10.3,94.6,598,-18.8065,-51.3218,Right,Tilt Up
22:03:08.402,12.3,78.8,598,-18.9132,-50.5795,Forward,Stable
22:03:08.501,10.1,96.5,598,-17.9212,-50.5168,Right,Tilt Down
22:03:08.604,9.7,100.5,598,-17.1618,-51.0164,Forward,Clockwise
22:03:08.708,9.6,101.3,597,-17.7935,-50.2932,Right,Tilt Down
22:03:08.814,9.4,103.6,596,-18.7781,-50.4604,Forward,Stable
22:03:08.914,10.0,98.1,596,-17.8071,-50.2589,Backward,Stable
22:03:09.010,10.4,93.6,593,-16.8087,-50.2978,Backward,Stable
22:03:09.114,9.6,101.9,589,-16.9073,-49.7237,Down,Stable
22:03:09.217,9.7,100.7,583,-17.0479,-50.7135,Right,Stable
22:03:09.351,7.5,131.0,575,-16.2201,-50.1561,Backward,Stable
22:03:09.454,9.7,100.7,530,-16.2798,-49.1960,Left,Stable
22:03:09.575,8.3,118.6,504,-16.4164,-48.4705,Left,Pan Left
22:03:09.801,4.4,224.0,563,-15.7489,-49.1760,Right,Stable
22:03:09.946,6.9,141.8,511,-15.3866,-50.1081,Right,Stable
22:03:10.128,5.5,179.8,505,-14.5974,-50.7177,Right,Stable
22:03:10.255,7.8,125.4,530,-14.7077,-49.7600,Left,Stable
22:03:10.408,6.6,150.0,534,-15.7009,-49.7183,Forward,Stable
22:03:10.541,7.5,130.9,514,-15.7738,-48.7225,Left,Stable
22:03:10.678,7.3,134.9,519,-14.9246,-48.1954,Backward,Stable
22:03:10.811,7.5,130.8,538,-13.9913,-47.8669,Backward,Stable
22:03:10.934,8.2,120.1,521,-13.3818,-47.6406,Up,Stable
22:03:11.053,8.4,116.9,512,-14.3485,-47.4796,Forward,Stable
22:03:11.161,9.2,106.2,507,-15.3199,-47.4126,Forward,Stable
22:03:11.266,9.6,102.0,505,-16.1855,-47.2825,Forward,Stable
22:03:11.368,9.8,100.0,505,-15.7725,-48.0731,Right,Stable
22:03:11.472,9.6,101.6,505,-15.8872,-47.6628,Up,Stable
22:03:11.574,9.8,99.6,505,-15.2967,-48.0097,Up,Stable
22:03:11.678,9.6,101.9,505,-15.1346,-48.6056,Up,Stable
22:03:11.780,9.8,99.6,504,-14.2991,-48.0562,Backward,Stable
22:03:11.890,9.1,107.1,504,-13.7731,-48.8990,Right,Stable
22:03:11.991,9.9,98.7,503,-13.4238,-49.7824,Right,Stable
22:03:12.095,9.6,102.1,503,-12.9295,-50.6420,Right,Stable
22:03:12.196,10.0,98.1,502,-12.4398,-49.7745,Backward,Clockwise
22:03:12.298,9.8,99.7,502,-13.2452,-49.2613,Right,Stable
22:03:12.395,10.2,95.3,502,-12.4939,-48.7719,Left,Stable
22:03:12.505,9.1,107.3,563,-13.0311,-49.6064,Forward,Counter-Clockwise
22:03:12.604,10.1,96.4,563,-12.4963,-48.8617,Backward,Stable
22:03:12.699,10.5,92.7,562,-12.1014,-47.9444,Backward,Stable
22:03:12.790,11.0,88.8,562,-12.6135,-48.7969,Forward,Stable
22:03:12.887,10.3,94.6,562,-13.0772,-49.6601,Forward,Stable
22:03:12.985,10.2,96.2,562,-12.4346,-49.8568,Right,Stable
22:03:13.073,11.4,85.5,562,-11.7993,-50.5983,Right,Tilt Down
22:03:13.169,10.4,93.3,562,-10.8143,-50.4937,Right,Stable
22:03:13.258,11.2,86.9,562,-10.0579,-50.9653,Backward,Stable
22:03:13.353,10.6,92.1,562,-9.5169,-50.2117,Right,Tilt Down
22:03:13.446,10.7,91.2,562,-9.8855,-51.1237,Forward,Stable
22:03:13.541,10.5,92.6,562,-10.6382,-51.6209,Forward,Counter-Clockwise
22:03:13.678,7.3,101.5,562,-11.3624,-50.9766,Backward,Stable
22:03:13.799,8.3,118.3,562,-11.8699,-51.6934,Right,Stable
22:03:13.898,10.1,93.9,562,-11.1282,-52.3507,Forward,Stable
22:03:14.052,6.5,151.8,562,-10.3756,-53.0029,Forward,Stable
22:03:14.172,8.4,115.2,562,-9.6203,-53.6327,Forward,Stable
22:03:14.274,9.8,99.9,562,-8.7394,-54.0443,Forward,Clockwise
22:03:14.370,10.4,93.9,559,-9.0794,-54.5187,Up,Stable
22:03:14.470,10.0,97.4,558,-8.9778,-54.8476,Up,Stable
22:03:15.601,0.9,128.4,170,-9.1552,-53.8635,Down,Stable
22:03:16.284,1.5,95.6,269,-9.4132,-54.8162,Forward,Stable
22:03:16.382,10.2,96.2,339,-10.4069,-54.9174,Forward,Clockwise
22:03:16.463,12.4,78.5,350,-9.5768,-54.3942,Forward,Stable
22:03:16.544,12.5,78.0,399,-9.2619,-55.2353,Up,Stable
22:03:16.622,12.8,75.8,420,-8.7546,-55.5326,Up,Stable
22:03:16.704,12.2,79.5,451,-7.7731,-55.3497,Forward,Stable
22:03:16.807,9.7,101.0,464,-8.5431,-55.9856,Backward,Stable
22:03:16.913,9.4,103.6,473,-7.5471,-55.9093,Forward,Clockwise
22:03:16.996,12.1,80.5,485,-8.2352,-55.1854,Forward,Clockwise
22:03:17.076,12.4,78.1,490,-8.1174,-54.2177,Forward,Stable
22:03:17.157,12.3,79.0,494,-8.3732,-53.4804,Forward,Stable
22:03:17.252,10.6,92.1,498,-8.1179,-53.1231,Up,Pan Right
22:03:17.352,10.0,98.2,500,-8.1656,-54.0744,Forward,Stable
22:03:17.437,11.7,82.9,500,-8.1804,-54.6983,Right,Tilt Down
22:03:17.524,11.5,84.7,500,-7.8974,-54.7377,Right,Stable
22:03:17.601,13.0,74.8,507,-8.6626,-54.3617,Forward,Stable
22:03:17.680,12.8,75.8,507,-9.2504,-55.1276,Up,Pan Right
22:03:17.758,12.7,76.6,507,-9.0518,-54.4066,Up,Pan Right
22:03:17.834,13.2,73.4,507,-8.6358,-54.9026,Backward,Stable
22:03:17.906,14.0,69.4,507,-9.2009,-55.7244,Up,Pan Left
22:03:17.985,12.7,76.6,507,-9.4737,-56.5308,Forward,Stable
22:03:18.056,14.0,69.4,506,-10.0302,-55.7380,Up,Stable
22:03:18.133,13.0,74.6,506,-9.7356,-56.6459,Forward,Stable
22:03:18.219,11.7,83.5,506,-10.5679,-56.1762,Up,Stable
22:03:18.291,13.9,69.5,506,-10.8160,-55.9332,Up,Stable
22:03:18.368,12.9,75.2,506,-11.2127,-55.2727,Backward,Stable
22:03:18.462,10.7,91.1,506,-11.4496,-54.5373,Backward,Stable
22:03:18.546,11.9,81.5,506,-11.4107,-53.8222,Up,Stable
22:03:18.616,14.2,68.4,505,-12.3436,-53.9411,Right,Tilt Down
22:03:18.691,13.3,71.8,505,-11.3639,-54.0164,Up,Stable
22:03:18.778,11.5,84.6,505,-12.1770,-54.4648,Right,Tilt Down
22:03:18.861,12.0,80.5,505,-12.6689,-53.5953,Right,Tilt Up
22:03:18.946,11.8,82.7,505,-12.8732,-54.3064,Up,Stable
22:03:19.017,14.2,68.2,505,-13.3432,-55.1365,Up,Pan Left
22:03:19.090,13.6,71.0,505,-12.3948,-55.3943,Backward,Stable
22:03:19.178,11.4,85.6,505,-12.3559,-55.8050,Right,Stable
22:03:20.302,0.9,120.4,163,-13.2595,-55.3846,Forward,Stable
22:03:20.916,1.6,88.2,274,-13.6501,-55.0828,Up,Stable
22:03:20.994,12.9,75.3,356,-14.4624,-54.5251,Forward,Stable
22:03:21.088,10.6,91.9,386,-14.9464,-55.3094,Right,Stable
22:03:21.168,12.5,77.4,398,-15.6551,-55.1509,Forward,Counter-Clockwise
22:03:21.265,10.2,95.4,422,-14.7910,-55.6529,Forward,Stable
22:03:21.357,10.9,89.8,443,-13.8472,-55.9816,Forward,Stable
22:03:21.452,10.5,92.5,452,-12.9662,-56.4537,Forward,Stable
22:03:21.542,11.2,87.0,456,-13.5836,-57.1705,Right,Tilt Up
22:03:21.628,11.5,84.4,464,-12.5893,-57.2523,Left,Stable
22:03:21.733,9.5,102.6,475,-13.1649,-56.5126,Right,Stable
22:03:21.823,11.2,87.2,481,-12.8743,-55.5730,Forward,Stable
22:03:21.917,10.6,92.0,486,-12.2024,-54.8593,Forward,Stable
22:03:22.020,9.7,100.9,489,-13.0014,-55.3635,Backward,Stable
22:03:22.104,11.9,81.8,493,-12.2998,-54.6710,Forward,Stable
22:03:22.190,11.6,84.1,496,-11.6992,-53.8741,Forward,Stable
22:03:22.275,11.9,81.8,503,-10.8248,-54.2929,Left,Stable
22:03:22.354,12.6,77.3,501,-11.6996,-53.9126,Right,Tilt Down
22:03:22.445,11.0,88.3,501,-12.5015,-54.1453,Right,Tilt Down
22:03:22.517,13.9,68.4,500,-13.4428,-53.8512,Right,Tilt Up
22:03:22.605,11.3,86.1,500,-14.3089,-54.2304,Right,Stable
22:03:22.685,12.5,77.4,500,-14.2649,-54.0022,Up,Stable
22:03:22.767,12.2,79.9,500,-14.9065,-54.6014,Right,Stable
22:03:22.858,11.0,88.2,500,-15.7115,-55.1037,Right,Tilt Down
22:03:22.935,12.9,75.5,500,-16.5617,-55.3711,Right,Tilt Down
22:03:23.026,11.1,88.2,500,-16.6193,-55.0978,Up,Stable
22:03:23.104,12.8,75.9,523,-16.9563,-55.8617,Forward,Stable
22:03:23.190,11.6,83.9,523,-17.6186,-55.9655,Right,Stable
22:03:23.298,9.3,105.8,523,-17.7168,-56.5826,Forward,Stable
22:03:23.482,5.4,166.1,523,-18.1818,-56.1341,Right,Tilt Down
22:03:23.591,9.2,104.9,523,-18.3202,-55.1752,Forward,Stable
22:03:23.669,12.7,76.6,522,-18.3204,-56.1722,Backward,Stable
22:03:23.749,12.6,77.1,521,-18.1516,-55.2086,Forward,Stable
22:03:23.843,10.6,92.0,521,-18.3428,-56.0726,Backward,Stable
22:03:23.937,10.7,91.5,520,-18.7606,-55.7579,Right,Stable
22:03:24.020,12.1,80.5,520,-18.6450,-54.7661,Forward,Stable
22:03:24.119,10.1,95.4,513,-18.8520,-55.6658,Backward,Stable
22:03:24.221,9.7,100.2,512,-18.7434,-56.6026,Backward,Stable
22:03:24.317,10.5,93.0,512,-19.3131,-56.2777,Right,Stable
22:03:24.409,10.8,90.6,512,-19.8842,-55.9651,Right,Stable
22:03:24.505,10.5,93.1,512,-20.3683,-55.6839,Right,Stable
22:03:24.596,11.0,88.4,512,-21.2683,-55.6637,Right,Tilt Up
22:03:24.697,9.9,99.1,512,-20.6562,-54.8729,Backward,Stable
22:03:24.777,12.4,78.3,512,-20.2365,-53.9958,Backward,Stable
22:03:24.869,10.9,89.6,512,-19.6064,-53.2279,Backward,Stable
22:03:24.960,11.0,88.3,512,-19.4125,-52.2471,Backward,Stable
22:03:25.057,10.3,94.5,512,-18.8840,-51.4233,Backward,Stable
22:03:25.153,10.4,94.1,512,-18.4216,-50.5694,Backward,Stable
22:03:25.239,11.6,82.8,512,-18.8629,-51.3238,Forward,Clockwise
22:03:25.333,10.7,91.3,512,-18.3073,-50.9095,Forward,Clockwise
22:03:25.413,12.5,77.8,512,-17.6087,-50.4259,Up,Pan Right
22:03:25.496,12.1,80.3,512,-18.1924,-51.2348,Right,Tilt Down
22:03:25.585,11.2,87.0,512,-18.2967,-51.9955,Backward,Stable
22:03:25.679,10.6,91.9,512,-18.2133,-51.1767,Forward,Stable
22:03:25.766,11.6,83.8,512,-18.6023,-51.3358,Up,Pan Left
22:03:25.856,11.0,88.3,512,-18.3125,-51.3794,Up,Pan Left
22:03:25.941,11.8,82.0,512,-19.2519,-51.0377,Right,Stable
22:03:26.003,16.2,46.1,512,-20.1000,-50.5856,Right,Stable
22:03:26.050,21.0,44.2,512,-21.0063,-50.6238,Right,Tilt Up
22:03:26.095,22.1,41.3,512,-21.1323,-49.6809,Backward,Stable
22:03:26.146,19.8,47.6,512,-20.4458,-49.8002,Down,Stable
22:03:26.196,20.0,48.1,508,-20.7135,-50.7510,Forward,Stable
22:03:26.239,23.6,40.5,508,-20.9290,-51.6278,Forward,Counter-Clockwise
22:03:26.280,24.2,36.3,508,-20.1433,-52.2222,Forward,Counter-Clockwise
22:03:26.326,21.4,44.3,508,-20.3350,-51.2729,Up,Pan Left
22:03:26.365,26.0,35.8,508,-20.2312,-51.1083,Forward,Stable
22:03:26.405,24.9,37.2,508,-20.5284,-51.5970,Backward,Stable
22:03:26.449,22.6,41.8,508,-20.1772,-51.1998,Forward,Counter-Clockwise
22:03:26.493,23.1,40.9,508,-20.4888,-51.1184,Forward,Stable
22:03:26.531,25.7,36.4,508,-20.5990,-51.3780,Forward,Clockwise
22:03:26.564,31.0,29.4,508,-19.8500,-52.0168,Up,Stable
22:03:26.614,19.8,42.5,508,-19.4285,-52.3240,Forward,Stable
22:03:26.659,22.6,41.8,508,-19.0872,-52.5107,Forward,Stable
22:03:26.698,25.1,36.6,508,-18.2553,-52.7450,Up,Stable
22:03:26.740,24.1,38.5,508,-17.5995,-53.3111,Up,Stable
22:03:26.789,20.5,45.4,508,-17.3151,-53.3767,Forward,Stable
22:03:26.836,21.3,44.1,508,-16.5171,-53.7355,Up,Pan Right
22:03:26.877,24.3,39.6,508,-16.9017,-54.5650,Right,Stable
22:03:26.918,24.2,39.2,508,-16.8262,-55.5564,Right,Stable
22:03:26.966,21.1,44.9,508,-17.1863,-55.3807,Forward,Stable
22:03:27.003,26.9,34.2,508,-17.3079,-56.3439,Right,Stable
22:03:27.037,29.5,30.7,508,-17.3895,-56.1130,Forward,Stable
22:03:27.076,25.5,36.8,508,-17.4466,-55.8985,Forward,Clockwise
22:03:27.117,24.2,39.0,508,-17.7870,-55.6313,Forward,Stable
22:03:27.164,21.2,44.0,508,-16.9952,-55.2954,Up,Pan Right
22:03:27.206,24.0,39.1,508,-17.3606,-56.0837,Forward,Stable
22:03:27.247,24.4,38.0,508,-17.8914,-56.8567,Forward,Counter-Clockwise
22:03:27.285,26.2,35.5,508,-17.0317,-56.3459,Right,Tilt Up
22:03:27.329,23.1,41.6,508,-17.2319,-57.0278,Up,Stable
22:03:27.361,30.4,29.7,508,-17.5998,-56.2599,Forward,Stable
22:03:27.403,24.1,38.5,508,-17.3728,-56.7653,Up,Pan Left
22:03:27.451,20.9,44.6,508,-16.7615,-55.9761,Up,Stable
22:03:27.491,24.8,37.3,508,-16.1386,-55.2507,Up,Pan Left
22:03:27.530,25.9,36.3,508,-16.5735,-55.8738,Right,Tilt Down
22:03:27.574,22.8,40.9,508,-16.7425,-56.5795,Forward,Stable
22:03:27.611,27.1,34.8,508,-17.1174,-57.4287,Forward,Counter-Clockwise
22:03:27.644,29.5,30.8,508,-16.3361,-58.0018,Forward,Clockwise
22:03:27.676,31.5,30.2,508,-16.7982,-58.8672,Forward,Stable
22:03:27.718,23.9,40.3,508,-16.8302,-59.8079,Forward,Stable
22:03:27.763,22.2,41.9,508,-16.4814,-60.7266,Forward,Stable
22:03:27.801,26.1,34.6,508,-16.7639,-60.8095,Up,Stable
22:03:27.834,30.5,30.1,508,-16.9532,-60.9327,Up,Stable
22:03:27.873,26.0,35.5,508,-17.2533,-61.8774,Forward,Stable
22:03:27.922,20.4,45.9,508,-17.1217,-62.8659,Forward,Counter-Clockwise
22:03:27.987,15.3,61.7,508,-17.1665,-63.7950,Forward,Stable
22:03:28.052,15.4,61.2,508,-16.5472,-64.3346,Up,Stable
22:03:28.118,15.2,63.1,508,-16.7083,-65.1225,Forward,Stable
22:03:28.182,15.6,61.1,508,-16.8170,-66.0107,Forward,Clockwise
22:03:28.248,15.1,62.7,508,-16.7763,-66.5069,Up,Pan Right
22:03:28.311,16.0,60.2,508,-16.4212,-66.4328,Up,Stable
22:03:28.371,16.5,58.5,508,-15.9989,-66.0364,Up,Stable
22:03:28.426,18.4,51.2,508,-15.8606,-65.2873,Forward,Clockwise
22:03:28.482,17.7,43.6,508,-16.3123,-65.2174,Forward,Stable
22:03:28.528,21.6,43.2,506,-17.0253,-64.6860,Forward,Clockwise
22:03:28.571,23.1,40.3,506,-16.7772,-63.7176,Up,Pan Right
22:03:28.619,21.2,44.7,532,-17.4036,-63.6047,Forward,Stable
22:03:28.658,25.7,35.9,526,-18.2590,-63.4046,Forward,Stable
22:03:28.694,27.8,33.5,508,-18.9011,-63.3809,Forward,Stable
22:03:28.739,21.9,42.4,506,-18.3581,-63.1604,Right,Stable
22:03:28.792,19.0,49.3,506,-19.2267,-63.0634,Forward,Stable
22:03:28.838,21.7,44.0,506,-19.5782,-63.9559,Up,Stable
22:03:28.882,22.5,41.0,506,-19.8407,-64.9201,Up,Pan Left
22:03:28.922,24.9,38.2,505,-20.1978,-63.9939,Up,Stable
22:03:28.967,22.2,43.0,505,-20.4067,-63.7550,Forward,Stable
22:03:29.005,26.6,35.5,505,-21.3496,-63.9825,Right,Tilt Up
22:03:29.051,22.0,42.1,504,-22.3094,-63.7312,Right,Tilt Down
22:03:29.090,25.5,36.6,504,-22.2790,-63.2530,Forward,Stable
22:03:29.127,26.8,35.7,503,-22.9355,-63.8777,Right,Tilt Up
22:03:29.158,32.1,28.7,503,-23.2107,-63.9931,Forward,Stable
22:03:29.193,29.2,31.8,503,-23.2161,-64.1152,Forward,Counter-Clockwise
22:03:29.244,19.5,48.4,503,-23.0956,-63.6083,Forward,Stable
22:03:29.287,23.2,40.2,503,-22.5855,-63.4960,Forward,Clockwise
22:03:29.326,25.4,36.9,503,-23.2024,-62.9845,Forward,Clockwise
22:03:29.374,21.0,38.4,503,-22.2678,-62.6761,Forward,Stable
22:03:29.411,27.0,33.9,503,-21.3366,-63.0372,Up,Stable
22:03:29.448,26.8,33.6,503,-21.2318,-62.6234,Forward,Counter-Clockwise
22:03:29.483,29.0,31.5,503,-21.7952,-62.8976,Forward,Clockwise
22:03:29.525,23.6,40.7,503,-21.1612,-62.3601,Forward,Stable
22:03:29.563,26.2,35.5,503,-20.4775,-61.8924,Forward,Clockwise
22:03:29.607,23.1,40.0,503,-21.0021,-62.2285,Forward,Counter-Clockwise
22:03:29.641,29.3,32.5,503,-21.4775,-61.9942,Right,Stable
22:03:29.674,30.3,30.0,503,-21.4926,-62.6605,Backward,Stable
22:03:29.711,27.2,33.5,503,-20.7648,-63.3461,Up,Pan Left
22:03:29.755,22.6,42.5,503,-20.2786,-64.1593,Right,Stable
22:03:29.797,23.5,39.2,503,-19.8429,-65.0534,Right,Tilt Up
22:03:29.836,25.9,36.9,503,-18.9967,-65.5811,Backward,Clockwise
22:03:29.872,28.0,34.0,503,-19.2029,-66.0669,Up,Stable
22:03:29.924,19.3,49.4,503,-19.3550,-67.0162,Up,Pan Right
22:03:29.964,24.5,38.5,503,-18.6997,-67.1210,Backward,Stable
22:03:29.998,29.4,31.2,503,-18.0067,-67.7621,Right,Stable
22:03:30.048,20.0,36.4,503,-17.6991,-66.8318,Up,Pan Right
22:03:30.087,26.3,36.4,503,-16.8810,-66.8919,Forward,Stable
22:03:30.126,25.4,36.8,503,-15.9575,-66.6496,Forward,Counter-Clockwise
22:03:30.162,27.6,33.8,503,-14.9586,-66.6367,Up,Pan Right
22:03:30.196,29.4,31.6,503,-14.4877,-67.4952,Forward,Stable
22:03:30.235,25.4,36.7,503,-15.1739,-68.2193,Up,Stable
22:03:30.279,23.2,40.2,503,-16.0777,-68.1381,Backward,Clockwise
22:03:30.321,23.3,39.9,503,-15.2332,-68.0780,Up,Pan Left
22:03:30.361,25.2,36.8,503,-15.3125,-67.3358,Forward,Clockwise
22:03:30.399,26.3,34.2,503,-15.5378,-66.3638,Forward,Stable
22:03:30.444,22.2,42.5,503,-14.5530,-66.3541,Up,Pan Right
22:03:30.492,21.0,44.5,503,-15.2921,-66.8050,Up,Pan Left
22:03:30.533,24.6,37.4,503,-15.2362,-66.4466,Forward,Stable
22:03:30.570,26.7,34.4,503,-14.3872,-65.9973,Up,Pan Left
22:03:30.613,23.3,39.8,503,-13.9086,-65.2774,Right,Tilt Up
22:03:30.659,21.7,39.5,503,-14.4357,-66.0759,Right,Stable
22:03:30.694,28.7,32.0,503,-14.9913,-66.8281,Right,Tilt Down
22:03:30.732,26.1,35.6,503,-14.2054,-66.2979,Forward,Counter-Clockwise
22:03:30.766,29.5,30.8,503,-13.8852,-65.3525,Forward,Clockwise
22:03:30.804,26.7,34.5,503,-13.0578,-64.9494,Forward,Counter-Clockwise
22:03:30.840,27.3,33.4,503,-12.3180,-64.2818,Right,Stable
22:03:30.887,21.4,43.5,503,-11.4551,-63.8297,Right,Stable
22:03:30.927,24.8,37.7,503,-10.5390,-63.4295,Right,Stable
22:03:30.963,27.8,33.1,502,-9.6824,-62.9190,Right,Stable
22:03:31.010,21.5,43.3,501,-8.7816,-62.8167,Right,Stable
22:03:31.053,23.0,40.1,501,-7.9171,-62.3357,Right,Stable
22:03:31.097,23.0,40.5,501,-7.0616,-61.8208,Right,Stable
22:03:31.141,22.7,41.0,501,-6.2080,-61.2998,Right,Stable
22:03:31.180,25.4,36.2,500,-5.2427,-61.0458,Right,Stable
22:03:31.236,17.9,53.2,534,-4.5660,-60.3705,Right,Stable
22:03:31.286,19.8,48.0,534,-3.7604,-59.8188,Right,Stable
22:03:31.322,28.4,32.7,532,-2.9495,-59.2707,Right,Stable
22:03:31.363,24.1,39.3,529,-1.9693,-59.2591,Right,Stable
22:03:31.412,20.4,46.5,523,-1.0071,-59.1849,Right,Stable
22:03:31.450,26.6,34.8,520,-0.2023,-58.5960,Right,Stable
22:03:31.491,24.0,38.3,518,-1.1842,-58.6679,Left,Stable
22:03:31.544,19.1,49.6,513,-0.4837,-58.0206,Right,Stable
22:03:31.588,22.5,42.0,512,-1.4293,-58.3453,Left,Stable
22:03:31.627,25.6,36.0,511,-0.5234,-57.9220,Right,Stable
22:03:31.663,28.1,33.2,511,0.4504,-57.9571,Right,Stable
22:03:31.697,29.1,31.8,511,1.3883,-58.1369,Right,Stable
22:03:31.742,22.6,41.7,511,2.3369,-58.2525,Right,Tilt Down
22:03:31.785,22.9,41.1,511,2.9038,-58.9919,Right,Stable
22:03:31.828,23.5,39.3,511,3.4589,-59.8223,Right,Stable
22:03:31.866,26.2,34.4,511,3.7229,-60.7615,Right,Stable
22:03:31.898,31.4,29.5,511,3.2962,-61.6470,Right,Tilt Up
22:03:31.942,22.5,41.2,511,2.3917,-61.2305,Right,Stable
22:03:31.987,22.5,41.4,510,1.5972,-60.6246,Right,Stable
22:03:32.028,24.4,38.6,509,0.8614,-59.9521,Right,Stable
22:03:32.063,28.6,32.0,508,1.5386,-59.4394,Backward,Stable
22:03:32.101,26.3,35.3,503,2.3796,-59.9491,Left,Stable
22:03:32.144,23.0,40.6,500,3.2628,-60.1282,Left,Stable
22:03:32.184,24.9,37.2,500,2.4334,-59.5767,Right,Pan Right
22:03:32.230,21.7,43.7,545,2.6656,-60.4224,Forward,Stable
22:03:32.273,23.4,40.2,544,3.4999,-60.9738,Left,Stable
22:03:32.324,19.9,47.9,543,3.6746,-61.8107,Forward,Stable
22:03:32.372,20.6,46.2,537,4.6065,-62.1155,Left,Stable
22:03:32.411,25.7,35.9,536,3.7698,-61.5699,Right,Stable
22:03:32.452,24.6,38.0,531,4.6475,-62.0485,Left,Stable
22:03:32.497,22.3,42.3,530,3.8306,-61.4718,Right,Stable
22:03:32.543,21.7,42.8,529,3.5334,-62.1178,Forward,Stable
22:03:32.585,23.9,38.6,528,3.3295,-62.8549,Forward,Stable
22:03:32.622,26.4,34.9,525,3.9905,-62.1489,Backward,Stable
22:03:32.662,25.1,36.7,522,4.1161,-62.9163,Forward,Stable
22:03:32.710,20.9,45.2,522,5.0192,-63.3184,Left,Stable
22:03:32.748,26.6,35.0,522,5.5648,-64.0660,Left,Stable
22:03:32.784,27.4,33.8,519,5.7318,-64.8159,Forward,Stable
22:03:32.821,27.5,33.9,511,6.3944,-65.4434,Left,Stable
22:03:32.865,22.4,41.8,508,6.5911,-66.2389,Forward,Stable
22:03:32.902,27.2,34.5,508,5.6067,-66.0645,Right,Stable
22:03:32.939,27.2,33.5,508,5.2408,-65.4311,Backward,Counter-Clockwise
22:03:32.975,27.9,32.5,508,5.4120,-65.0821,Forward,Stable
22:03:33.007,31.0,29.6,508,5.5359,-65.7146,Left,Tilt Up
22:03:33.044,26.6,34.4,508,6.0975,-66.2974,Forward,Clockwise
22:03:33.089,22.3,41.8,508,6.2232,-65.7028,Backward,Stable
22:03:33.125,28.1,33.2,508,6.3888,-65.0905,Backward,Stable
22:03:33.157,30.9,29.3,508,6.4834,-64.4490,Up,Stable
22:03:33.192,28.7,31.9,508,6.2589,-65.0589,Forward,Stable
22:03:33.239,21.5,43.3,508,5.8228,-65.3380,Forward,Clockwise
22:03:33.280,24.2,38.4,508,5.1726,-65.0524,Backward,Stable
22:03:33.331,19.8,48.8,508,4.4981,-64.5528,Backward,Stable
22:03:33.375,22.5,41.6,508,3.9299,-64.5173,Backward,Stable
22:03:33.414,25.7,36.5,508,3.2095,-64.1597,Backward,Stable
22:03:33.450,28.1,32.4,507,2.4290,-63.7672,Backward,Stable
22:03:33.483,30.1,30.0,507,1.6925,-63.3858,Backward,Stable
22:03:33.519,28.0,32.7,507,1.1079,-63.4706,Backward,Stable
22:03:33.569,19.7,48.0,506,0.3642,-63.2771,Backward,Stable
22:03:33.616,21.6,43.6,506,-0.4026,-63.0488,Backward,Stable
22:03:33.653,26.9,33.5,506,-1.1436,-62.9371,Backward,Stable
22:03:33.691,25.9,36.1,505,-1.2036,-63.7438,Right,Stable
22:03:33.743,19.4,48.2,504,-1.9771,-63.4956,Backward,Stable
22:03:33.785,23.6,38.9,504,-2.7589,-63.2952,Backward,Stable
22:03:33.822,27.4,33.8,504,-3.5493,-63.0951,Backward,Stable
22:03:33.865,23.1,39.8,504,-4.3466,-62.7104,Backward,Stable
22:03:33.903,26.6,35.3,504,-5.2242,-62.3893,Backward,Stable
22:03:33.945,23.6,39.3,504,-6.0236,-62.3751,Backward,Stable
22:03:33.978,30.0,30.4,504,-6.7816,-62.1281,Backward,Stable
22:03:34.023,22.4,41.9,504,-7.3534,-62.3708,Right,Tilt Down
22:03:34.067,22.5,41.6,503,-6.8792,-63.0844,Forward,Stable
22:03:34.101,29.8,31.8,503,-6.4779,-63.8775,Forward,Stable
22:03:34.140,25.5,36.5,503,-5.9797,-63.3730,Up,Pan Left
22:03:34.182,23.7,39.5,503,-6.2497,-62.5255,Forward,Stable
22:03:34.220,26.0,35.7,503,-6.3869,-61.7966,Forward,Counter-Clockwise
22:03:34.260,25.5,36.3,503,-6.7761,-61.0099,Forward,Stable
22:03:34.294,29.2,31.9,503,-7.0418,-60.2657,Forward,Stable
22:03:34.332,26.2,35.9,503,-7.1797,-59.5158,Forward,Counter-Clockwise
22:03:34.366,29.4,30.8,503,-7.0360,-60.2042,Backward,Stable
22:03:34.410,23.1,40.4,503,-6.9428,-59.4218,Forward,Stable
22:03:34.447,27.0,33.4,503,-7.2269,-58.7832,Forward,Stable
22:03:34.480,29.5,31.0,503,-7.3268,-58.1011,Forward,Stable
22:03:34.526,21.7,42.8,503,-7.5606,-57.4889,Forward,Stable
22:03:34.569,23.5,39.5,503,-7.8010,-56.8983,Forward,Stable
22:03:34.607,26.0,34.8,502,-8.1644,-56.3752,Forward,Stable
22:03:34.645,26.4,35.5,502,-8.3600,-55.8460,Forward,Stable
22:03:34.679,29.4,31.3,501,-8.3668,-55.2642,Forward,Stable
22:03:34.719,25.1,37.5,501,-8.2607,-54.6990,Forward,Stable
22:03:34.767,20.9,45.2,500,-8.4153,-54.1717,Forward,Stable
22:03:34.804,26.8,33.6,500,-8.2054,-53.8407,Forward,Stable
22:03:34.839,28.9,32.1,500,-8.6063,-53.3605,Forward,Stable
22:03:34.891,19.3,48.6,608,-8.5034,-53.0420,Forward,Stable
22:03:34.940,20.3,47.6,608,-8.7868,-52.6076,Forward,Stable
22:03:34.983,23.3,39.7,604,-9.2701,-52.1463,Forward,Stable
22:03:35.025,23.9,40.1,602,-9.7022,-51.6944,Forward,Stable
22:03:35.076,19.4,48.1,602,-10.0926,-51.1625,Forward,Stable
22:03:35.112,28.5,32.6,602,-10.3259,-51.1947,Right,Stable
22:03:35.158,21.7,43.5,602,-10.6446,-50.7603,Forward,Stable
22:03:35.198,25.0,37.1,602,-11.1353,-50.2956,Right,Stable
22:03:35.238,25.0,36.6,602,-10.4324,-49.7121,Down,Pan Right
22:03:35.280,23.4,40.2,602,-9.5654,-50.1816,Right,Stable
22:03:35.320,25.3,36.6,602,-9.0492,-49.3817,Backward,Stable
22:03:35.361,24.2,38.7,602,-9.7639,-50.0202,Forward,Stable
22:03:35.409,21.0,44.7,602,-10.3967,-50.5823,Forward,Counter-Clockwise
22:03:35.443,29.4,31.2,602,-9.6820,-51.1237,Forward,Stable
22:03:35.477,29.5,30.9,602,-10.3402,-50.7918,Backward,Stable
22:03:35.512,28.8,31.5,602,-9.5580,-50.6681,Forward,Clockwise
22:03:35.559,21.1,44.6,602,-10.0080,-50.6580,Forward,Stable
22:03:35.604,22.2,42.3,602,-10.3843,-50.8404,Forward,Stable
22:03:35.644,25.1,35.6,602,-10.0029,-50.5827,Backward,Counter-Clockwise
22:03:35.682,26.3,35.6,602,-9.9656,-50.7678,Down,Tilt Down
22:03:35.719,27.1,34.4,602,-10.5117,-50.6083,Down,Stable
22:03:35.763,22.7,40.3,602,-10.5155,-49.6587,Backward,Stable
22:03:35.811,20.6,45.0,602,-10.4832,-48.7249,Backward,Stable
22:03:35.850,25.5,36.4,602,-10.4498,-49.7239,Forward,Stable
22:03:35.888,26.8,34.5,602,-10.6731,-49.5493,Up,Stable
22:03:35.930,23.5,39.8,602,-10.6353,-50.5482,Forward,Stable
22:03:35.976,21.7,43.3,602,-11.0554,-50.3140,Down,Stable
22:03:36.017,24.6,37.2,601,-10.5846,-49.9266,Up,Stable
22:03:36.060,23.1,41.0,600,-11.1563,-50.2503,Down,Stable
22:03:36.114,18.8,50.9,566,-11.6417,-49.4926,Backward,Stable
22:03:36.151,26.4,34.9,559,-11.5941,-50.4009,Forward,Stable
22:03:36.190,25.9,35.2,559,-12.0087,-49.9930,Backward,Stable
22:03:36.226,27.6,32.8,553,-12.2175,-49.2240,Backward,Stable
22:03:36.276,20.1,46.5,550,-12.6056,-49.4377,Down,Tilt Down
22:03:36.327,19.7,47.9,549,-12.1430,-49.2506,Up,Stable
22:03:36.372,22.2,42.2,547,-12.4580,-50.0990,Down,Stable
22:03:36.417,22.1,42.2,546,-12.4683,-51.0540,Forward,Stable
22:03:36.462,22.3,41.8,543,-12.3788,-51.9574,Forward,Stable
22:03:36.505,23.5,41.0,542,-12.3807,-52.8795,Forward,Stable
22:03:36.544,25.4,36.8,542,-12.8510,-53.6852,Right,Tilt Up
22:03:36.581,26.9,34.6,542,-12.0328,-54.2285,Backward,Stable
22:03:36.622,24.2,34.4,542,-12.7533,-54.1665,Forward,Stable
22:03:36.675,19.1,49.7,542,-12.8177,-54.4873,Down,Stable
22:03:36.715,25.0,37.2,542,-12.7547,-54.2811,Up,Stable
22:03:36.752,27.0,34.2,542,-12.5375,-53.9520,Up,Stable
22:03:36.798,21.4,44.2,538,-12.6380,-53.5639,Up,Stable
22:03:36.837,26.3,36.2,536,-12.6922,-53.1587,Up,Stable
22:03:36.878,24.2,38.0,535,-13.1249,-52.8114,Up,Stable
22:03:36.916,25.9,36.2,535,-13.2782,-52.4858,Up,Stable
22:03:36.961,22.6,41.6,534,-13.5854,-52.1990,Up,Stable
22:03:37.009,20.8,45.0,534,-13.9593,-51.9014,Up,Stable
22:03:37.059,19.9,47.0,533,-14.8384,-52.0783,Forward,Stable
22:03:37.099,25.3,36.7,532,-13.8413,-52.0813,Backward,Stable
22:03:37.146,21.2,43.2,531,-12.8447,-52.1529,Backward,Stable
22:03:37.182,27.3,33.9,529,-13.7972,-51.8484,Forward,Stable
22:03:37.229,21.6,32.8,521,-12.8353,-52.1155,Backward,Stable
22:03:37.266,26.7,34.6,518,-13.7214,-51.7106,Forward,Stable
22:03:37.302,28.1,32.2,516,-14.4195,-51.0083,Forward,Stable
22:03:37.351,20.4,46.6,516,-15.1751,-50.4059,Forward,Stable
22:03:37.393,23.9,40.1,513,-16.0124,-49.9153,Forward,Stable
22:03:37.431,26.2,35.7,507,-15.2020,-50.4084,Backward,Stable
22:03:37.464,29.7,31.2,501,-14.6743,-49.6692,Left,Stable
22:03:37.505,24.8,37.5,501,-15.6510,-49.6578,Forward,Stable
22:03:37.548,23.0,40.8,500,-15.2252,-48.9113,Left,Stable
22:03:37.592,22.8,41.4,593,-14.3923,-49.2936,Backward,Stable
22:03:37.631,25.7,36.0,591,-15.2350,-48.8480,Forward,Stable
22:03:37.670,25.8,36.2,591,-15.2532,-49.7192,Right,Tilt Down
22:03:37.707,27.1,34.5,589,-15.2119,-49.3754,Forward,Stable
22:03:37.748,23.9,38.5,589,-14.6795,-48.5632,Right,Stable
22:03:37.788,25.5,37.4,589,-14.6957,-48.5216,Forward,Stable
22:03:37.824,27.4,33.0,589,-14.1399,-47.7334,Right,Tilt Up
22:03:37.868,22.7,40.9,588,-14.0662,-47.5374,Forward,Stable
22:03:37.913,22.1,41.8,587,-14.1239,-47.0657,Forward,Stable
22:03:37.956,23.7,38.5,585,-14.0257,-46.8347,Forward,Stable
22:03:37.993,26.5,35.0,584,-13.6229,-45.9246,Left,Stable
22:03:38.031,26.9,34.6,584,-13.5497,-45.4745,Backward,Stable
22:03:38.081,19.9,47.2,582,-13.6576,-44.4937,Left,Stable
22:03:38.125,22.8,41.2,582,-13.5625,-44.0993,Backward,Stable
22:03:38.163,26.1,35.7,582,-13.4867,-44.1669,Forward,Stable
22:03:38.198,28.2,32.9,582,-13.3952,-43.3210,Left,Stable
22:03:38.234,28.0,32.3,577,-13.3839,-42.9314,Backward,Stable
22:03:38.279,22.2,42.5,577,-13.4118,-42.9347,Forward,Stable
22:03:38.321,24.1,38.4,577,-12.9433,-42.2829,Up,Stable
22:03:38.357,27.6,33.3,577,-12.9666,-42.2164,Forward,Stable
22:03:38.398,24.4,38.7,576,-12.3271,-41.4509,Up,Pan Right
22:03:38.444,21.9,42.6,575,-12.3688,-42.1720,Up,Pan Left
22:03:38.484,24.8,36.7,575,-12.3695,-43.1045,Right,Tilt Down
22:03:38.524,24.7,38.0,575,-12.0102,-42.2156,Right,Tilt Up
22:03:38.564,25.1,37.2,575,-11.9689,-42.5416,Forward,Stable
22:03:38.597,30.0,30.9,575,-12.0114,-43.0889,Forward,Stable
22:03:38.633,28.0,33.1,575,-11.8916,-44.0777,Right,Stable
22:03:38.676,23.2,39.4,575,-12.0225,-45.0126,Right,Tilt Up
22:03:38.721,22.3,41.8,575,-12.1278,-44.0489,Right,Stable
22:03:38.760,25.8,35.8,572,-12.6686,-43.2374,Right,Stable
22:03:38.798,26.2,35.7,572,-13.4204,-42.7137,Backward,Stable
22:03:38.833,28.9,31.5,572,-12.6956,-42.3453,Forward,Stable
22:03:38.876,23.0,39.8,572,-12.6274,-41.3802,Right,Stable
22:03:38.926,20.1,47.9,571,-12.2731,-42.3004,Left,Stable
22:03:38.969,22.9,40.8,569,-13.1057,-42.4594,Backward,Stable
22:03:39.007,26.3,35.9,565,-13.9853,-42.1647,Backward,Stable
22:03:39.054,21.5,43.3,565,-14.7383,-42.2368,Backward,Stable
22:03:39.102,20.9,45.1,565,-15.0058,-41.2796,Right,Stable
22:03:39.140,25.8,37.1,564,-14.2219,-40.7625,Forward,Stable
22:03:39.185,22.4,41.1,564,-14.3559,-39.8011,Right,Stable
22:03:39.223,26.3,35.9,564,-14.1074,-38.8895,Right,Stable
22:03:39.260,27.2,35.1,564,-14.8945,-38.8796,Backward,Stable
22:03:39.300,24.7,38.5,563,-15.7636,-38.8728,Backward,Stable
22:03:39.345,22.6,41.8,563,-16.6062,-38.8660,Backward,Stable
22:03:39.390,22.2,43.1,563,-16.0962,-39.5229,Up,Stable
22:03:39.436,21.4,44.5,563,-16.0511,-38.5442,Right,Tilt Down
22:03:39.471,29.1,32.7,563,-16.7372,-37.8178,Left,Stable
22:03:39.512,24.3,38.5,563,-15.9414,-38.3782,Right,Stable
22:03:39.555,23.1,41.2,563,-15.2854,-39.1322,Right,Stable
22:03:39.591,28.1,33.1,563,-15.8407,-38.3021,Left,Stable
22:03:39.640,20.4,46.2,563,-15.2448,-37.8345,Forward,Stable
22:03:39.683,23.0,41.8,563,-15.9513,-37.8226,Backward,Stable
22:03:39.723,25.0,37.5,563,-15.5412,-37.0705,Forward,Stable
22:03:39.762,26.1,36.6,563,-15.0352,-36.3575,Forward,Stable
22:03:39.806,22.4,41.4,561,-15.5927,-35.5282,Left,Stable
22:03:39.848,24.0,39.0,561,-15.0041,-36.3343,Right,Stable
22:03:39.890,23.5,39.8,561,-15.7982,-36.3999,Backward,Stable
